{
  "1": 9.826778411865234,
  "2": 5.015760660171509,
  "3": 5.046149969100952,
  "4": 5.272674083709717,
  "5": 5.155195236206055,
  "6": 5.5805463790893555,
  "7": 5.6302430629730225,
  "8": 0.4328005313873291,
  "9": 5.6676554679870605,
  "10": 5.741703033447266,
  "11": 5.627243757247925,
  "12": 5.56817889213562,
  "13": 5.670803785324097,
  "14": 5.653316020965576,
  "15": 5.679456472396851,
  "16": 5.704892873764038,
  "17": 5.732593297958374,
  "18": 5.618384838104248,
  "19": 5.084348678588867,
  "20": 5.01694393157959,
  "21": 4.97781229019165,
  "22": 5.058077573776245,
  "23": 4.968473196029663,
  "24": 5.0426506996154785,
  "25": 5.007931709289551,
  "26": 5.018468618392944,
  "27": 5.009869337081909,
  "28": 5.0037665367126465,
  "29": 5.026808023452759,
  "30": 5.039757490158081,
  "31": 5.00464653968811,
  "32": 5.0496861934661865,
  "33": 4.986445903778076,
  "34": 5.051368951797485,
  "35": 4.978858232498169,
  "36": 5.07207179069519,
  "37": 4.9951558113098145,
  "38": 5.045157194137573,
  "39": 5.0149102210998535,
  "40": 5.112501621246338,
  "41": 5.624690771102905,
  "42": 5.624881744384766,
  "43": 5.661534786224365,
  "44": 5.700888633728027,
  "45": 5.661498546600342,
  "46": 5.640380144119263,
  "47": 5.668026447296143,
  "48": 5.6844704151153564,
  "49": 5.663088798522949,
  "50": 5.677652835845947,
  "51": 5.671077251434326,
  "52": 5.626990795135498,
  "53": 5.041571855545044,
  "54": 5.102550268173218,
  "55": 5.049070119857788,
  "56": 5.046241283416748,
  "57": 5.0826897621154785,
  "58": 5.0566394329071045,
  "59": 5.094980478286743,
  "60": 5.07247519493103,
  "61": 5.031346797943115,
  "62": 5.035758972167969,
  "63": 5.023398160934448,
  "64": 5.076456546783447,
  "65": 5.021651983261108,
  "66": 4.973285913467407,
  "67": 5.030491590499878,
  "68": 5.036756992340088,
  "69": 5.022826433181763,
  "70": 5.00657057762146,
  "71": 4.984036445617676,
  "72": 4.995668888092041,
  "73": 5.540068626403809,
  "74": 5.592292547225952,
  "75": 5.672056436538696,
  "76": 5.68477725982666,
  "77": 5.830023288726807,
  "78": 5.7958292961120605,
  "79": 5.766461610794067,
  "80": 5.919814825057983,
  "81": 5.823171854019165,
  "82": 5.928210735321045,
  "83": 5.988409996032715,
  "84": 5.793346405029297,
  "85": 4.991836786270142,
  "86": 5.135056018829346,
  "87": 4.984957456588745,
  "88": 4.986009836196899,
  "89": 5.018643140792847,
  "90": 5.027844429016113,
  "91": 4.995906591415405,
  "92": 4.995740652084351,
  "93": 4.9796857833862305,
  "94": 5.033115863800049,
  "95": 5.054686784744263,
  "96": 4.956403732299805,
  "97": 4.995461940765381,
  "98": 5.005306005477905,
  "99": 5.011923789978027,
  "100": 5.0096659660339355,
  "101": 5.0468199253082275,
  "102": 5.044787645339966,
  "103": 5.0226616859436035,
  "104": 5.031029224395752,
  "105": 5.081916809082031,
  "106": 5.234940767288208,
  "107": 5.701325416564941,
  "108": 5.748446464538574,
  "109": 5.680251359939575,
  "110": 5.893323659896851,
  "111": 5.760221719741821,
  "112": 5.687089920043945,
  "113": 5.683329820632935,
  "114": 5.682081937789917,
  "115": 5.650375843048096,
  "116": 5.67600679397583,
  "117": 5.695722579956055,
  "118": 5.730403900146484,
  "119": 5.043494462966919,
  "120": 5.091400384902954,
  "121": 5.022879600524902,
  "122": 5.037523984909058,
  "123": 5.004714012145996,
  "124": 4.995777368545532,
  "125": 5.04359769821167,
  "126": 4.979743003845215,
  "127": 4.999966859817505,
  "128": 5.030803918838501,
  "129": 4.982818126678467,
  "130": 4.977806568145752,
  "131": 4.9997875690460205,
  "132": 5.026439905166626,
  "133": 5.03891921043396,
  "134": 4.998446226119995,
  "135": 4.9921042919158936,
  "136": 4.956943511962891,
  "137": 4.9749603271484375,
  "138": 4.980377674102783,
  "139": 5.036286115646362,
  "140": 5.05871319770813,
  "141": 5.714451313018799,
  "142": 5.68372368812561,
  "143": 5.880898475646973,
  "144": 5.738019943237305,
  "145": 5.7113871574401855,
  "146": 5.732112407684326,
  "147": 5.764261722564697,
  "148": 5.7868812084198,
  "149": 5.818718194961548,
  "150": 5.77629280090332,
  "151": 5.724471569061279,
  "152": 5.791980743408203,
  "153": 5.281008005142212,
  "154": 5.053980588912964,
  "155": 5.013199806213379,
  "156": 4.97766375541687,
  "157": 5.015028715133667,
  "158": 4.952756881713867,
  "159": 5.007573366165161,
  "160": 5.018399477005005,
  "161": 4.982283115386963,
  "162": 5.039832592010498,
  "163": 4.994965553283691,
  "164": 4.994433641433716,
  "165": 4.988036632537842,
  "166": 5.024343729019165,
  "167": 5.014065504074097,
  "168": 4.987427234649658,
  "169": 5.00032901763916,
  "170": 5.009120941162109,
  "171": 4.97326397895813,
  "172": 5.0326173305511475,
  "173": 5.004521369934082,
  "174": 5.087422609329224,
  "175": 5.731672048568726,
  "176": 5.695171117782593,
  "177": 5.633446455001831,
  "178": 5.636564493179321,
  "179": 5.6680519580841064,
  "180": 5.769473075866699,
  "181": 5.6037211418151855,
  "182": 5.605957746505737,
  "183": 5.589318752288818,
  "184": 5.634275197982788,
  "185": 5.662060737609863,
  "186": 5.656344175338745,
  "187": 5.185214281082153,
  "188": 5.084571838378906,
  "189": 5.005022287368774,
  "190": 4.986506223678589,
  "191": 4.967490196228027,
  "192": 4.992508172988892,
  "193": 5.089301109313965,
  "194": 4.975316286087036,
  "195": 5.017411947250366,
  "196": 4.9827094078063965,
  "197": 4.983595609664917,
  "198": 4.967918157577515,
  "199": 4.965453147888184,
  "200": 5.0025904178619385,
  "201": 5.005064249038696,
  "202": 5.021064281463623,
  "203": 5.039155006408691,
  "204": 5.049644231796265,
  "205": 5.016493082046509,
  "206": 5.005021572113037,
  "207": 5.006474018096924,
  "208": 4.990020036697388,
  "209": 5.487459421157837,
  "210": 5.566918611526489,
  "211": 5.652185916900635,
  "212": 5.702816486358643,
  "213": 5.693715810775757,
  "214": 5.728677034378052,
  "215": 5.68512487411499,
  "216": 5.670354843139648,
  "217": 5.674781322479248,
  "218": 5.659912109375,
  "219": 5.671873331069946,
  "220": 5.715780735015869,
  "221": 5.071273326873779,
  "222": 5.0549585819244385,
  "223": 5.013599395751953,
  "224": 5.069173097610474,
  "225": 5.086498737335205,
  "226": 5.051255226135254,
  "227": 5.029942989349365,
  "228": 5.021769285202026,
  "229": 5.064016342163086,
  "230": 5.05336856842041,
  "231": 5.083557367324829,
  "232": 5.068079710006714,
  "233": 5.156888484954834,
  "234": 5.1177990436553955,
  "235": 5.030107021331787,
  "236": 4.994237422943115,
  "237": 4.998833656311035,
  "238": 4.965869188308716,
  "239": 4.978487491607666,
  "240": 5.02241849899292,
  "241": 5.01377534866333,
  "242": 4.989226341247559,
  "243": 5.45112681388855,
  "244": 5.688730478286743,
  "245": 5.701995372772217,
  "246": 5.7418763637542725,
  "247": 5.739530563354492,
  "248": 5.728015184402466,
  "249": 5.723804473876953,
  "250": 5.6968700885772705,
  "251": 5.682592153549194,
  "252": 5.700669527053833,
  "253": 5.72685980796814,
  "254": 5.793365001678467,
  "255": 5.40624737739563,
  "256": 5.073472261428833,
  "257": 5.097167730331421,
  "258": 4.99091100692749,
  "259": 5.0273754596710205,
  "260": 5.023510694503784,
  "261": 4.994600772857666,
  "262": 4.982238054275513,
  "263": 5.000336408615112,
  "264": 5.004694938659668,
  "265": 4.99127459526062,
  "266": 5.035033941268921,
  "267": 4.971740007400513,
  "268": 5.042389631271362,
  "269": 4.989774465560913,
  "270": 5.135464191436768,
  "271": 5.027252912521362,
  "272": 5.08514404296875,
  "273": 5.032141923904419,
  "274": 5.026284217834473,
  "275": 5.033665657043457,
  "276": 5.082167148590088,
  "277": 5.136344909667969,
  "278": 5.71012806892395,
  "279": 5.57593560218811,
  "280": 5.598264217376709,
  "281": 5.665595054626465,
  "282": 5.60163426399231,
  "283": 5.630638837814331,
  "284": 5.622809648513794,
  "285": 5.601217746734619,
  "286": 5.7012622356414795,
  "287": 5.722629547119141,
  "288": 5.6629674434661865,
  "289": 5.637563943862915,