{
  "1": 7.027602434158325,
  "2": 4.340779542922974,
  "3": 4.546890020370483,
  "4": 4.328290939331055,
  "5": 4.3390052318573,
  "6": 4.349276065826416,
  "7": 4.667462110519409,
  "8": 4.404978275299072,
  "9": 4.427042007446289,
  "10": 4.705192804336548,
  "11": 4.411527156829834,
  "12": 4.364054918289185,
  "13": 4.412092924118042,
  "14": 4.5187461376190186,
  "15": 4.350625038146973,
  "16": 4.6267149448394775,
  "17": 4.6891374588012695,
  "18": 4.53096604347229,
  "19": 4.352938413619995,
  "20": 4.3841657638549805,
  "21": 4.408313751220703,
  "22": 4.681395530700684,
  "23": 4.399887800216675,
  "24": 4.619361400604248,
  "25": 4.434711456298828,
  "26": 4.594777345657349,
  "27": 4.535041093826294,
  "28": 4.4437525272369385,
  "29": 4.617493629455566,
  "30": 4.424290418624878,
  "31": 4.381686210632324,
  "32": 4.577898025512695,
  "33": 4.381296157836914,
  "34": 4.5258400440216064,
  "35": 4.332509756088257,
  "36": 4.686994314193726,
  "37": 4.397258996963501,
  "38": 4.413855791091919,
  "39": 4.352224826812744,
  "40": 4.389725685119629,
  "41": 4.601512670516968,
  "42": 4.447406768798828,
  "43": 4.335304498672485,
  "44": 4.517257213592529,
  "45": 4.35684061050415,
  "46": 4.398826360702515,
  "47": 4.563638687133789,
  "48": 4.443660259246826,
  "49": 4.399824380874634,
  "50": 4.4051854610443115,
  "51": 4.396991729736328,
  "52": 4.352254867553711,
  "53": 4.608823776245117,
  "54": 4.517024993896484,
  "55": 4.43349289894104,
  "56": 4.514256715774536,
  "57": 4.521424055099487,
  "58": 4.386559009552002,
  "59": 4.679548263549805,
  "60": 4.352050304412842,
  "61": 4.343851327896118,
  "62": 4.513875961303711,
  "63": 4.580647945404053,
  "64": 4.671347379684448,
  "65": 4.5165300369262695,
  "66": 4.35056471824646,
  "67": 4.433274984359741,
  "68": 4.571819305419922,
  "69": 4.436591386795044,
  "70": 4.393446922302246,
  "71": 4.321298360824585,
  "72": 4.357400417327881,
  "73": 4.339378118515015,
  "74": 4.354916095733643,
  "75": 4.530441761016846,
  "76": 4.391746282577515,
  "77": 4.534025430679321,
  "78": 4.384904384613037,
  "79": 4.6707000732421875,
  "80": 4.411752939224243,
  "81": 4.40799880027771,
  "82": 4.665703296661377,
  "83": 4.722416877746582,
  "84": 4.339056015014648,
  "85": 4.357627630233765,
  "86": 4.378227233886719,
  "87": 4.352286338806152,
  "88": 4.346638202667236,
  "89": 4.53771448135376,
  "90": 4.525905609130859,
  "91": 4.5238566398620605,
  "92": 4.529140472412109,
  "93": 4.343514442443848,
  "94": 4.584201097488403,
  "95": 4.69680380821228,
  "96": 4.323940753936768,
  "97": 4.351625919342041,
  "98": 4.432039260864258,
  "99": 4.384379863739014,
  "100": 4.369909286499023,
  "101": 4.38380241394043,
  "102": 4.380069255828857,
  "103": 4.424250602722168,
  "104": 4.421952962875366,
  "105": 4.538046360015869,
  "106": 4.660237789154053,
  "107": 4.43799614906311,
  "108": 4.757604122161865,
  "109": 4.339289903640747,
  "110": 4.323087453842163,
  "111": 4.327632665634155,
  "112": 4.429227352142334,
  "113": 4.387468099594116,
  "114": 4.492992877960205,
  "115": 4.355773687362671,
  "116": 4.515023708343506,
  "117": 4.351662635803223,
  "118": 4.72998833656311,
  "119": 4.379626750946045,
  "120": 4.397020578384399,
  "121": 4.508347749710083,
  "122": 4.594860315322876,
  "123": 4.4284820556640625,
  "124": 4.522701740264893,
  "125": 4.526538133621216,
  "126": 4.289510011672974,
  "127": 4.391210317611694,
  "128": 4.51177453994751,
  "129": 4.337836503982544,
  "130": 4.274482011795044,
  "131": 4.39198112487793,
  "132": 4.516107559204102,
  "133": 4.513280153274536,
  "134": 4.353762626647949,
  "135": 4.346262454986572,
  "136": 4.276397943496704,
  "137": 4.319177627563477,
  "138": 4.354273319244385,
  "139": 4.678808927536011,
  "140": 4.410501480102539,
  "141": 4.510535001754761,
  "142": 4.263929605484009,
  "143": 4.536840200424194,
  "144": 4.329354763031006,
  "145": 4.277453899383545,
  "146": 4.404349088668823,
  "147": 4.514780044555664,
  "148": 4.516758918762207,
  "149": 4.331372499465942,
  "150": 4.508299112319946,
  "151": 4.35057806968689,
  "152": 4.436956405639648,
  "153": 4.61278223991394,
  "154": 4.4156653881073,
  "155": 4.505886554718018,
  "156": 4.3769755363464355,
  "157": 4.525794506072998,
  "158": 4.279438495635986,
  "159": 4.432665586471558,
  "160": 4.3408191204071045,
  "161": 4.508542537689209,
  "162": 4.671988487243652,
  "163": 4.402949094772339,
  "164": 4.373252868652344,
  "165": 4.3518617153167725,
  "166": 4.419384241104126,
  "167": 4.432493448257446,
  "168": 4.341089487075806,
  "169": 4.436482667922974,
  "170": 4.345233201980591,
  "171": 4.346210956573486,
  "172": 4.685023069381714,
  "173": 4.384906530380249,
  "174": 4.615996599197388,
  "175": 4.611376762390137,
  "176": 4.509625673294067,
  "177": 4.513116359710693,
  "178": 4.4092535972595215,
  "179": 4.3469202518463135,
  "180": 4.67890477180481,
  "181": 4.325219631195068,
  "182": 4.378673076629639,
  "183": 4.270060777664185,
  "184": 4.321752071380615,
  "185": 4.345078706741333,
  "186": 4.436438322067261,
  "187": 4.349156141281128,
  "188": 4.438480615615845,
  "189": 4.357226610183716,
  "190": 4.433999300003052,
  "191": 4.340053081512451,
  "192": 4.402044057846069,
  "193": 4.749607086181641,
  "194": 4.328179121017456,
  "195": 4.620633602142334,
  "196": 4.344723224639893,
  "197": 4.442883014678955,
  "198": 4.389623403549194,
  "199": 4.384562969207764,
  "200": 4.375990152359009,
  "201": 4.281286239624023,
  "202": 4.424222946166992,
  "203": 4.359847784042358,
  "204": 4.581756830215454,
  "205": 4.4271605014801025,
  "206": 4.359275579452515,
  "207": 4.519172191619873,
  "208": 4.519648551940918,
  "209": 4.344485521316528,
  "210": 4.35916543006897,
  "211": 4.398944854736328,
  "212": 4.342148303985596,
  "213": 4.351499795913696,
  "214": 4.52066445350647,
  "215": 4.410161256790161,
  "216": 4.389045715332031,
  "217": 4.374549865722656,
  "218": 4.327633380889893,
  "219": 4.275690793991089,
  "220": 4.603821754455566,
  "221": 4.4428980350494385,
  "222": 4.3357460498809814,
  "223": 4.509369611740112,
  "224": 4.5155253410339355,
  "225": 4.61728572845459,
  "226": 4.5314531326293945,
  "227": 4.516438245773315,
  "228": 4.524653196334839,
  "229": 4.277703046798706,
  "230": 4.394957780838013,
  "231": 4.429772138595581,
  "232": 4.35731053352356,
  "233": 4.747512578964233,
  "234": 4.624488115310669,
  "235": 4.519805908203125,
  "236": 4.351266384124756,
  "237": 4.385831356048584,
  "238": 4.34090518951416,
  "239": 4.357280969619751,
  "240": 4.513399600982666,
  "241": 4.521425724029541,
  "242": 4.424473762512207,
  "243": 4.436673164367676,
  "244": 4.321792125701904,
  "245": 4.383548021316528,
  "246": 4.5506720542907715,
  "247": 4.51779317855835,
  "248": 4.414909362792969,
  "249": 4.408227920532227,
  "250": 4.525756359100342,
  "251": 4.340868949890137,
  "252": 4.42566990852356,
  "253": 4.4466071128845215,
  "254": 4.705781936645508,
  "255": 4.448333740234375,
  "256": 4.354730606079102,
  "257": 4.443021774291992,
  "258": 4.431077718734741,
  "259": 4.611123561859131,
  "260": 4.360318899154663,
  "261": 4.446602821350098,
  "262": 4.40292763710022,
  "263": 4.525217771530151,
  "264": 4.530773878097534,
  "265": 4.349762678146362,
  "266": 4.523998260498047,
  "267": 4.338168621063232,
  "268": 4.369740724563599,
  "269": 4.28207802772522,
  "270": 4.543383836746216,
  "271": 4.6784608364105225,
  "272": 4.532524824142456,
  "273": 4.540263891220093,
  "274": 4.396347761154175,
  "275": 4.519243478775024,
  "276": 4.590836763381958,
  "277": 4.389498710632324,
  "278": 4.515333652496338,
  "279": 4.393113374710083,
  "280": 4.609522581100464,
  "281": 4.442012548446655,
  "282": 4.438178062438965,
  "283": 4.351344347000122,
  "284": 4.3379528522491455,
  "285": 4.356715679168701,
  "286": 4.399912595748901,
  "287": 4.552446365356445,
  "288": 4.277659177780151,
  "289": 4.51846170425415,