{
  "1": 5.961544990539551,
  "2": 5.3123016357421875,
  "3": 5.3145692348480225,
  "4": 5.31295108795166,
  "5": 5.299818277359009,
  "6": 5.3347008228302,
  "7": 5.3277459144592285,
  "8": 5.3211894035339355,
  "9": 5.320970296859741,
  "10": 5.473150253295898,
  "11": 5.321493625640869,
  "12": 5.299984455108643,
  "13": 5.322731018066406,
  "14": 5.38772177696228,
  "15": 5.294858455657959,
  "16": 5.41058611869812,
  "17": 5.468966007232666,
  "18": 5.402961254119873,
  "19": 5.303466081619263,
  "20": 5.3275957107543945,
  "21": 5.3228700160980225,
  "22": 5.4660704135894775,
  "23": 5.324742317199707,
  "24": 5.424893617630005,
  "25": 5.277064561843872,
  "26": 5.426210880279541,
  "27": 5.390827894210815,
  "28": 5.3336498737335205,
  "29": 5.430046796798706,
  "30": 5.3306896686553955,
  "31": 5.31822657585144,
  "32": 0.5491898059844971,
  "33": 5.324714660644531,
  "34": 5.381771564483643,
  "35": 5.291745901107788,
  "36": 5.458982706069946,
  "37": 5.321204423904419,
  "38": 5.3397369384765625,
  "39": 0.5089645385742188,
  "40": 0.5644338130950928,
  "41": 5.419617652893066,
  "42": 5.327964544296265,
  "43": 5.298711776733398,
  "44": 5.40641188621521,
  "45": 5.313762187957764,
  "46": 5.316072702407837,
  "47": 5.411143779754639,
  "48": 5.32547664642334,
  "49": 5.324504613876343,
  "50": 5.322475910186768,
  "51": 5.320653438568115,
  "52": 5.297826766967773,
  "53": 5.425893068313599,
  "54": 5.399052619934082,
  "55": 5.3323352336883545,
  "56": 5.376020193099976,
  "57": 5.406777381896973,
  "58": 5.326431035995483,
  "59": 5.4798197746276855,
  "60": 5.3019397258758545,
  "61": 5.302833557128906,
  "62": 5.393192291259766,
  "63": 5.432815313339233,
  "64": 5.476162672042847,
  "65": 5.401891708374023,
  "66": 5.31370997428894,
  "67": 5.327381610870361,
  "68": 5.385671377182007,
  "69": 5.337051630020142,
  "70": 5.324273109436035,
  "71": 5.307759523391724,
  "72": 5.354137659072876,
  "73": 5.321403741836548,
  "74": 5.317347288131714,
  "75": 5.453234672546387,
  "76": 5.33585000038147,
  "77": 5.4229936599731445,
  "78": 5.347181558609009,
  "79": 5.481835842132568,
  "80": 5.322843551635742,
  "81": 5.317636013031006,
  "82": 5.4722208976745605,
  "83": 5.471393585205078,
  "84": 0.5829715728759766,
  "85": 5.294025421142578,
  "86": 5.328741788864136,
  "87": 5.287539720535278,
  "88": 5.30279541015625,
  "89": 5.375858306884766,
  "90": 5.37392783164978,
  "91": 5.380877256393433,
  "92": 5.408910036087036,
  "93": 5.299089670181274,
  "94": 5.410562515258789,
  "95": 5.470114707946777,
  "96": 5.295294761657715,
  "97": 5.297591209411621,
  "98": 5.313854217529297,
  "99": 5.319570541381836,
  "100": 5.316316604614258,
  "101": 5.311972379684448,
  "102": 5.312366247177124,
  "103": 5.331751823425293,
  "104": 5.321234941482544,
  "105": 5.381535053253174,
  "106": 5.463654279708862,
  "107": 5.321995973587036,
  "108": 5.518284559249878,
  "109": 5.295804738998413,
  "110": 5.29908013343811,
  "111": 5.297282457351685,
  "112": 5.330214023590088,
  "113": 5.329523086547852,
  "114": 1.4574902057647705,
  "115": 5.3000876903533936,
  "116": 5.42200493812561,
  "117": 5.319798946380615,
  "118": 5.482910871505737,
  "119": 5.343618392944336,
  "120": 5.35341477394104,
  "121": 5.395570993423462,
  "122": 5.430500745773315,
  "123": 5.327792644500732,
  "124": 5.442574739456177,
  "125": 5.4101338386535645,
  "126": 5.263742446899414,
  "127": 5.319030523300171,
  "128": 5.374011278152466,
  "129": 5.315896987915039,
  "130": 5.268884897232056,
  "131": 5.330094814300537,
  "132": 5.425983667373657,
  "133": 5.406650066375732,
  "134": 5.309915065765381,
  "135": 5.304142713546753,
  "136": 5.269262075424194,
  "137": 0.7355742454528809,
  "138": 5.31248927116394,
  "139": 5.478400945663452,
  "140": 5.326328277587891,
  "141": 5.392787456512451,
  "142": 5.255972146987915,
  "143": 5.3953046798706055,
  "144": 5.283254146575928,
  "145": 0.7380485534667969,
  "146": 5.3242011070251465,
  "147": 5.371361255645752,
  "148": 5.397806406021118,
  "149": 5.324474811553955,
  "150": 5.404071569442749,
  "151": 5.324317216873169,
  "152": 5.346274375915527,
  "153": 5.429937124252319,
  "154": 5.328288793563843,
  "155": 5.404006481170654,
  "156": 0.6035106182098389,
  "157": 5.401649713516235,
  "158": 0.5836567878723145,
  "159": 5.3499956130981445,
  "160": 5.303834438323975,
  "161": 5.389508008956909,
  "162": 5.478520154953003,
  "163": 5.329625606536865,
  "164": 5.3281638622283936,
  "165": 5.30061674118042,
  "166": 5.317452907562256,
  "167": 5.321507215499878,
  "168": 5.303724527359009,
  "169": 5.326272964477539,
  "170": 5.30977201461792,
  "171": 5.309186220169067,
  "172": 5.4802961349487305,
  "173": 5.3398354053497314,
  "174": 5.44469141960144,
  "175": 5.4413769245147705,
  "176": 5.409329891204834,
  "177": 5.403242111206055,
  "178": 5.340749740600586,
  "179": 5.315404653549194,
  "180": 5.475963830947876,
  "181": 5.3111279010772705,
  "182": 5.312691688537598,
  "183": 5.266535520553589,
  "184": 5.303684234619141,
  "185": 5.30602765083313,
  "186": 5.321868181228638,
  "187": 5.297446966171265,
  "188": 5.320967674255371,
  "189": 5.309050798416138,
  "190": 5.322413444519043,
  "191": 5.307005405426025,
  "192": 5.317131042480469,
  "193": 0.9566755294799805,
  "194": 5.295079708099365,
  "195": 5.42802357673645,
  "196": 5.305729150772095,
  "197": 5.339937686920166,
  "198": 5.333920240402222,
  "199": 5.330365896224976,
  "200": 5.3264617919921875,
  "201": 5.26349949836731,
  "202": 5.325647830963135,
  "203": 5.305837154388428,
  "204": 5.410933256149292,
  "205": 5.335258483886719,
  "206": 5.322438478469849,
  "207": 5.399567604064941,
  "208": 5.39404821395874,
  "209": 0.5468127727508545,
  "210": 5.327361106872559,
  "211": 5.327787160873413,
  "212": 5.3074352741241455,
  "213": 5.305241346359253,
  "214": 5.3894147872924805,
  "215": 5.326233625411987,
  "216": 0.4498112201690674,
  "217": 5.317821979522705,
  "218": 5.297547817230225,
  "219": 5.2552056312561035,
  "220": 5.428504467010498,
  "221": 5.334030628204346,
  "222": 5.303973913192749,
  "223": 5.402541875839233,
  "224": 5.399661540985107,
  "225": 5.418355703353882,
  "226": 5.268333673477173,
  "227": 5.235276699066162,
  "228": 5.242172479629517,
  "229": 5.182410478591919,
  "230": 5.22167181968689,
  "231": 0.5274066925048828,
  "232": 5.201763153076172,
  "233": 5.432389974594116,
  "234": 5.294677495956421,
  "235": 5.243185997009277,
  "236": 5.193344593048096,
  "237": 5.187744617462158,
  "238": 5.405073881149292,
  "239": 5.333616018295288,
  "240": 5.462095022201538,
  "241": 5.543051481246948,
  "242": 5.366214990615845,
  "243": 5.358333110809326,
  "244": 5.3396384716033936,
  "245": 5.373554706573486,
  "246": 5.46579909324646,
  "247": 5.4336323738098145,
  "248": 5.388304948806763,
  "249": 1.8512885570526123,
  "250": 5.4433159828186035,
  "251": 5.366390228271484,
  "252": 5.35378885269165,
  "253": 5.355226993560791,
  "254": 5.450124025344849,
  "255": 0.4559173583984375,
  "256": 5.224200963973999,
  "257": 5.196785926818848,
  "258": 5.2607996463775635,
  "259": 5.276744842529297,
  "260": 5.207274913787842,
  "261": 5.198782205581665,
  "262": 5.317327499389648,
  "263": 5.395904541015625,
  "264": 5.312398433685303,
  "265": 5.204336166381836,
  "266": 5.303736925125122,
  "267": 5.140843152999878,
  "268": 5.188428163528442,
  "269": 5.156592845916748,
  "270": 5.32784366607666,
  "271": 5.431081533432007,
  "272": 5.326423168182373,
  "273": 5.325200080871582,
  "274": 5.20022988319397,
  "275": 5.38169264793396,
  "276": 5.400947332382202,
  "277": 5.2549238204956055,
  "278": 5.2635838985443115,
  "279": 5.1859331130981445,
  "280": 5.332195520401001,
  "281": 5.232397794723511,
  "282": 5.249160528182983,
  "283": 5.229974746704102,
  "284": 5.186197996139526,
  "285": 5.3241963386535645,
  "286": 5.244383096694946,
  "287": 5.251343011856079,
  "288": 5.209080696105957,