{
  "1": 5.381164312362671,
  "2": 4.733970642089844,
  "3": 4.868689298629761,
  "4": 4.73540735244751,
  "5": 4.765286445617676,
  "6": 4.785022258758545,
  "7": 4.835733413696289,
  "8": 4.847914218902588,
  "9": 4.872220516204834,
  "10": 5.169304609298706,
  "11": 4.894861459732056,
  "12": 4.8151044845581055,
  "13": 4.861876726150513,
  "14": 4.9463536739349365,
  "15": 4.8032896518707275,
  "16": 0.49457526206970215,
  "17": 5.146104097366333,
  "18": 4.976458549499512,
  "19": 4.812330961227417,
  "20": 4.848070859909058,
  "21": 4.8977601528167725,
  "22": 5.129746198654175,
  "23": 4.9272682666778564,
  "24": 5.074324607849121,
  "25": 4.890723943710327,
  "26": 5.052281618118286,
  "27": 5.012567758560181,
  "28": 4.952962398529053,
  "29": 5.07528281211853,
  "30": 4.913175344467163,
  "31": 4.887754440307617,
  "32": 5.010627746582031,
  "33": 4.854769468307495,
  "34": 4.998505353927612,
  "35": 4.7889769077301025,
  "36": 5.182272434234619,
  "37": 4.892844915390015,
  "38": 4.873927116394043,
  "39": 4.831824064254761,
  "40": 4.870588779449463,
  "41": 5.05121374130249,
  "42": 4.905404090881348,
  "43": 4.795789480209351,
  "44": 4.968469619750977,
  "45": 4.840005397796631,
  "46": 4.877124309539795,
  "47": 4.960389852523804,
  "48": 4.92194390296936,
  "49": 4.84700608253479,
  "50": 4.855632781982422,
  "51": 4.856340408325195,
  "52": 4.809786319732666,
  "53": 5.051494121551514,
  "54": 4.935743808746338,
  "55": 4.881699800491333,
  "56": 4.958468437194824,
  "57": 4.958354234695435,
  "58": 4.839470624923706,
  "59": 5.131136655807495,
  "60": 4.802896499633789,
  "61": 4.782274007797241,
  "62": 4.930873155593872,
  "63": 5.013792514801025,
  "64": 5.119908332824707,
  "65": 4.943022012710571,
  "66": 4.795234680175781,
  "67": 4.885581970214844,
  "68": 4.980067729949951,
  "69": 4.887523889541626,
  "70": 4.855475187301636,
  "71": 4.752176284790039,
  "72": 4.812231779098511,
  "73": 4.780811071395874,
  "74": 4.802292346954346,
  "75": 4.97956395149231,
  "76": 4.862330913543701,
  "77": 4.987726211547852,
  "78": 4.833780288696289,
  "79": 5.118386268615723,
  "80": 4.864701747894287,
  "81": 4.866677522659302,
  "82": 5.121413469314575,
  "83": 5.177351951599121,
  "84": 4.7834131717681885,
  "85": 4.812704801559448,
  "86": 4.835530757904053,
  "87": 4.804609060287476,
  "88": 4.794924974441528,
  "89": 4.9952051639556885,
  "90": 4.96914267539978,
  "91": 4.968710899353027,
  "92": 4.979029178619385,
  "93": 4.783785581588745,
  "94": 5.024419784545898,
  "95": 5.162740707397461,
  "96": 4.763441324234009,
  "97": 4.8114869594573975,
  "98": 4.893625497817993,
  "99": 4.8477160930633545,
  "100": 4.840064287185669,
  "101": 4.845248222351074,
  "102": 4.8461596965789795,
  "103": 4.878966569900513,
  "104": 4.881130695343018,
  "105": 5.005703449249268,
  "106": 0.5635738372802734,
  "107": 4.905278444290161,
  "108": 5.251359939575195,
  "109": 4.797003269195557,
  "110": 4.763296842575073,
  "111": 4.776116132736206,
  "112": 4.900313854217529,
  "113": 4.864150285720825,
  "114": 4.894941806793213,
  "115": 4.810258865356445,
  "116": 4.969928503036499,
  "117": 4.8184144496917725,
  "118": 5.161808967590332,
  "119": 4.847511291503906,
  "120": 4.852675199508667,
  "121": 4.970963478088379,
  "122": 5.076826333999634,
  "123": 4.8915886878967285,
  "124": 4.958237648010254,
  "125": 4.977121114730835,
  "126": 4.718062400817871,
  "127": 4.8656089305877686,
  "128": 4.969198226928711,
  "129": 4.799049615859985,
  "130": 4.718885898590088,
  "131": 4.860405921936035,
  "132": 4.954889297485352,
  "133": 4.9517598152160645,
  "134": 4.824953079223633,
  "135": 4.810103416442871,
  "136": 4.725798845291138,
  "137": 4.773278713226318,
  "138": 4.820991516113281,
  "139": 5.139824867248535,
  "140": 4.881417512893677,
  "141": 4.953847885131836,
  "142": 4.70022439956665,
  "143": 5.017913818359375,
  "144": 4.781506299972534,
  "145": 4.711207389831543,
  "146": 4.872198104858398,
  "147": 4.971540927886963,
  "148": 4.979068279266357,
  "149": 4.791229248046875,
  "150": 4.960427522659302,
  "151": 4.827907562255859,
  "152": 4.9054718017578125,
  "153": 0.6419768333435059,
  "154": 4.88513708114624,
  "155": 4.964312791824341,
  "156": 4.849809408187866,
  "157": 4.992262840270996,
  "158": 4.723445653915405,
  "159": 4.904300928115845,
  "160": 4.801339149475098,
  "161": 4.9608588218688965,
  "162": 5.1273229122161865,
  "163": 4.8623046875,
  "164": 4.837320804595947,
  "165": 4.816406011581421,
  "166": 4.880216836929321,
  "167": 4.88930869102478,
  "168": 4.8004584312438965,
  "169": 4.903684854507446,
  "170": 4.806618690490723,
  "171": 4.809758186340332,
  "172": 5.154229402542114,
  "173": 4.859479188919067,
  "174": 5.083522081375122,
  "175": 5.0694756507873535,
  "176": 4.961637496948242,
  "177": 4.966885566711426,
  "178": 0.39133596420288086,
  "179": 4.8212220668792725,
  "180": 5.17251443862915,
  "181": 4.7828593254089355,
  "182": 4.813205718994141,
  "183": 4.680790901184082,
  "184": 4.752468109130859,
  "185": 4.780511140823364,
  "186": 4.8787453174591064,
  "187": 4.808339834213257,
  "188": 4.896988391876221,
  "189": 4.804980278015137,
  "190": 4.890990972518921,
  "191": 4.7870683670043945,
  "192": 4.955434799194336,
  "193": 5.396351099014282,
  "194": 4.765836477279663,
  "195": 5.080852031707764,
  "196": 4.802398920059204,
  "197": 4.896196603775024,
  "198": 4.858070611953735,
  "199": 4.8512725830078125,
  "200": 4.83435320854187,
  "201": 4.708183288574219,
  "202": 4.875694751739502,
  "203": 4.807726860046387,
  "204": 5.051602840423584,
  "205": 4.88627552986145,
  "206": 4.809767246246338,
  "207": 4.951541900634766,
  "208": 4.950544595718384,
  "209": 4.789299249649048,
  "210": 4.816968202590942,
  "211": 4.8567116260528564,
  "212": 4.798633575439453,
  "213": 4.8140480518341064,
  "214": 4.986300230026245,
  "215": 4.883723497390747,
  "216": 4.854562282562256,
  "217": 4.845645189285278,
  "218": 4.774133205413818,
  "219": 4.704660892486572,
  "220": 5.059550523757935,
  "221": 4.9079203605651855,
  "222": 4.782861232757568,
  "223": 4.9492974281311035,
  "224": 4.9471001625061035,
  "225": 5.0803022384643555,
  "226": 4.989527940750122,
  "227": 4.960458755493164,
  "228": 4.968940734863281,
  "229": 4.6960203647613525,
  "230": 4.851151704788208,
  "231": 4.878510475158691,
  "232": 4.818887710571289,
  "233": 5.207594871520996,
  "234": 5.072231769561768,
  "235": 4.942277908325195,
  "236": 4.815118074417114,
  "237": 4.847848415374756,
  "238": 4.795516014099121,
  "239": 4.819156646728516,
  "240": 4.935270071029663,
  "241": 4.973677158355713,
  "242": 4.877081394195557,
  "243": 4.886481761932373,
  "244": 4.739685535430908,
  "245": 4.826760768890381,
  "246": 5.003844976425171,
  "247": 4.9515557289123535,
  "248": 4.861255407333374,
  "249": 4.848655700683594,
  "250": 4.9348368644714355,
  "251": 4.77219033241272,
  "252": 4.8694071769714355,
  "253": 4.875866174697876,
  "254": 5.157942771911621,
  "255": 4.902501821517944,
  "256": 4.792332887649536,
  "257": 4.885004997253418,
  "258": 4.8809075355529785,
  "259": 5.071986675262451,
  "260": 4.795527696609497,
  "261": 4.904638051986694,
  "262": 4.842007637023926,
  "263": 4.96390438079834,
  "264": 4.964693784713745,
  "265": 4.804858446121216,
  "266": 4.96532940864563,
  "267": 4.783815860748291,
  "268": 4.822720527648926,
  "269": 4.701474905014038,
  "270": 5.0062055587768555,
  "271": 5.132814168930054,
  "272": 4.98766016960144,
  "273": 4.99119234085083,
  "274": 4.843850612640381,
  "275": 4.967768430709839,
  "276": 5.028734445571899,
  "277": 4.84848427772522,
  "278": 4.94220495223999,
  "279": 4.839200258255005,
  "280": 5.052919626235962,
  "281": 4.885613679885864,
  "282": 4.8953940868377686,
  "283": 4.797627925872803,
  "284": 4.766422510147095,
  "285": 4.79912805557251,
  "286": 4.847316265106201,
  "287": 5.00025749206543,
  "288": 4.694434642791748,