{
  "1": 8.853459119796753,
  "2": 7.681419610977173,
  "3": 6.630189657211304,
  "4": 7.510263681411743,
  "5": 7.1648030281066895,
  "6": 6.998709440231323,
  "7": 7.18963098526001,
  "8": 5.994706630706787,
  "9": 5.373636245727539,
  "10": 5.945818901062012,
  "11": 5.6364662647247314,
  "12": 5.666712045669556,
  "13": 5.337296009063721,
  "14": 5.469736576080322,
  "15": 5.652377128601074,
  "16": 0.4654350280761719,
  "17": 5.552007436752319,
  "18": 5.61015248298645,
  "19": 5.24213981628418,
  "20": 5.301246643066406,
  "21": 5.295806646347046,
  "22": 5.340547323226929,
  "23": 5.229798316955566,
  "24": 5.278265476226807,
  "25": 5.2624430656433105,
  "26": 5.320040225982666,
  "27": 5.28741979598999,
  "28": 5.2451090812683105,
  "29": 5.2751781940460205,
  "30": 5.219348430633545,
  "31": 4.970698833465576,
  "32": 5.3390514850616455,
  "33": 5.289415121078491,
  "34": 5.386307239532471,
  "35": 5.307596445083618,
  "36": 5.450894594192505,
  "37": 5.307357549667358,
  "38": 5.3342578411102295,
  "39": 5.307427644729614,
  "40": 5.324181318283081,
  "41": 5.391390562057495,
  "42": 5.305841684341431,
  "43": 5.269225597381592,
  "44": 5.342234373092651,
  "45": 5.302003622055054,
  "46": 5.408670663833618,
  "47": 5.35190486907959,
  "48": 5.402197360992432,
  "49": 5.416607618331909,
  "50": 5.3373260498046875,
  "51": 5.367361783981323,
  "52": 5.1823344230651855,
  "53": 5.25977087020874,
  "54": 5.242543697357178,
  "55": 5.237147808074951,
  "56": 5.253091096878052,
  "57": 5.243410110473633,
  "58": 5.229731321334839,
  "59": 5.082451343536377,
  "60": 5.311947822570801,
  "61": 5.349977016448975,
  "62": 5.714860677719116,
  "63": 5.523959159851074,
  "64": 5.449005842208862,
  "65": 5.567251682281494,
  "66": 5.357117176055908,
  "67": 5.253139495849609,
  "68": 5.441109895706177,
  "69": 5.543245553970337,
  "70": 5.538818120956421,
  "71": 5.508511781692505,
  "72": 5.532377243041992,
  "73": 5.533647298812866,
  "74": 5.518484830856323,
  "75": 5.5840113162994385,
  "76": 5.502871751785278,
  "77": 5.638536214828491,
  "78": 5.947117805480957,
  "79": 5.630636215209961,
  "80": 5.469938039779663,
  "81": 5.759117126464844,
  "82": 5.558055877685547,
  "83": 5.610462665557861,
  "84": 5.164782524108887,
  "85": 5.3653788566589355,
  "86": 5.407850742340088,
  "87": 5.357048988342285,
  "88": 5.5161755084991455,
  "89": 6.080750942230225,
  "90": 5.199587106704712,
  "91": 5.325687646865845,
  "92": 5.379610300064087,
  "93": 5.34203577041626,
  "94": 5.523116588592529,
  "95": 5.566535472869873,
  "96": 5.435746669769287,
  "97": 5.4123687744140625,
  "98": 5.41368556022644,
  "99": 5.4189841747283936,
  "100": 5.4755682945251465,
  "101": 5.776301383972168,
  "102": 5.0051939487457275,
  "103": 5.2138447761535645,
  "104": 5.346012592315674,
  "105": 5.420611143112183,
  "106": 5.466454744338989,
  "107": 5.414805173873901,
  "108": 5.5066423416137695,
  "109": 5.273855686187744,
  "110": 5.3558619022369385,
  "111": 5.234174489974976,
  "112": 5.520918369293213,
  "113": 5.87619948387146,
  "114": 5.983854055404663,
  "115": 5.385322093963623,
  "116": 5.4418299198150635,
  "117": 5.417425632476807,
  "118": 5.519208192825317,
  "119": 5.323880672454834,
  "120": 5.343196153640747,
  "121": 5.721230983734131,
  "122": 5.524796724319458,
  "123": 6.0359275341033936,
  "124": 6.002409219741821,
  "125": 5.206344842910767,
  "126": 5.228818416595459,
  "127": 5.624603271484375,
  "128": 5.65990686416626,
  "129": 5.979039669036865,
  "130": 5.541242599487305,
  "131": 5.477353572845459,
  "132": 5.516778230667114,
  "133": 5.535883903503418,
  "134": 5.478322744369507,
  "135": 5.484569549560547,
  "136": 5.586256742477417,
  "137": 5.065706253051758,
  "138": 5.333091497421265,
  "139": 1.6029267311096191,
  "140": 5.664644718170166,
  "141": 5.586340427398682,
  "142": 5.468173027038574,
  "143": 5.7453553676605225,
  "144": 5.484955072402954,
  "145": 5.575819253921509,
  "146": 5.469846725463867,
  "147": 5.809950590133667,
  "148": 6.244449138641357,
  "149": 5.873730659484863,
  "150": 5.652290105819702,
  "151": 5.541332006454468,
  "152": 5.55614709854126,
  "153": 5.62240195274353,
  "154": 5.996006488800049,
  "155": 6.052788734436035,
  "156": 5.56404185295105,
  "157": 5.882041931152344,
  "158": 5.5838236808776855,
  "159": 5.8966758251190186,
  "160": 5.8470139503479,
  "161": 5.558085918426514,
  "162": 5.956175327301025,
  "163": 5.609269142150879,
  "164": 5.160378694534302,
  "165": 5.923807382583618,
  "166": 5.738725900650024,
  "167": 5.43921685218811,
  "168": 5.2699432373046875,
  "169": 5.309911012649536,
  "170": 5.817314147949219,
  "171": 5.989862680435181,
  "172": 5.8779096603393555,
  "173": 5.2134459018707275,
  "174": 5.584127187728882,
  "175": 5.559097051620483,
  "176": 6.201920747756958,
  "177": 6.461275339126587,
  "178": 7.429698467254639,
  "179": 5.6047258377075195,
  "180": 6.519684314727783,
  "181": 6.093473434448242,
  "182": 6.01021409034729,
  "183": 7.036384582519531,
  "184": 5.114513635635376,
  "185": 5.327512502670288,
  "186": 5.743893146514893,
  "187": 5.463904142379761,
  "188": 5.656552314758301,
  "189": 5.522262334823608,
  "190": 5.185333728790283,
  "191": 5.620408773422241,
  "192": 5.456215858459473,
  "193": 7.141303539276123,
  "194": 5.747220039367676,
  "195": 5.9399120807647705,
  "196": 5.223085880279541,
  "197": 5.730984449386597,
  "198": 5.371785402297974,
  "199": 5.657672166824341,
  "200": 5.30042028427124,
  "201": 5.6205902099609375,
  "202": 5.468227863311768,
  "203": 5.356067657470703,
  "204": 5.646207094192505,
  "205": 5.374432563781738,
  "206": 5.813465118408203,
  "207": 6.3560614585876465,
  "208": 6.058047771453857,
  "209": 5.347985744476318,
  "210": 5.6305248737335205,
  "211": 6.013909578323364,
  "212": 5.339899301528931,
  "213": 5.23753023147583,
  "214": 5.708577394485474,
  "215": 5.52858829498291,
  "216": 5.500858306884766,
  "217": 5.820744514465332,
  "218": 5.365653991699219,
  "219": 5.640069961547852,
  "220": 6.0786755084991455,
  "221": 5.777899980545044,
  "222": 5.340746641159058,
  "223": 5.227979898452759,
  "224": 6.739644289016724,
  "225": 5.5501720905303955,
  "226": 5.575701951980591,
  "227": 5.817573308944702,
  "228": 5.779200792312622,
  "229": 5.812378168106079,
  "230": 5.753382444381714,
  "231": 5.389434337615967,
  "232": 5.484463691711426,
  "233": 5.997787714004517,
  "234": 5.562170028686523,
  "235": 5.866460561752319,
  "236": 5.834585189819336,
  "237": 5.758415222167969,
  "238": 5.79133939743042,
  "239": 5.680842399597168,
  "240": 5.615401983261108,
  "241": 5.659073114395142,
  "242": 5.808326959609985,
  "243": 5.5520946979522705,
  "244": 5.832004070281982,
  "245": 5.939383268356323,
  "246": 5.751137733459473,
  "247": 5.59184718132019,
  "248": 5.908742904663086,
  "249": 6.652008533477783,
  "250": 5.533037424087524,
  "251": 5.774606943130493,
  "252": 6.03625750541687,
  "253": 5.5192711353302,
  "254": 6.106927394866943,
  "255": 5.567397356033325,
  "256": 5.861499786376953,
  "257": 5.759744644165039,
  "258": 5.27249002456665,
  "259": 5.307108163833618,
  "260": 5.2761945724487305,
  "261": 7.169975996017456,
  "262": 6.350831747055054,
  "263": 5.546325445175171,
  "264": 5.596769571304321,
  "265": 5.500174522399902,
  "266": 5.635284185409546,
  "267": 5.469693183898926,
  "268": 5.659366846084595,
  "269": 5.659043550491333,
  "270": 5.8184380531311035,
  "271": 5.321565628051758,
  "272": 5.548273086547852,
  "273": 5.65277624130249,
  "274": 5.717836141586304,
  "275": 6.857203960418701,
  "276": 5.833482265472412,
  "277": 5.634459972381592,
  "278": 6.953554391860962,
  "279": 5.120316505432129,
  "280": 5.860311031341553,
  "281": 5.913496732711792,
  "282": 5.52891731262207,
  "283": 5.069349765777588,
  "284": 6.000322103500366,
  "285": 6.627434015274048,
  "286": 5.539870023727417,
  "287": 5.61073637008667,
  "288": 5.483347654342651,
  "289": 5.546885251998901,