{
  "average_f1": 0.3571937102113573,
  "average_f1_percent": 35.72,
  "total_evaluated": 500,
  "per_super_category": {
    "2hop": {
      "average_f1": 0.3349004240014677,
      "average_f1_percent": 33.49,
      "total_evaluated": 248
    },
    "answerable": {
      "average_f1": 0.2953228503522622,
      "average_f1_percent": 29.53,
      "total_evaluated": 300
    },
    "3hop": {
      "average_f1": 0.4045881918658937,
      "average_f1_percent": 40.46,
      "total_evaluated": 172
    },
    "4hop": {
      "average_f1": 0.3244047619047619,
      "average_f1_percent": 32.44,
      "total_evaluated": 80
    },
    "unanswerable": {
      "average_f1": 0.45,
      "average_f1_percent": 45.0,
      "total_evaluated": 200
    }
  }
}