{
  "1": 3.493558168411255,
  "2": 1.0783562660217285,
  "3": 4.964261770248413,
  "4": 4.67500114440918,
  "5": 0.3647491931915283,
  "6": 0.47017979621887207,
  "7": 5.0420591831207275,
  "8": 0.4572882652282715,
  "9": 1.4190776348114014,
  "10": 4.923163175582886,
  "11": 0.40157341957092285,
  "12": 3.965925931930542,
  "13": 4.670546293258667,
  "14": 4.890573024749756,
  "15": 5.606951475143433,
  "16": 0.4104499816894531,
  "17": 0.6550760269165039,
  "18": 0.51253342628479,
  "19": 0.5787973403930664,
  "20": 0.41889071464538574,
  "21": 4.666433334350586,
  "22": 4.99750542640686,
  "23": 4.9032981395721436,
  "24": 1.6084775924682617,
  "25": 4.700467109680176,
  "26": 0.546457052230835,
  "27": 0.5234947204589844,
  "28": 0.3657703399658203,
  "29": 4.793698310852051,
  "30": 4.666083335876465,
  "31": 0.4421045780181885,
  "32": 1.0170679092407227,
  "33": 0.46376991271972656,
  "34": 0.42779088020324707,
  "35": 4.698474645614624,
  "36": 0.5867960453033447,
  "37": 1.0441093444824219,
  "38": 4.897729873657227,
  "39": 0.47614407539367676,
  "40": 0.45389556884765625,
  "41": 4.592836856842041,
  "42": 5.309239625930786,
  "43": 0.4487931728363037,
  "44": 1.811915636062622,
  "45": 0.46611952781677246,
  "46": 0.48221755027770996,
  "47": 0.41592979431152344,
  "48": 0.43035387992858887,
  "49": 4.729428768157959,
  "50": 5.313421010971069,
  "51": 4.515206336975098,
  "52": 4.506748914718628,
  "53": 5.2114434242248535,
  "54": 0.49521398544311523,
  "55": 0.47245025634765625,
  "56": 0.4884958267211914,
  "57": 4.766262054443359,
  "58": 5.12536096572876,
  "59": 0.6383037567138672,
  "60": 0.4592001438140869,
  "61": 4.615828037261963,
  "62": 4.582750558853149,
  "63": 1.5061402320861816,
  "64": 4.23345160484314,
  "65": 0.5273830890655518,
  "66": 1.104118824005127,
  "67": 0.509915828704834,
  "68": 5.130709409713745,
  "69": 0.5112426280975342,
  "70": 4.575215101242065,
  "71": 0.48471736907958984,
  "72": 4.579125165939331,
  "73": 4.563662052154541,
  "74": 0.3889312744140625,
  "75": 0.52530837059021,
  "76": 0.4742550849914551,
  "77": 4.6165618896484375,
  "78": 4.544423818588257,
  "79": 0.5924575328826904,
  "80": 0.4756197929382324,
  "81": 4.58624792098999,
  "82": 0.594855785369873,
  "83": 4.764271259307861,
  "84": 0.4535388946533203,
  "85": 4.5634002685546875,
  "86": 0.5682580471038818,
  "87": 0.35820770263671875,
  "88": 4.576032876968384,
  "89": 0.49625325202941895,
  "90": 5.449070930480957,
  "91": 0.5235500335693359,
  "92": 0.4949948787689209,
  "93": 1.5098073482513428,
  "94": 0.5612852573394775,
  "95": 0.5737876892089844,
  "96": 4.546143531799316,
  "97": 0.4545140266418457,
  "98": 0.4168281555175781,
  "99": 1.3953206539154053,
  "100": 0.4011085033416748,
  "101": 0.5354607105255127,
  "102": 0.47743821144104004,
  "103": 0.47965335845947266,
  "104": 0.5377707481384277,
  "105": 5.855619668960571,
  "106": 0.6448473930358887,
  "107": 5.765915155410767,
  "108": 0.7246246337890625,
  "109": 5.5495007038116455,
  "110": 0.5129802227020264,
  "111": 0.5132205486297607,
  "112": 0.509798526763916,
  "113": 0.5749874114990234,
  "114": 5.069802761077881,
  "115": 4.851869344711304,
  "116": 0.5330228805541992,
  "117": 4.530194282531738,
  "118": 0.6081392765045166,
  "119": 0.4757707118988037,
  "120": 5.093459606170654,
  "121": 1.12272047996521,
  "122": 0.45723938941955566,
  "123": 4.556673288345337,
  "124": 0.5357513427734375,
  "125": 5.250719785690308,
  "126": 4.642648935317993,
  "127": 4.045750856399536,
  "128": 1.386228084564209,
  "129": 4.015617847442627,
  "130": 0.4229583740234375,
  "131": 4.236294984817505,
  "132": 0.5359389781951904,
  "133": 0.4225738048553467,
  "134": 0.4190247058868408,
  "135": 4.985855340957642,
  "136": 4.732321262359619,
  "137": 4.493750810623169,
  "138": 4.070030927658081,
  "139": 0.6205127239227295,
  "140": 0.5401296615600586,
  "141": 5.694998741149902,
  "142": 4.846311569213867,
  "143": 0.5128622055053711,
  "144": 4.595926523208618,
  "145": 0.43842005729675293,
  "146": 0.49284934997558594,
  "147": 4.586135149002075,
  "148": 0.5670838356018066,
  "149": 5.892163515090942,
  "150": 0.5398561954498291,
  "151": 4.6154139041900635,
  "152": 4.873248815536499,
  "153": 4.696640253067017,
  "154": 4.598884105682373,
  "155": 4.63439416885376,
  "156": 0.4586145877838135,
  "157": 0.5606327056884766,
  "158": 0.43061065673828125,
  "159": 4.597766876220703,
  "160": 4.576106071472168,
  "161": 5.165994167327881,
  "162": 0.681495189666748,
  "163": 5.649401426315308,
  "164": 0.5000510215759277,
  "165": 4.2342283725738525,
  "166": 0.49467897415161133,
  "167": 1.0263607501983643,
  "168": 4.471747398376465,
  "169": 0.507965087890625,
  "170": 0.5737974643707275,
  "171": 4.555378437042236,
  "172": 0.6428496837615967,
  "173": 0.6039838790893555,
  "174": 0.6003191471099854,
  "175": 0.6368882656097412,
  "176": 0.6219239234924316,
  "177": 0.5959267616271973,
  "178": 4.645755290985107,
  "179": 1.2843167781829834,
  "180": 0.4933173656463623,
  "181": 4.54975438117981,
  "182": 0.5827457904815674,
  "183": 4.5315375328063965,
  "184": 0.7437257766723633,
  "185": 4.630321025848389,
  "186": 0.5248425006866455,
  "187": 0.46805906295776367,
  "188": 4.607412576675415,
  "189": 4.5776731967926025,
  "190": 0.5075421333312988,
  "191": 4.586307525634766,
  "192": 0.4280989170074463,
  "193": 0.7082133293151855,
  "194": 0.4804539680480957,
  "195": 0.5972692966461182,
  "196": 0.4770774841308594,
  "197": 4.60904860496521,
  "198": 0.6104724407196045,
  "199": 0.5037877559661865,
  "200": 0.49019598960876465,
  "201": 0.37691831588745117,
  "202": 0.502357006072998,
  "203": 5.016943454742432,
  "204": 4.8539228439331055,
  "205": 0.5014638900756836,
  "206": 0.4840865135192871,
  "207": 4.629366636276245,
  "208": 4.637481451034546,
  "209": 4.556747674942017,
  "210": 5.279119968414307,
  "211": 0.552056074142456,
  "212": 0.5275943279266357,
  "213": 0.5556185245513916,
  "214": 5.839715242385864,
  "215": 0.521794319152832,
  "216": 6.908627510070801,
  "217": 0.8542194366455078,
  "218": 0.3280303478240967,
  "219": 0.5490462779998779,
  "220": 0.6907432079315186,
  "221": 0.5965545177459717,
  "222": 5.812589645385742,
  "223": 0.5302002429962158,
  "224": 5.9691853523254395,
  "225": 0.6103312969207764,
  "226": 0.6056621074676514,
  "227": 5.923215866088867,
  "228": 0.6165714263916016,
  "229": 0.44011807441711426,
  "230": 0.5449328422546387,
  "231": 0.539705753326416,
  "232": 5.83509635925293,
  "233": 0.5980942249298096,
  "234": 0.639129638671875,
  "235": 5.968934774398804,
  "236": 0.4616270065307617,
  "237": 0.44058728218078613,
  "238": 5.811928987503052,
  "239": 0.3736746311187744,
  "240": 0.5939645767211914,
  "241": 0.5929040908813477,
  "242": 0.5416862964630127,
  "243": 0.5780196189880371,
  "244": 5.883018493652344,
  "245": 0.5180356502532959,
  "246": 5.9211297035217285,
  "247": 5.865262985229492,
  "248": 0.48007893562316895,
  "249": 0.5279154777526855,
  "250": 6.420793771743774,
  "251": 0.7624571323394775,
  "252": 4.768277168273926,
  "253": 0.4811692237854004,
  "254": 0.616239070892334,
  "255": 0.42115259170532227,
  "256": 0.46868896484375,
  "257": 4.553181409835815,
  "258": 0.3600656986236572,
  "259": 0.5721802711486816,
  "260": 0.5060458183288574,
  "261": 0.4574108123779297,
  "262": 4.584137916564941,
  "263": 0.5438063144683838,
  "264": 0.5910980701446533,
  "265": 4.541303873062134,
  "266": 0.49861955642700195,
  "267": 4.521072864532471,
  "268": 4.504920244216919,
  "269": 4.5710344314575195,
  "270": 0.5712478160858154,
  "271": 0.6124601364135742,
  "272": 0.6129405498504639,
  "273": 0.5659232139587402,
  "274": 4.963260173797607,
  "275": 4.63373589515686,
  "276": 1.7943627834320068,
  "277": 0.659900426864624,
  "278": 0.5843193531036377,
  "279": 0.48354411125183105,
  "280": 4.715250492095947,
  "281": 0.5210018157958984,
  "282": 0.4550917148590088,
  "283": 4.577104091644287,