{
  "average_f1": 0.4509150510703142,
  "average_f1_percent": 45.09,
  "total_evaluated": 500,
  "per_super_category": {
    "2hop": {
      "average_f1": 0.43273357054660105,
      "average_f1_percent": 43.27,
      "total_evaluated": 248
    },
    "answerable": {
      "average_f1": 0.3681917517838571,
      "average_f1_percent": 36.82,
      "total_evaluated": 300
    },
    "3hop": {
      "average_f1": 0.4915923590342194,
      "average_f1_percent": 49.16,
      "total_evaluated": 172
    },
    "4hop": {
      "average_f1": 0.4198214285714286,
      "average_f1_percent": 41.98,
      "total_evaluated": 80
    },
    "unanswerable": {
      "average_f1": 0.575,
      "average_f1_percent": 57.5,
      "total_evaluated": 200
    }
  }
}