{
  "1": 7.599064826965332,
  "2": 4.609711408615112,
  "3": 4.8283371925354,
  "4": 4.587273120880127,
  "5": 4.6185572147369385,
  "6": 4.64107346534729,
  "7": 4.69869589805603,
  "8": 4.709031105041504,
  "9": 4.7315497398376465,
  "10": 5.0188984870910645,
  "11": 4.731138229370117,
  "12": 4.689081192016602,
  "13": 4.73827052116394,
  "14": 4.817823886871338,
  "15": 4.6781535148620605,
  "16": 4.944514036178589,
  "17": 5.014103651046753,
  "18": 4.860472917556763,
  "19": 4.684621334075928,
  "20": 4.73008918762207,
  "21": 4.748540878295898,
  "22": 5.003489971160889,
  "23": 4.744698762893677,
  "24": 4.953415393829346,
  "25": 4.775984048843384,
  "26": 4.926400661468506,
  "27": 4.8683178424835205,
  "28": 4.792412281036377,
  "29": 4.9557788372039795,
  "30": 4.767413854598999,
  "31": 4.730818271636963,
  "32": 4.899547338485718,
  "33": 4.732477426528931,
  "34": 4.865692138671875,
  "35": 4.659791469573975,
  "36": 5.056811809539795,
  "37": 4.74809718132019,
  "38": 4.760742664337158,
  "39": 4.697287082672119,
  "40": 4.73730206489563,
  "41": 4.929887294769287,
  "42": 4.796147346496582,
  "43": 4.671059846878052,
  "44": 4.830237150192261,
  "45": 4.701359033584595,
  "46": 4.747692346572876,
  "47": 4.833880186080933,
  "48": 4.792354345321655,
  "49": 4.745353937149048,
  "50": 4.745270490646362,
  "51": 4.732176303863525,
  "52": 4.699028730392456,
  "53": 4.941991090774536,
  "54": 4.830088376998901,
  "55": 4.777886152267456,
  "56": 4.848288059234619,
  "57": 4.853046417236328,
  "58": 4.733120441436768,
  "59": 5.0193421840667725,
  "60": 4.695369005203247,
  "61": 4.683554172515869,
  "62": 4.825563192367554,
  "63": 4.9042885303497314,
  "64": 5.006174564361572,
  "65": 4.831721544265747,
  "66": 4.696317672729492,
  "67": 4.776052236557007,
  "68": 4.862874746322632,
  "69": 4.776184558868408,
  "70": 4.742177724838257,
  "71": 4.644240379333496,
  "72": 4.698293924331665,
  "73": 4.673227071762085,
  "74": 4.6988365650177,
  "75": 4.870024681091309,
  "76": 4.738410711288452,
  "77": 4.874131202697754,
  "78": 4.722964525222778,
  "79": 5.00334906578064,
  "80": 4.753842115402222,
  "81": 4.752730131149292,
  "82": 4.996642589569092,
  "83": 5.052189111709595,
  "84": 4.672780990600586,
  "85": 4.69770622253418,
  "86": 4.728335618972778,
  "87": 4.690473794937134,
  "88": 4.687181711196899,
  "89": 4.879717588424683,
  "90": 4.856699466705322,
  "91": 4.8564207553863525,
  "92": 4.867627382278442,
  "93": 4.6811301708221436,
  "94": 4.909558534622192,
  "95": 5.040297746658325,
  "96": 4.6463303565979,
  "97": 4.6948912143707275,
  "98": 4.771270275115967,
  "99": 4.726139545440674,
  "100": 4.722571134567261,
  "101": 4.73375391960144,
  "102": 4.732562065124512,
  "103": 4.7635719776153564,
  "104": 4.772594213485718,
  "105": 4.888875722885132,
  "106": 4.997082233428955,
  "107": 4.7875893115997314,
  "108": 5.118616104125977,
  "109": 4.682111740112305,
  "110": 4.651652574539185,
  "111": 4.660297393798828,
  "112": 4.77859091758728,
  "113": 4.740196704864502,
  "114": 4.772155523300171,
  "115": 4.691163539886475,
  "116": 4.849589824676514,
  "117": 4.696069002151489,
  "118": 5.033264636993408,
  "119": 4.723663330078125,
  "120": 4.731599569320679,
  "121": 4.841013669967651,
  "122": 4.94239068031311,
  "123": 4.773364305496216,
  "124": 4.835458040237427,
  "125": 4.853802442550659,
  "126": 4.597810983657837,
  "127": 4.733994722366333,
  "128": 4.841063499450684,
  "129": 4.675353765487671,
  "130": 4.593457937240601,
  "131": 4.739192724227905,
  "132": 4.822179079055786,
  "133": 4.824843883514404,
  "134": 4.695030927658081,
  "135": 4.685739040374756,
  "136": 4.595487356185913,
  "137": 4.651242256164551,
  "138": 4.6986002922058105,
  "139": 5.011761426925659,
  "140": 4.757939577102661,
  "141": 4.823017120361328,
  "142": 4.577542543411255,
  "143": 4.884700536727905,
  "144": 4.667436838150024,
  "145": 4.598745584487915,
  "146": 4.752894163131714,
  "147": 4.844465732574463,
  "148": 4.85062837600708,
  "149": 4.668290138244629,
  "150": 4.833089590072632,
  "151": 4.70059061050415,
  "152": 4.775984764099121,
  "153": 4.95547890663147,
  "154": 4.760989427566528,
  "155": 4.84168815612793,
  "156": 4.727522134780884,
  "157": 4.8694634437561035,
  "158": 4.602099895477295,
  "159": 4.7775678634643555,
  "160": 4.685761213302612,
  "161": 4.845216274261475,
  "162": 5.006653547286987,
  "163": 4.74614953994751,
  "164": 4.7222113609313965,
  "165": 4.7027788162231445,
  "166": 4.764063119888306,
  "167": 4.776864051818848,
  "168": 4.685683250427246,
  "169": 4.783984422683716,
  "170": 4.691618919372559,
  "171": 4.691673517227173,
  "172": 5.028221607208252,
  "173": 4.737575054168701,
  "174": 4.961047410964966,
  "175": 4.949739456176758,
  "176": 4.845181465148926,
  "177": 4.850184440612793,
  "178": 4.7531208992004395,
  "179": 4.697520017623901,
  "180": 5.047990798950195,
  "181": 4.656094074249268,
  "182": 4.701543092727661,
  "183": 4.579025745391846,
  "184": 4.6408371925354,
  "185": 4.662692070007324,
  "186": 4.758204698562622,
  "187": 4.683389902114868,
  "188": 4.777943849563599,
  "189": 4.691934823989868,
  "190": 4.773010969161987,
  "191": 4.67195200920105,
  "192": 4.744607925415039,
  "193": 5.08990478515625,
  "194": 4.6524131298065186,
  "195": 4.9528913497924805,
  "196": 4.681378126144409,
  "197": 4.787593841552734,
  "198": 4.735868453979492,
  "199": 4.730064392089844,
  "200": 4.723474979400635,
  "201": 4.596236944198608,
  "202": 4.765544414520264,
  "203": 4.701526880264282,
  "204": 4.928954124450684,
  "205": 4.7653326988220215,
  "206": 4.6956517696380615,
  "207": 4.839979410171509,
  "208": 4.835055589675903,
  "209": 4.679292440414429,
  "210": 4.705370664596558,
  "211": 4.74235463142395,
  "212": 4.681464195251465,
  "213": 4.7006309032440186,
  "214": 4.857060432434082,
  "215": 4.753929376602173,
  "216": 4.735896825790405,
  "217": 4.720671892166138,
  "218": 4.650854587554932,
  "219": 4.585720539093018,
  "220": 4.932056188583374,
  "221": 4.789193630218506,
  "222": 4.669785737991333,
  "223": 4.826685905456543,
  "224": 4.834374666213989,
  "225": 4.961407423019409,
  "226": 4.87675666809082,
  "227": 4.850726366043091,
  "228": 4.862971067428589,
  "229": 4.594534158706665,
  "230": 4.741066217422485,
  "231": 4.769770622253418,
  "232": 4.706889390945435,
  "233": 5.089838981628418,
  "234": 4.958773612976074,
  "235": 4.832056522369385,
  "236": 4.700451850891113,
  "237": 4.725788831710815,
  "238": 4.677383184432983,
  "239": 4.703845262527466,
  "240": 4.826353549957275,
  "241": 4.850191593170166,
  "242": 4.763417959213257,
  "243": 4.771827459335327,
  "244": 4.637726306915283,
  "245": 4.720164060592651,
  "246": 4.886133909225464,
  "247": 4.8427369594573975,
  "248": 4.753012180328369,
  "249": 4.741034746170044,
  "250": 4.823172092437744,
  "251": 4.669375896453857,
  "252": 4.761567115783691,
  "253": 4.763489246368408,
  "254": 5.036227464675903,
  "255": 4.783763885498047,
  "256": 4.686876535415649,
  "257": 4.772444486618042,
  "258": 4.765231132507324,
  "259": 4.957478761672974,
  "260": 4.686399698257446,
  "261": 4.7874274253845215,
  "262": 4.7304065227508545,
  "263": 4.850640058517456,
  "264": 4.857904434204102,
  "265": 4.68390154838562,
  "266": 4.8478615283966064,
  "267": 4.66750431060791,
  "268": 4.707101583480835,
  "269": 4.590575933456421,
  "270": 4.883884429931641,
  "271": 5.012278318405151,
  "272": 4.867193222045898,
  "273": 4.876254320144653,
  "274": 4.728604316711426,
  "275": 4.843897819519043,
  "276": 4.909874200820923,
  "277": 4.732032299041748,
  "278": 4.821874141693115,
  "279": 4.734441518783569,
  "280": 4.9334611892700195,
  "281": 4.775538921356201,
  "282": 4.773790597915649,
  "283": 4.69054102897644,
  "284": 4.666393041610718,
  "285": 4.69316840171814,
  "286": 4.73202919960022,
  "287": 4.888255834579468,
  "288": 4.587241888046265,
  "289": 4.853037118911743,