{
  "1": 7.799255132675171,
  "2": 4.921514511108398,
  "3": 5.286166191101074,
  "4": 4.946083068847656,
  "5": 5.081470966339111,
  "6": 5.007127046585083,
  "7": 5.0169408321380615,
  "8": 5.017434120178223,
  "9": 5.010197401046753,
  "10": 5.238264322280884,
  "11": 4.9279725551605225,
  "12": 4.930284023284912,
  "13": 5.0282065868377686,
  "14": 4.970035791397095,
  "15": 4.927694797515869,
  "16": 5.151201963424683,
  "17": 4.941207408905029,
  "18": 4.9898247718811035,
  "19": 4.875932931900024,
  "20": 4.914205551147461,
  "21": 5.03875732421875,
  "22": 5.152441024780273,
  "23": 5.06730580329895,
  "24": 5.207540273666382,
  "25": 5.107136487960815,
  "26": 5.184849977493286,
  "27": 5.0013134479522705,
  "28": 4.973432302474976,
  "29": 5.19761323928833,
  "30": 5.031096458435059,
  "31": 5.0329625606536865,
  "32": 5.192313194274902,
  "33": 5.018471717834473,
  "34": 5.116831064224243,
  "35": 5.168612480163574,
  "36": 5.1505608558654785,
  "37": 5.056960105895996,
  "38": 5.054800271987915,
  "39": 5.05277681350708,
  "40": 5.114432096481323,
  "41": 5.233925819396973,
  "42": 5.151983976364136,
  "43": 5.164125919342041,
  "44": 5.132591962814331,
  "45": 5.3812243938446045,
  "46": 5.060979843139648,
  "47": 5.2602174282073975,
  "48": 4.967515230178833,
  "49": 5.096190929412842,
  "50": 5.132755517959595,
  "51": 5.217595815658569,
  "52": 5.026349306106567,
  "53": 5.083667278289795,
  "54": 5.0993430614471436,
  "55": 5.0219621658325195,
  "56": 5.098526954650879,
  "57": 5.22813081741333,
  "58": 4.943415641784668,
  "59": 5.105312824249268,
  "60": 5.195172548294067,
  "61": 5.101986885070801,
  "62": 5.31437611579895,
  "63": 5.191172361373901,
  "64": 5.239744424819946,
  "65": 5.078557729721069,
  "66": 5.236847400665283,
  "67": 5.019308567047119,
  "68": 5.0432116985321045,
  "69": 5.111427307128906,
  "70": 5.009749174118042,
  "71": 5.038369655609131,
  "72": 4.942528009414673,
  "73": 5.029170036315918,
  "74": 4.945931434631348,
  "75": 5.076359033584595,
  "76": 5.014508008956909,
  "77": 5.020381927490234,
  "78": 5.003957509994507,
  "79": 5.194325923919678,
  "80": 4.976986408233643,
  "81": 4.976978540420532,
  "82": 5.1874847412109375,
  "83": 5.382562875747681,
  "84": 5.1133716106414795,
  "85": 5.353985548019409,
  "86": 5.143373727798462,
  "87": 5.120333194732666,
  "88": 5.1208577156066895,
  "89": 5.329132556915283,
  "90": 5.143832445144653,
  "91": 5.174154758453369,
  "92": 5.106240272521973,
  "93": 5.303101301193237,
  "94": 5.234685897827148,
  "95": 5.178208589553833,
  "96": 5.042088985443115,
  "97": 5.0732786655426025,
  "98": 4.940348148345947,
  "99": 5.004245042800903,
  "100": 5.057126998901367,
  "101": 5.1006762981414795,
  "102": 5.205257177352905,
  "103": 4.981348752975464,
  "104": 5.148762226104736,
  "105": 5.366917848587036,
  "106": 5.135208368301392,
  "107": 5.062203645706177,
  "108": 5.361290216445923,
  "109": 5.031911373138428,
  "110": 4.971060752868652,
  "111": 4.971307754516602,
  "112": 4.892806529998779,
  "113": 4.879765033721924,
  "114": 4.869258165359497,
  "115": 4.952006101608276,
  "116": 5.125570058822632,
  "117": 5.077881097793579,
  "118": 5.154237270355225,
  "119": 5.054583311080933,
  "120": 4.965794563293457,
  "121": 4.951392650604248,
  "122": 5.052403926849365,
  "123": 5.048216104507446,
  "124": 4.952212333679199,
  "125": 4.953916788101196,
  "126": 5.0080626010894775,
  "127": 5.0887062549591064,
  "128": 5.01975154876709,
  "129": 4.933380842208862,
  "130": 4.930084228515625,
  "131": 4.922192335128784,
  "132": 5.02202033996582,
  "133": 5.004660606384277,
  "134": 4.991693735122681,
  "135": 4.882422685623169,
  "136": 4.929901599884033,
  "137": 4.919224500656128,
  "138": 4.894863605499268,
  "139": 5.162877321243286,
  "140": 4.960356712341309,
  "141": 5.104971647262573,
  "142": 5.046154022216797,
  "143": 5.116510629653931,
  "144": 4.965289354324341,
  "145": 5.156120777130127,
  "146": 4.887908935546875,
  "147": 4.989756345748901,
  "148": 4.974978446960449,
  "149": 4.9504005908966064,
  "150": 5.108547687530518,
  "151": 4.965174436569214,
  "152": 4.961806774139404,
  "153": 5.063828468322754,
  "154": 4.9095165729522705,
  "155": 5.004050970077515,
  "156": 5.124556541442871,
  "157": 5.065150499343872,
  "158": 4.956408977508545,
  "159": 5.123164892196655,
  "160": 5.082440614700317,
  "161": 5.091540336608887,
  "162": 5.1222169399261475,
  "163": 4.99454927444458,
  "164": 5.0792834758758545,
  "165": 4.955842018127441,
  "166": 4.9345543384552,
  "167": 5.031110048294067,
  "168": 4.9482526779174805,
  "169": 5.014512538909912,
  "170": 4.9977476596832275,
  "171": 4.983257293701172,
  "172": 5.141894817352295,
  "173": 4.991788864135742,
  "174": 5.15628719329834,
  "175": 5.123727083206177,
  "176": 5.01108455657959,
  "177": 5.2623231410980225,
  "178": 5.071445465087891,
  "179": 4.994812726974487,
  "180": 5.19978141784668,
  "181": 4.980546951293945,
  "182": 5.005107402801514,
  "183": 5.013331890106201,
  "184": 5.008462190628052,
  "185": 4.940348386764526,
  "186": 5.054681062698364,
  "187": 4.953704357147217,
  "188": 5.030656814575195,
  "189": 5.018290758132935,
  "190": 5.025773048400879,
  "191": 5.0286078453063965,
  "192": 5.038702964782715,
  "193": 5.164372444152832,
  "194": 4.905105352401733,
  "195": 5.068049907684326,
  "196": 5.001201152801514,
  "197": 4.989452123641968,
  "198": 4.96630597114563,
  "199": 5.049870491027832,
  "200": 5.322173357009888,
  "201": 5.1221699714660645,
  "202": 5.285398960113525,
  "203": 5.174498796463013,
  "204": 5.8348588943481445,
  "205": 5.1731133460998535,
  "206": 5.08151650428772,
  "207": 5.198425531387329,
  "208": 5.273427486419678,
  "209": 5.253970146179199,
  "210": 5.137805700302124,
  "211": 5.053377151489258,
  "212": 5.105250835418701,
  "213": 5.241398096084595,
  "214": 5.374990224838257,
  "215": 5.084066867828369,
  "216": 4.964602470397949,
  "217": 5.130960941314697,
  "218": 5.10847020149231,
  "219": 5.014233827590942,
  "220": 5.1820995807647705,
  "221": 5.302103042602539,
  "222": 5.030092477798462,
  "223": 5.233093500137329,
  "224": 5.280649900436401,
  "225": 5.305666923522949,
  "226": 5.143408298492432,
  "227": 5.0659942626953125,
  "228": 5.167279958724976,
  "229": 5.0784101486206055,
  "230": 5.13129186630249,
  "231": 4.9728312492370605,
  "232": 5.1532933712005615,
  "233": 5.484530687332153,
  "234": 5.241451978683472,
  "235": 5.181768894195557,
  "236": 4.966847658157349,
  "237": 5.087886810302734,
  "238": 5.228147268295288,
  "239": 5.2114481925964355,
  "240": 5.128793478012085,
  "241": 5.135072469711304,
  "242": 5.069584608078003,
  "243": 5.335233449935913,
  "244": 5.037731170654297,
  "245": 5.07758355140686,
  "246": 5.161742687225342,
  "247": 5.0732855796813965,
  "248": 5.093993663787842,
  "249": 5.143862009048462,
  "250": 5.150203227996826,
  "251": 5.162444829940796,
  "252": 5.064942121505737,
  "253": 5.000994920730591,
  "254": 5.215413570404053,
  "255": 4.988840818405151,
  "256": 5.0486931800842285,
  "257": 5.017351150512695,
  "258": 5.043261766433716,
  "259": 5.329514265060425,
  "260": 5.233856439590454,
  "261": 5.1212663650512695,
  "262": 5.275248289108276,
  "263": 5.13447642326355,
  "264": 5.030776262283325,
  "265": 4.963031530380249,
  "266": 5.118161201477051,
  "267": 5.1269896030426025,
  "268": 5.084624528884888,
  "269": 5.01386284828186,
  "270": 5.183324813842773,
  "271": 5.158792495727539,
  "272": 5.147512197494507,
  "273": 4.97252345085144,
  "274": 4.922695636749268,
  "275": 5.27099347114563,
  "276": 5.06413722038269,
  "277": 5.117579221725464,
  "278": 5.091006755828857,
  "279": 5.027732610702515,
  "280": 5.432081699371338,
  "281": 5.0995893478393555,
  "282": 5.089087009429932,
  "283": 5.006491661071777,
  "284": 4.895623207092285,
  "285": 4.890465259552002,
  "286": 5.001127243041992,
  "287": 5.027099132537842,
  "288": 4.929539203643799,