{
  "average_f1": 0.26178236142942024,
  "average_f1_percent": 26.18,
  "total_evaluated": 500,
  "per_super_category": {
    "2hop": {
      "average_f1": 0.28625126981388843,
      "average_f1_percent": 28.63,
      "total_evaluated": 248
    },
    "answerable": {
      "average_f1": 0.18630393571570036,
      "average_f1_percent": 18.63,
      "total_evaluated": 300
    },
    "3hop": {
      "average_f1": 0.265896506594181,
      "average_f1_percent": 26.59,
      "total_evaluated": 172
    },
    "4hop": {
      "average_f1": 0.17708333333333334,
      "average_f1_percent": 17.71,
      "total_evaluated": 80
    },
    "unanswerable": {
      "average_f1": 0.375,
      "average_f1_percent": 37.5,
      "total_evaluated": 200
    }
  }
}