{
  "1": 3.1391029357910156,
  "2": 5.006199598312378,
  "3": 5.282594919204712,
  "4": 4.987672805786133,
  "5": 5.016143798828125,
  "6": 0.6461367607116699,
  "7": 5.111751079559326,
  "8": 5.120012044906616,
  "9": 5.1540751457214355,
  "10": 5.481226444244385,
  "11": 5.1499669551849365,
  "12": 5.100174427032471,
  "13": 5.157597780227661,
  "14": 5.247624158859253,
  "15": 5.0896055698394775,
  "16": 0.5308151245117188,
  "17": 0.6111953258514404,
  "18": 5.295423746109009,
  "19": 5.094161510467529,
  "20": 5.148108720779419,
  "21": 5.168033838272095,
  "22": 0.5715157985687256,
  "23": 5.171068429946899,
  "24": 5.414559364318848,
  "25": 5.203534126281738,
  "26": 5.374996662139893,
  "27": 5.311785459518433,
  "28": 5.226796627044678,
  "29": 5.4150707721710205,
  "30": 0.5024755001068115,
  "31": 5.150623559951782,
  "32": 5.349298715591431,
  "33": 5.153918743133545,
  "34": 5.307664155960083,
  "35": 5.0694661140441895,
  "36": 0.979334831237793,
  "37": 0.5730791091918945,
  "38": 5.18705940246582,
  "39": 0.7385222911834717,
  "40": 5.1595306396484375,
  "41": 5.385778188705444,
  "42": 5.231976270675659,
  "43": 5.082686185836792,
  "44": 5.266409635543823,
  "45": 0.5854291915893555,
  "46": 5.171719074249268,
  "47": 5.274008512496948,
  "48": 0.47147393226623535,
  "49": 5.171224594116211,
  "50": 5.174610376358032,
  "51": 5.151549816131592,
  "52": 0.7752366065979004,
  "53": 5.400832414627075,
  "54": 5.2688188552856445,
  "55": 5.211191177368164,
  "56": 5.292405366897583,
  "57": 5.299097061157227,
  "58": 5.161040306091309,
  "59": 5.488983154296875,
  "60": 5.116461277008057,
  "61": 5.0990846157073975,
  "62": 5.266133546829224,
  "63": 0.6800796985626221,
  "64": 5.473985910415649,
  "65": 5.276582479476929,
  "66": 5.116527557373047,
  "67": 5.2112627029418945,
  "68": 5.313304424285889,
  "69": 5.2125959396362305,
  "70": 5.170420408248901,
  "71": 5.058626174926758,
  "72": 0.7742185592651367,
  "73": 5.088167190551758,
  "74": 5.121242046356201,
  "75": 5.3172526359558105,
  "76": 5.171012878417969,
  "77": 5.437682390213013,
  "78": 5.14857029914856,
  "79": 5.475134372711182,
  "80": 5.187849760055542,
  "81": 5.184731483459473,
  "82": 5.4701244831085205,
  "83": 5.53330397605896,
  "84": 5.091944694519043,
  "85": 5.122326135635376,
  "86": 0.6082851886749268,
  "87": 5.1082680225372314,
  "88": 5.106120347976685,
  "89": 5.332493543624878,
  "90": 5.305507183074951,
  "91": 0.5520727634429932,
  "92": 5.315857887268066,
  "93": 5.103892087936401,
  "94": 5.368228197097778,
  "95": 5.51814603805542,
  "96": 5.059576988220215,
  "97": 0.8506042957305908,
  "98": 5.204918622970581,
  "99": 5.153491258621216,
  "100": 0.41699957847595215,
  "101": 5.165175676345825,
  "102": 5.160031318664551,
  "103": 5.197538137435913,
  "104": 0.4653186798095703,
  "105": 5.334556341171265,
  "106": 0.6114940643310547,
  "107": 5.225711822509766,
  "108": 5.608139514923096,
  "109": 5.101438283920288,
  "110": 5.068904638290405,
  "111": 5.0763959884643555,
  "112": 5.215494155883789,
  "113": 5.168736457824707,
  "114": 5.2073445320129395,
  "115": 5.108234882354736,
  "116": 5.298444032669067,
  "117": 0.5136070251464844,
  "118": 5.506307125091553,
  "119": 0.4551680088043213,
  "120": 5.161904573440552,
  "121": 5.285482168197632,
  "122": 0.7339715957641602,
  "123": 5.21155309677124,
  "124": 5.276902437210083,
  "125": 5.299609422683716,
  "126": 0.6471726894378662,
  "127": 5.166281461715698,
  "128": 0.6253433227539062,
  "129": 0.7677168846130371,
  "130": 0.42154741287231445,
  "131": 5.171333312988281,
  "132": 5.269528388977051,
  "133": 5.268503665924072,
  "134": 5.120471954345703,
  "135": 5.104098081588745,
  "136": 0.42377138137817383,
  "137": 5.060550212860107,
  "138": 5.1222453117370605,
  "139": 5.4885642528533936,
  "140": 0.5394918918609619,
  "141": 5.263418436050415,
  "142": 4.982969760894775,
  "143": 5.33827543258667,
  "144": 5.08605432510376,
  "145": 5.003287076950073,
  "146": 5.183671712875366,
  "147": 0.539700984954834,
  "148": 0.46336793899536133,
  "149": 0.42770981788635254,
  "150": 5.274580240249634,
  "151": 5.122364282608032,
  "152": 0.6940882205963135,
  "153": 0.5739426612854004,
  "154": 5.198631048202515,
  "155": 0.5482616424560547,
  "156": 5.157447814941406,
  "157": 0.5548722743988037,
  "158": 0.42250490188598633,
  "159": 5.2137134075164795,
  "160": 5.106476306915283,
  "161": 5.293185234069824,
  "162": 5.478707551956177,
  "163": 5.183957815170288,
  "164": 5.149776458740234,
  "165": 0.4766113758087158,
  "166": 0.4611527919769287,
  "167": 5.216277837753296,
  "168": 0.5113794803619385,
  "169": 5.224158048629761,
  "170": 5.115802049636841,
  "171": 0.5867557525634766,
  "172": 5.5047385692596436,
  "173": 0.6105103492736816,
  "174": 5.427457332611084,
  "175": 0.6136395931243896,
  "176": 5.288516521453857,
  "177": 0.7043519020080566,
  "178": 5.18682861328125,
  "179": 5.119737863540649,
  "180": 5.529634952545166,
  "181": 5.071744441986084,
  "182": 5.124419927597046,
  "183": 0.38335394859313965,
  "184": 0.7582581043243408,
  "185": 0.46599793434143066,
  "186": 5.187419176101685,
  "187": 0.5110595226287842,
  "188": 5.213277578353882,
  "189": 5.111595630645752,
  "190": 0.5019843578338623,
  "191": 5.086687088012695,
  "192": 5.178343296051025,
  "193": 5.57182502746582,
  "194": 5.066403388977051,
  "195": 0.5750675201416016,
  "196": 5.097790479660034,
  "197": 5.229866027832031,
  "198": 0.6857926845550537,
  "199": 0.4929158687591553,
  "200": 5.151835680007935,
  "201": 5.003082275390625,
  "202": 5.2008748054504395,
  "203": 5.1272194385528564,
  "204": 0.5348434448242188,
  "205": 5.200260162353516,
  "206": 0.47170472145080566,
  "207": 5.278889179229736,
  "208": 5.278773307800293,
  "209": 0.5861272811889648,
  "210": 5.130539178848267,
  "211": 5.172510623931885,
  "212": 5.103169679641724,
  "213": 5.126745700836182,
  "214": 0.5922703742980957,
  "215": 5.189639329910278,
  "216": 5.169602394104004,
  "217": 0.607215404510498,
  "218": 5.065564870834351,
  "219": 4.992774724960327,
  "220": 0.5698962211608887,
  "221": 5.225750684738159,
  "222": 5.088617563247681,
  "223": 5.2709925174713135,
  "224": 5.282985687255859,
  "225": 5.430850505828857,
  "226": 5.327131748199463,
  "227": 5.298505783081055,
  "228": 5.307978868484497,
  "229": 0.385162353515625,
  "230": 5.170886516571045,
  "231": 5.205798387527466,
  "232": 0.47821545600891113,
  "233": 5.579742193222046,
  "234": 0.4968607425689697,
  "235": 5.278079271316528,
  "236": 5.126756906509399,
  "237": 0.9106860160827637,
  "238": 5.093991994857788,
  "239": 0.5910651683807373,
  "240": 5.269979476928711,
  "241": 1.1664972305297852,
  "242": 0.5803065299987793,
  "243": 5.209650754928589,
  "244": 0.574934720993042,
  "245": 5.146366119384766,
  "246": 5.343468427658081,
  "247": 0.5890908241271973,
  "248": 0.5365757942199707,
  "249": 5.172943830490112,
  "250": 5.267785310745239,
  "251": 5.091172933578491,
  "252": 5.202083110809326,
  "253": 5.200559139251709,
  "254": 0.6207714080810547,
  "255": 5.225003719329834,
  "256": 5.111150026321411,
  "257": 5.211625576019287,
  "258": 5.209923267364502,
  "259": 5.430619716644287,
  "260": 5.114783048629761,
  "261": 0.4734985828399658,
  "262": 0.642228364944458,
  "263": 5.299535512924194,
  "264": 5.310642719268799,
  "265": 5.109354019165039,
  "266": 5.294869422912598,
  "267": 5.088387489318848,
  "268": 5.133521556854248,
  "269": 4.997596502304077,
  "270": 5.337728500366211,
  "271": 5.487687587738037,
  "272": 5.322757720947266,
  "273": 0.9438822269439697,
  "274": 5.1587958335876465,
  "275": 5.297246694564819,
  "276": 5.372850179672241,
  "277": 5.162403583526611,
  "278": 5.268483400344849,
  "279": 5.161402463912964,
  "280": 0.5317685604095459,
  "281": 0.7333579063415527,
  "282": 0.657034158706665,
  "283": 0.7341611385345459,
  "284": 0.5413239002227783,
  "285": 5.1112823486328125,
  "286": 0.49753332138061523,