{
  "1": 4.848807334899902,
  "2": 4.4450719356536865,
  "3": 4.4664201736450195,
  "4": 4.39996337890625,
  "5": 4.424785852432251,
  "6": 4.439275503158569,
  "7": 4.432390928268433,
  "8": 4.4361572265625,
  "9": 4.455621004104614,
  "10": 4.50393009185791,
  "11": 4.425787925720215,
  "12": 4.428992033004761,
  "13": 4.425302028656006,
  "14": 4.451903820037842,
  "15": 4.438486576080322,
  "16": 4.488039255142212,
  "17": 4.483883619308472,
  "18": 4.4377477169036865,
  "19": 4.426848411560059,
  "20": 4.421139717102051,
  "21": 4.431013822555542,
  "22": 4.469890117645264,
  "23": 4.432544231414795,
  "24": 4.472025156021118,
  "25": 4.449213027954102,
  "26": 4.45893669128418,
  "27": 4.4551825523376465,
  "28": 4.448436498641968,
  "29": 4.495574712753296,
  "30": 4.457566976547241,
  "31": 4.4557390213012695,
  "32": 4.472074508666992,
  "33": 4.4338483810424805,
  "34": 4.446814298629761,
  "35": 4.434148788452148,
  "36": 4.474694013595581,
  "37": 4.4081337451934814,
  "38": 4.439640283584595,
  "39": 4.420101165771484,
  "40": 4.4263389110565186,
  "41": 4.4779369831085205,
  "42": 4.4541544914245605,
  "43": 4.431121587753296,
  "44": 4.448959827423096,
  "45": 4.43170690536499,
  "46": 4.431073904037476,
  "47": 4.44651460647583,
  "48": 4.445173025131226,
  "49": 4.424283027648926,
  "50": 4.431344270706177,
  "51": 4.421737909317017,
  "52": 4.426882266998291,
  "53": 4.461781024932861,
  "54": 4.450491189956665,
  "55": 4.457918167114258,
  "56": 4.43579626083374,
  "57": 4.465480327606201,
  "58": 4.414248943328857,
  "59": 4.480746030807495,
  "60": 4.439743995666504,
  "61": 4.4374518394470215,
  "62": 4.465097904205322,
  "63": 4.468148708343506,
  "64": 4.512702226638794,
  "65": 4.461683034896851,
  "66": 4.439456939697266,
  "67": 4.452587604522705,
  "68": 4.4711594581604,
  "69": 4.461253643035889,
  "70": 4.440964221954346,
  "71": 4.435317039489746,
  "72": 4.436271905899048,
  "73": 4.4476916790008545,
  "74": 4.446531534194946,
  "75": 4.472998380661011,
  "76": 4.4494264125823975,
  "77": 4.462992429733276,
  "78": 4.434854030609131,
  "79": 4.4910173416137695,
  "80": 4.454729080200195,
  "81": 4.461077690124512,
  "82": 4.52715539932251,
  "83": 4.538863182067871,
  "84": 4.4596521854400635,
  "85": 4.458309650421143,
  "86": 4.4485321044921875,
  "87": 4.444952964782715,
  "88": 4.465856075286865,
  "89": 4.475337743759155,
  "90": 4.441867113113403,
  "91": 4.4443747997283936,
  "92": 4.452241659164429,
  "93": 4.428006410598755,
  "94": 4.452111721038818,
  "95": 4.4871838092803955,
  "96": 4.4162023067474365,
  "97": 4.435296535491943,
  "98": 4.441024303436279,
  "99": 4.410070419311523,
  "100": 4.430725812911987,
  "101": 4.427916765213013,
  "102": 4.433032512664795,
  "103": 4.4553914070129395,
  "104": 4.453772306442261,
  "105": 4.458023548126221,
  "106": 4.488532304763794,
  "107": 4.459558010101318,
  "108": 4.507689952850342,
  "109": 4.456284284591675,
  "110": 4.440997123718262,
  "111": 4.420759439468384,
  "112": 4.477588415145874,
  "113": 4.489921569824219,
  "114": 4.509328126907349,
  "115": 4.517534255981445,
  "116": 4.542625904083252,
  "117": 4.523138999938965,
  "118": 4.560771226882935,
  "119": 4.4766504764556885,
  "120": 4.470085382461548,
  "121": 4.475464105606079,
  "122": 4.475220680236816,
  "123": 4.448448657989502,
  "124": 4.4500367641448975,
  "125": 4.477183103561401,
  "126": 4.490442276000977,
  "127": 4.459128379821777,
  "128": 4.4979705810546875,
  "129": 4.45464825630188,
  "130": 4.45172381401062,
  "131": 4.448652029037476,
  "132": 4.464954376220703,
  "133": 4.4663591384887695,
  "134": 4.445213079452515,
  "135": 4.468423128128052,
  "136": 4.428406000137329,
  "137": 4.438055515289307,
  "138": 4.44021463394165,
  "139": 4.4952192306518555,
  "140": 4.476215124130249,
  "141": 4.4600934982299805,
  "142": 4.406765937805176,
  "143": 4.471384525299072,
  "144": 4.433477401733398,
  "145": 4.426414728164673,
  "146": 4.445619583129883,
  "147": 4.486406087875366,
  "148": 4.505311489105225,
  "149": 4.48580002784729,
  "150": 4.53256630897522,
  "151": 4.508138418197632,
  "152": 4.502911329269409,
  "153": 4.498637676239014,
  "154": 4.523287296295166,
  "155": 4.527498245239258,
  "156": 4.510356426239014,
  "157": 4.497415542602539,
  "158": 4.481974124908447,
  "159": 4.497422933578491,
  "160": 4.49104118347168,
  "161": 4.491165399551392,
  "162": 4.509329795837402,
  "163": 4.453797340393066,
  "164": 4.468963146209717,
  "165": 4.494887590408325,
  "166": 4.47088098526001,
  "167": 4.498282432556152,
  "168": 4.4939491748809814,
  "169": 4.523643970489502,
  "170": 4.483762741088867,
  "171": 4.476154804229736,
  "172": 4.497987508773804,
  "173": 4.50848388671875,
  "174": 4.508533954620361,
  "175": 4.5202906131744385,
  "176": 4.4992170333862305,
  "177": 4.4666900634765625,
  "178": 4.451106548309326,
  "179": 4.442398309707642,
  "180": 4.489686965942383,
  "181": 4.445429086685181,
  "182": 4.4280171394348145,
  "183": 4.4184253215789795,
  "184": 4.440210580825806,
  "185": 4.440219402313232,
  "186": 4.430063247680664,
  "187": 4.4492292404174805,
  "188": 4.47477912902832,
  "189": 4.450527667999268,
  "190": 4.4667651653289795,
  "191": 4.448609352111816,
  "192": 4.4385504722595215,
  "193": 4.5103394985198975,
  "194": 4.443976879119873,
  "195": 4.473087787628174,
  "196": 4.441032409667969,
  "197": 4.46826171875,
  "198": 4.4316277503967285,
  "199": 4.439652681350708,
  "200": 4.4409589767456055,
  "201": 4.4209067821502686,
  "202": 4.467894792556763,
  "203": 4.4537670612335205,
  "204": 4.474649906158447,
  "205": 4.474472999572754,
  "206": 4.454047203063965,
  "207": 4.481389045715332,
  "208": 4.497803688049316,
  "209": 4.445906400680542,
  "210": 4.446989059448242,
  "211": 4.447021961212158,
  "212": 4.450708389282227,
  "213": 4.4462034702301025,
  "214": 4.457688570022583,
  "215": 4.4723310470581055,
  "216": 4.460257053375244,
  "217": 4.45154333114624,
  "218": 4.450668573379517,
  "219": 4.434931993484497,
  "220": 4.495377540588379,
  "221": 4.46950626373291,
  "222": 4.426977634429932,
  "223": 4.4614622592926025,
  "224": 4.465193271636963,
  "225": 4.518930673599243,
  "226": 4.4704742431640625,
  "227": 4.463003396987915,
  "228": 4.459799528121948,
  "229": 4.441272735595703,
  "230": 4.4433205127716064,
  "231": 4.465790271759033,
  "232": 4.442374229431152,
  "233": 4.4962427616119385,
  "234": 4.50126576423645,
  "235": 4.465728282928467,
  "236": 4.436599016189575,
  "237": 4.4469311237335205,
  "238": 4.442049741744995,
  "239": 4.4414660930633545,
  "240": 4.467211723327637,
  "241": 4.44606876373291,
  "242": 4.423720598220825,
  "243": 4.457586050033569,
  "244": 4.439712762832642,
  "245": 4.444035530090332,
  "246": 4.466442823410034,
  "247": 4.467215299606323,
  "248": 0.7711834907531738,
  "249": 4.448335647583008,
  "250": 4.4623565673828125,
  "251": 4.444215774536133,
  "252": 4.463102579116821,
  "253": 4.464017868041992,
  "254": 4.483329772949219,
  "255": 4.4719860553741455,
  "256": 4.447402238845825,
  "257": 4.447539806365967,
  "258": 4.439429998397827,
  "259": 4.488489866256714,
  "260": 4.460834264755249,
  "261": 4.474478721618652,
  "262": 4.438006162643433,
  "263": 4.463469982147217,
  "264": 4.477764129638672,
  "265": 4.445678472518921,
  "266": 4.453610897064209,
  "267": 4.44594144821167,
  "268": 4.440883636474609,
  "269": 4.444723606109619,
  "270": 4.46468448638916,
  "271": 4.474570274353027,
  "272": 4.474352598190308,
  "273": 4.47253155708313,
  "274": 4.4425811767578125,
  "275": 4.469789028167725,
  "276": 4.473795175552368,
  "277": 4.439064979553223,
  "278": 4.473100900650024,
  "279": 4.4402642250061035,
  "280": 4.454258680343628,
  "281": 4.456875801086426,
  "282": 4.458779811859131,
  "283": 4.420113563537598,
  "284": 4.465195894241333,
  "285": 4.415693521499634,
  "286": 4.502279043197632,
  "287": 4.482105731964111,
  "288": 4.437502145767212,