{
  "average_f1": 0.11239405587044288,
  "average_f1_percent": 11.24,
  "total_evaluated": 500,
  "per_super_category": {
    "2hop": {
      "average_f1": 0.09673062004806741,
      "average_f1_percent": 9.67,
      "total_evaluated": 248
    },
    "answerable": {
      "average_f1": 0.17732342645073815,
      "average_f1_percent": 17.73,
      "total_evaluated": 300
    },
    "3hop": {
      "average_f1": 0.12353851234125193,
      "average_f1_percent": 12.35,
      "total_evaluated": 172
    },
    "4hop": {
      "average_f1": 0.13699012550756737,
      "average_f1_percent": 13.7,
      "total_evaluated": 80
    },
    "unanswerable": {
      "average_f1": 0.015,
      "average_f1_percent": 1.5,
      "total_evaluated": 200
    }
  }
}