{
  "1": 8.411568880081177,
  "2": 0.574007511138916,
  "3": 0.517615795135498,
  "4": 1.7938432693481445,
  "5": 0.7509775161743164,
  "6": 0.431790828704834,
  "7": 0.6335742473602295,
  "8": 6.306076288223267,
  "9": 0.7751400470733643,
  "10": 0.6385729312896729,
  "11": 0.4485795497894287,
  "12": 0.5109703540802002,
  "13": 0.5060124397277832,
  "14": 0.5457539558410645,
  "15": 6.465810060501099,
  "16": 0.7395174503326416,
  "17": 0.6792395114898682,
  "18": 0.5521142482757568,
  "19": 0.6664040088653564,
  "20": 0.4894273281097412,
  "21": 6.3137900829315186,
  "22": 0.7794177532196045,
  "23": 0.5450506210327148,
  "24": 0.7419295310974121,
  "25": 0.5460782051086426,
  "26": 0.5988476276397705,
  "27": 0.5972933769226074,
  "28": 0.45908308029174805,
  "29": 0.5160839557647705,
  "30": 0.5599384307861328,
  "31": 6.350378751754761,
  "32": 6.46868896484375,
  "33": 6.270212173461914,
  "34": 0.5468389987945557,
  "35": 0.4715900421142578,
  "36": 0.6826322078704834,
  "37": 0.49691009521484375,
  "38": 0.5497901439666748,
  "39": 0.5238089561462402,
  "40": 6.363382339477539,
  "41": 0.5934672355651855,
  "42": 0.47351598739624023,
  "43": 0.4816286563873291,
  "44": 6.653314828872681,
  "45": 0.5278654098510742,
  "46": 0.5939173698425293,
  "47": 6.603002071380615,
  "48": 0.48206138610839844,
  "49": 0.5470943450927734,
  "50": 0.49591755867004395,
  "51": 0.49636268615722656,
  "52": 0.48841047286987305,
  "53": 0.647291898727417,
  "54": 6.575400114059448,
  "55": 0.5548074245452881,
  "56": 0.5088739395141602,
  "57": 6.660501480102539,
  "58": 0.49126338958740234,
  "59": 6.536658763885498,
  "60": 6.256847620010376,
  "61": 0.7011468410491943,
  "62": 0.5892984867095947,
  "63": 0.6899106502532959,
  "64": 1.498215913772583,
  "65": 0.5627326965332031,
  "66": 6.831583499908447,
  "67": 0.574089765548706,
  "68": 1.2574825286865234,
  "69": 0.6225476264953613,
  "70": 4.574286699295044,
  "71": 0.5713376998901367,
  "72": 0.5444233417510986,
  "73": 0.5294239521026611,
  "74": 0.4401381015777588,
  "75": 0.7144107818603516,
  "76": 0.5001556873321533,
  "77": 0.6105265617370605,
  "78": 0.6899762153625488,
  "79": 0.6937994956970215,
  "80": 0.9100899696350098,
  "81": 6.695855379104614,
  "82": 0.7943565845489502,
  "83": 6.504538297653198,
  "84": 0.5063064098358154,
  "85": 0.5184781551361084,
  "86": 0.660381555557251,
  "87": 0.43061351776123047,
  "88": 0.46961236000061035,
  "89": 0.5529277324676514,
  "90": 6.244792699813843,
  "91": 0.5866677761077881,
  "92": 6.501975059509277,
  "93": 0.756216287612915,
  "94": 0.595240592956543,
  "95": 6.582101345062256,
  "96": 0.5120668411254883,
  "97": 0.5224239826202393,
  "98": 1.1201341152191162,
  "99": 0.49373722076416016,
  "100": 0.4392828941345215,
  "101": 0.8224468231201172,
  "102": 0.44737982749938965,
  "103": 0.5088613033294678,
  "104": 0.5203313827514648,
  "105": 0.6055335998535156,
  "106": 0.6693816184997559,
  "107": 0.7934083938598633,
  "108": 6.795840501785278,
  "109": 0.5206186771392822,
  "110": 0.47718167304992676,
  "111": 0.47689056396484375,
  "112": 0.5061385631561279,
  "113": 0.8786520957946777,
  "114": 0.5460689067840576,
  "115": 6.2326743602752686,
  "116": 0.5061154365539551,
  "117": 0.4781479835510254,
  "118": 6.518056631088257,
  "119": 0.4923384189605713,
  "120": 0.49727416038513184,
  "121": 6.379466772079468,
  "122": 0.6594679355621338,
  "123": 0.5502948760986328,
  "124": 0.5976214408874512,
  "125": 0.5988454818725586,
  "126": 0.7211341857910156,
  "127": 0.4947476387023926,
  "128": 0.5948202610015869,
  "129": 0.4687521457672119,
  "130": 0.544079065322876,
  "131": 0.6852378845214844,
  "132": 0.543565034866333,
  "133": 0.6875543594360352,
  "134": 0.5685803890228271,
  "135": 0.5754270553588867,
  "136": 6.2436981201171875,
  "137": 0.46770477294921875,
  "138": 0.7213451862335205,
  "139": 0.6305110454559326,
  "140": 0.5921826362609863,
  "141": 0.6398532390594482,
  "142": 0.48543548583984375,
  "143": 0.5708391666412354,
  "144": 0.48067307472229004,
  "145": 0.8702433109283447,
  "146": 6.842570066452026,
  "147": 0.5527389049530029,
  "148": 6.476608991622925,
  "149": 0.5641000270843506,
  "150": 6.39961576461792,
  "151": 0.6649258136749268,
  "152": 0.6519889831542969,
  "153": 0.6713132858276367,
  "154": 0.5159692764282227,
  "155": 0.5942401885986328,
  "156": 0.48831701278686523,
  "157": 0.5484402179718018,
  "158": 0.503014326095581,
  "159": 0.5576386451721191,
  "160": 3.0803160667419434,
  "161": 0.657696008682251,
  "162": 0.633044958114624,
  "163": 1.8970651626586914,
  "164": 0.4584648609161377,
  "165": 0.4813082218170166,
  "166": 0.5092806816101074,
  "167": 6.354422092437744,
  "168": 0.48052453994750977,
  "169": 0.6607434749603271,
  "170": 0.6707243919372559,
  "171": 0.7565691471099854,
  "172": 0.6554133892059326,
  "173": 0.6199336051940918,
  "174": 6.597867012023926,
  "175": 0.6099493503570557,
  "176": 0.558189868927002,
  "177": 0.6418790817260742,
  "178": 0.7849903106689453,
  "179": 0.47725367546081543,
  "180": 0.7412455081939697,
  "181": 0.6169917583465576,
  "182": 1.1021556854248047,
  "183": 0.46449708938598633,
  "184": 0.7539939880371094,
  "185": 0.5212855339050293,
  "186": 0.6313982009887695,
  "187": 6.8538658618927,
  "188": 6.2954466342926025,
  "189": 0.4810159206390381,
  "190": 0.5533926486968994,
  "191": 0.5235087871551514,
  "192": 0.497647762298584,
  "193": 6.596733093261719,
  "194": 0.6105167865753174,
  "195": 0.5552792549133301,
  "196": 0.5251433849334717,
  "197": 0.5077390670776367,
  "198": 0.677509069442749,
  "199": 0.5379581451416016,
  "200": 0.5842475891113281,
  "201": 1.1057827472686768,
  "202": 0.6512956619262695,
  "203": 0.4916853904724121,
  "204": 0.6476531028747559,
  "205": 0.5203762054443359,
  "206": 0.537696361541748,
  "207": 0.758448600769043,
  "208": 0.4984595775604248,
  "209": 0.7233531475067139,
  "210": 0.835580587387085,
  "211": 0.6077060699462891,
  "212": 0.4821054935455322,
  "213": 0.4830739498138428,
  "214": 0.5588788986206055,
  "215": 0.6909611225128174,
  "216": 6.443310499191284,
  "217": 0.5450332164764404,
  "218": 0.47637486457824707,
  "219": 1.210411548614502,
  "220": 6.5443949699401855,
  "221": 6.86413311958313,
  "222": 0.7891488075256348,
  "223": 0.5372464656829834,
  "224": 6.183470010757446,
  "225": 0.5981886386871338,
  "226": 0.5479676723480225,
  "227": 6.530873775482178,
  "228": 0.6024439334869385,
  "229": 0.4480266571044922,
  "230": 0.5559754371643066,
  "231": 6.420685529708862,
  "232": 1.0606908798217773,
  "233": 6.662541151046753,
  "234": 0.5649430751800537,
  "235": 1.072561264038086,
  "236": 0.47829222679138184,
  "237": 0.5375895500183105,
  "238": 1.0219638347625732,
  "239": 0.4907991886138916,
  "240": 0.5574338436126709,
  "241": 0.5607690811157227,
  "242": 0.6030304431915283,
  "243": 0.6032683849334717,
  "244": 6.358211517333984,
  "245": 0.49282217025756836,
  "246": 6.530785799026489,
  "247": 0.7480063438415527,
  "248": 7.155752182006836,
  "249": 6.609439134597778,
  "250": 0.5534894466400146,
  "251": 1.2640259265899658,
  "252": 0.5113246440887451,
  "253": 0.559553861618042,
  "254": 6.5150463581085205,
  "255": 4.673221111297607,
  "256": 2.1734087467193604,
  "257": 0.4554574489593506,
  "258": 0.4997444152832031,
  "259": 0.6595172882080078,
  "260": 0.666346549987793,
  "261": 0.5045394897460938,
  "262": 0.5016694068908691,
  "263": 6.298561096191406,
  "264": 0.6550393104553223,
  "265": 0.5221796035766602,
  "266": 6.292292356491089,
  "267": 0.6060905456542969,
  "268": 4.32531476020813,
  "269": 0.44686174392700195,
  "270": 0.6491897106170654,
  "271": 0.583975076675415,
  "272": 0.7111215591430664,
  "273": 0.6109611988067627,
  "274": 0.7254810333251953,
  "275": 6.764826059341431,
  "276": 1.1119170188903809,
  "277": 6.1925389766693115,
  "278": 0.6271014213562012,
  "279": 6.151974678039551,
  "280": 0.6008327007293701,
  "281": 0.4972798824310303,