{
  "1": 11.413465976715088,
  "2": 6.71789813041687,
  "3": 6.8472113609313965,
  "4": 6.823073625564575,
  "5": 6.922309160232544,
  "6": 6.896716594696045,
  "7": 6.766726732254028,
  "8": 6.948926210403442,
  "9": 6.8472161293029785,
  "10": 7.072351694107056,
  "11": 6.710302352905273,
  "12": 6.968683242797852,
  "13": 6.731400012969971,
  "14": 6.922910213470459,
  "15": 6.8436243534088135,
  "16": 6.7973792552948,
  "17": 6.99826979637146,
  "18": 6.998567819595337,
  "19": 7.216952562332153,
  "20": 6.92279577255249,
  "21": 7.0656702518463135,
  "22": 6.948403835296631,
  "23": 6.84906792640686,
  "24": 7.11053466796875,
  "25": 7.047035217285156,
  "26": 7.180056095123291,
  "27": 7.093696594238281,
  "28": 6.994433879852295,
  "29": 6.919827222824097,
  "30": 6.843630313873291,
  "31": 6.800426483154297,
  "32": 6.844082832336426,
  "33": 6.830926418304443,
  "34": 6.878623723983765,
  "35": 6.690783262252808,
  "36": 6.788345813751221,
  "37": 6.93044900894165,
  "38": 7.053352117538452,
  "39": 7.0238330364227295,
  "40": 6.8683693408966064,
  "41": 6.967132806777954,
  "42": 6.774705410003662,
  "43": 6.7314066886901855,
  "44": 6.978784561157227,
  "45": 6.742492914199829,
  "46": 6.707963466644287,
  "47": 6.864014148712158,
  "48": 6.690987825393677,
  "49": 6.761838912963867,
  "50": 6.85610032081604,
  "51": 6.799311876296997,
  "52": 6.758259534835815,
  "53": 6.786874294281006,
  "54": 6.803554058074951,
  "55": 6.868136405944824,
  "56": 6.986957550048828,
  "57": 6.948084115982056,
  "58": 6.735004901885986,
  "59": 6.800880670547485,
  "60": 6.945976495742798,
  "61": 6.707707643508911,
  "62": 6.800248384475708,
  "63": 6.962424993515015,
  "64": 6.948346376419067,
  "65": 6.8240087032318115,
  "66": 6.826512098312378,
  "67": 6.810786485671997,
  "68": 6.925320625305176,
  "69": 6.768561124801636,
  "70": 6.678545951843262,
  "71": 6.9495275020599365,
  "72": 6.888082504272461,
  "73": 6.73449182510376,
  "74": 6.900779962539673,
  "75": 6.932820558547974,
  "76": 6.95561408996582,
  "77": 7.084460496902466,
  "78": 6.681925296783447,
  "79": 7.135584115982056,
  "80": 7.099173545837402,
  "81": 6.942321538925171,
  "82": 6.837959289550781,
  "83": 7.0047056674957275,
  "84": 6.7772438526153564,
  "85": 6.6957151889801025,
  "86": 6.9897377490997314,
  "87": 6.792773485183716,
  "88": 6.958067893981934,
  "89": 6.771152973175049,
  "90": 6.7383809089660645,
  "91": 6.844632148742676,
  "92": 6.71224308013916,
  "93": 6.711407661437988,
  "94": 7.07135534286499,
  "95": 7.144787073135376,
  "96": 6.8451268672943115,
  "97": 6.9243810176849365,
  "98": 6.943009853363037,
  "99": 6.806151628494263,
  "100": 7.011619329452515,
  "101": 7.01833701133728,
  "102": 6.809297561645508,
  "103": 6.722693681716919,
  "104": 6.9533371925354,
  "105": 6.975216388702393,
  "106": 6.958995819091797,
  "107": 6.787440776824951,
  "108": 6.8676841259002686,
  "109": 7.001250505447388,
  "110": 6.698703765869141,
  "111": 6.703643321990967,
  "112": 6.9764564037323,
  "113": 6.759913206100464,
  "114": 6.918168783187866,
  "115": 6.970324277877808,
  "116": 6.733003377914429,
  "117": 6.847574234008789,
  "118": 6.657847166061401,
  "119": 6.59943151473999,
  "120": 6.714199066162109,
  "121": 6.9722394943237305,
  "122": 6.8150634765625,
  "123": 6.869445085525513,
  "124": 7.053670406341553,
  "125": 6.661647319793701,
  "126": 6.584679841995239,
  "127": 6.925405740737915,
  "128": 6.719970703125,
  "129": 6.660643100738525,
  "130": 6.914179086685181,
  "131": 6.854403734207153,
  "132": 6.763091564178467,
  "133": 6.77291202545166,
  "134": 6.774618625640869,
  "135": 6.8381733894348145,
  "136": 6.71118426322937,
  "137": 6.722169637680054,
  "138": 6.9845428466796875,
  "139": 7.097458600997925,
  "140": 6.606285333633423,
  "141": 7.012348175048828,
  "142": 6.788942337036133,
  "143": 6.799669504165649,
  "144": 6.689575910568237,
  "145": 6.8821141719818115,
  "146": 6.892080307006836,
  "147": 6.61144495010376,
  "148": 6.776495933532715,
  "149": 6.679941654205322,
  "150": 6.773911476135254,
  "151": 6.641769170761108,
  "152": 6.704109191894531,
  "153": 6.860942125320435,
  "154": 6.6965391635894775,
  "155": 6.777484893798828,
  "156": 6.791078567504883,
  "157": 6.740158796310425,
  "158": 6.6689488887786865,
  "159": 6.659639120101929,
  "160": 6.700552701950073,
  "161": 6.93672776222229,
  "162": 6.991620302200317,
  "163": 6.684726715087891,
  "164": 6.6978795528411865,
  "165": 6.748741149902344,
  "166": 6.800624847412109,
  "167": 6.719067335128784,
  "168": 6.820389270782471,
  "169": 6.72258186340332,
  "170": 6.864375352859497,
  "171": 6.592174530029297,
  "172": 6.677130460739136,
  "173": 6.57982611656189,
  "174": 6.668952226638794,
  "175": 7.011716365814209,
  "176": 6.842477560043335,
  "177": 7.0660765171051025,
  "178": 6.607350826263428,
  "179": 6.714198350906372,
  "180": 6.785376787185669,
  "181": 6.696791887283325,
  "182": 6.67338228225708,
  "183": 6.672262191772461,
  "184": 6.620714902877808,
  "185": 6.547170162200928,
  "186": 6.647879362106323,
  "187": 6.618152379989624,
  "188": 6.604051351547241,
  "189": 6.625678300857544,
  "190": 6.715773820877075,
  "191": 6.606022119522095,
  "192": 6.688114404678345,
  "193": 6.728670835494995,
  "194": 6.749288558959961,
  "195": 6.682062864303589,
  "196": 6.6875622272491455,
  "197": 6.600733757019043,
  "198": 6.5668158531188965,
  "199": 6.804743051528931,
  "200": 6.699540138244629,
  "201": 6.624241352081299,
  "202": 6.7366602420806885,
  "203": 6.59410834312439,
  "204": 6.7908666133880615,
  "205": 6.622347831726074,
  "206": 6.680736780166626,
  "207": 6.673318147659302,
  "208": 6.69277548789978,
  "209": 6.5964906215667725,
  "210": 6.8127570152282715,
  "211": 6.685435056686401,
  "212": 6.7827370166778564,
  "213": 6.641308307647705,
  "214": 6.687291860580444,
  "215": 6.568711042404175,
  "216": 6.645270586013794,
  "217": 6.8103415966033936,
  "218": 6.789139986038208,
  "219": 6.647277355194092,
  "220": 6.732723712921143,
  "221": 6.69936990737915,
  "222": 6.676617622375488,
  "223": 6.67371678352356,
  "224": 6.773318767547607,
  "225": 6.77154541015625,
  "226": 6.783935308456421,
  "227": 6.659482955932617,
  "228": 6.806844711303711,
  "229": 6.567537784576416,
  "230": 6.634928226470947,
  "231": 6.660787343978882,
  "232": 6.611734628677368,
  "233": 6.8605568408966064,
  "234": 6.838849306106567,
  "235": 6.639161109924316,
  "236": 6.700251340866089,
  "237": 6.807261943817139,
  "238": 6.626711368560791,
  "239": 6.626434803009033,
  "240": 6.662505626678467,
  "241": 6.696756362915039,
  "242": 6.591012477874756,
  "243": 6.74033784866333,
  "244": 6.568390846252441,
  "245": 6.593584775924683,
  "246": 6.725734710693359,
  "247": 6.652139186859131,
  "248": 6.596192836761475,
  "249": 6.771541357040405,
  "250": 6.767347574234009,
  "251": 6.6353068351745605,
  "252": 6.714382886886597,
  "253": 6.796653985977173,
  "254": 6.683595657348633,
  "255": 6.9300291538238525,
  "256": 6.718228101730347,
  "257": 6.694694757461548,
  "258": 6.618154525756836,
  "259": 6.733315944671631,
  "260": 6.620516300201416,
  "261": 6.674899339675903,
  "262": 6.600933313369751,
  "263": 6.7341532707214355,
  "264": 6.73453950881958,
  "265": 6.6108317375183105,
  "266": 6.72821044921875,
  "267": 6.7670323848724365,
  "268": 6.626306533813477,
  "269": 6.6775062084198,
  "270": 6.653043031692505,
  "271": 6.815422534942627,
  "272": 6.700935125350952,
  "273": 6.680685997009277,
  "274": 6.6078150272369385,
  "275": 6.6490159034729,
  "276": 6.732836484909058,
  "277": 6.649555444717407,
  "278": 6.616494655609131,
  "279": 6.777651071548462,
  "280": 6.699649810791016,
  "281": 6.829556703567505,
  "282": 6.664956092834473,
  "283": 6.750389575958252,
  "284": 6.622839450836182,
  "285": 6.635504245758057,
  "286": 6.613452196121216,
  "287": 6.777127027511597,
  "288": 6.582888603210449,
  "289": 6.733631610870361,