{
  "1": 11.762716293334961,
  "2": 0.3159053325653076,
  "3": 5.338536024093628,
  "4": 5.328625917434692,
  "5": 0.19930219650268555,
  "6": 5.307744264602661,
  "7": 5.335311412811279,
  "8": 0.40862441062927246,
  "9": 5.3048529624938965,
  "10": 5.46443772315979,
  "11": 5.373846769332886,
  "12": 5.365757942199707,
  "13": 5.37696099281311,
  "14": 5.392924547195435,
  "15": 0.28723931312561035,
  "16": 5.4230406284332275,
  "17": 5.424664497375488,
  "18": 0.41099047660827637,
  "19": 5.36502480506897,
  "20": 5.385367393493652,
  "21": 5.36969518661499,
  "22": 5.420100450515747,
  "23": 0.37886738777160645,
  "24": 5.422432899475098,
  "25": 5.391044855117798,
  "26": 5.4045116901397705,
  "27": 0.41054749488830566,
  "28": 5.398397207260132,
  "29": 5.420863628387451,
  "30": 5.389206647872925,
  "31": 5.368217945098877,
  "32": 0.33011555671691895,
  "33": 5.364262104034424,
  "34": 5.421192646026611,
  "35": 5.352681398391724,
  "36": 5.429382085800171,
  "37": 5.376323699951172,
  "38": 5.528364181518555,
  "39": 0.21242880821228027,
  "40": 0.2972400188446045,
  "41": 5.800417423248291,
  "42": 5.40027928352356,
  "43": 5.36913537979126,
  "44": 1.0574305057525635,
  "45": 5.356243848800659,
  "46": 5.373674154281616,
  "47": 0.3215041160583496,
  "48": 5.388513803482056,
  "49": 5.366199731826782,
  "50": 5.367718696594238,
  "51": 5.364221811294556,
  "52": 0.25031208992004395,
  "53": 5.408350229263306,
  "54": 5.399939298629761,
  "55": 5.390496253967285,
  "56": 5.400738716125488,
  "57": 5.393449544906616,
  "58": 5.371866941452026,
  "59": 5.420681476593018,
  "60": 5.35954475402832,
  "61": 5.3616623878479,
  "62": 5.392563104629517,
  "63": 5.400859594345093,
  "64": 5.4504921436309814,
  "65": 5.391706466674805,
  "66": 5.367895126342773,
  "67": 5.388696908950806,
  "68": 5.400495529174805,
  "69": 5.387885570526123,
  "70": 5.366231679916382,
  "71": 0.3220937252044678,
  "72": 5.360000848770142,
  "73": 5.350741386413574,
  "74": 0.2537190914154053,
  "75": 5.399246454238892,
  "76": 5.369913816452026,
  "77": 5.398352384567261,
  "78": 5.362497806549072,
  "79": 5.421258211135864,
  "80": 5.385871171951294,
  "81": 5.368176460266113,
  "82": 5.4288249015808105,
  "83": 5.437250137329102,
  "84": 5.349877834320068,
  "85": 5.361939907073975,
  "86": 5.363490581512451,
  "87": 5.362812042236328,
  "88": 5.353770732879639,
  "89": 5.401349306106567,
  "90": 0.32757019996643066,
  "91": 5.392099380493164,
  "92": 5.395181894302368,
  "93": 0.7827327251434326,
  "94": 5.403810262680054,
  "95": 5.4223313331604,
  "96": 5.3506481647491455,
  "97": 5.362670183181763,
  "98": 5.367894172668457,
  "99": 0.25647711753845215,
  "100": 5.367039442062378,
  "101": 5.362251281738281,
  "102": 0.2971317768096924,
  "103": 0.43856263160705566,
  "104": 0.3198578357696533,
  "105": 5.398065567016602,
  "106": 5.418791770935059,
  "107": 5.3913047313690186,
  "108": 5.455909490585327,
  "109": 5.353107690811157,
  "110": 5.350561618804932,
  "111": 5.349524974822998,
  "112": 0.2792246341705322,
  "113": 0.3805661201477051,
  "114": 0.2998232841491699,
  "115": 5.364423036575317,
  "116": 5.395684242248535,
  "117": 0.29158544540405273,
  "118": 5.4235312938690186,
  "119": 5.3621532917022705,
  "120": 5.393763542175293,
  "121": 5.392357587814331,
  "122": 5.407982349395752,
  "123": 5.398975133895874,
  "124": 5.3934736251831055,
  "125": 5.412207126617432,
  "126": 5.346933603286743,
  "127": 5.366857051849365,
  "128": 0.32021021842956543,
  "129": 0.20601963996887207,
  "130": 5.359841346740723,
  "131": 0.3803560733795166,
  "132": 5.3986382484436035,
  "133": 5.390928745269775,
  "134": 0.21081256866455078,
  "135": 5.3587892055511475,
  "136": 5.368175506591797,
  "137": 0.32059168815612793,
  "138": 5.365635871887207,
  "139": 0.2640852928161621,
  "140": 5.3857409954071045,
  "141": 0.3204371929168701,
  "142": 5.345576763153076,
  "143": 5.410471439361572,
  "144": 5.355942010879517,
  "145": 5.346036434173584,
  "146": 5.367156028747559,
  "147": 5.681720972061157,
  "148": 5.40105938911438,
  "149": 5.357271909713745,
  "150": 0.2816488742828369,
  "151": 5.3585240840911865,
  "152": 5.474213600158691,
  "153": 5.4939751625061035,
  "154": 5.530819892883301,
  "155": 5.403523206710815,
  "156": 0.2958261966705322,
  "157": 5.40152382850647,
  "158": 5.35938835144043,
  "159": 5.402413368225098,
  "160": 5.377425193786621,
  "161": 0.4468576908111572,
  "162": 5.431464672088623,
  "163": 5.3782124519348145,
  "164": 5.379979372024536,
  "165": 5.365741968154907,
  "166": 5.389972925186157,
  "167": 5.399266242980957,
  "168": 5.363620758056641,
  "169": 5.400057315826416,
  "170": 0.29204249382019043,
  "171": 5.369400978088379,
  "172": 5.433190107345581,
  "173": 5.3696982860565186,
  "174": 5.437758684158325,
  "175": 5.450543403625488,
  "176": 0.37056756019592285,
  "177": 5.39652681350708,
  "178": 5.38252854347229,
  "179": 5.36377739906311,
  "180": 5.450986385345459,
  "181": 5.347618579864502,
  "182": 0.5416643619537354,
  "183": 5.346080303192139,
  "184": 0.32132720947265625,
  "185": 0.24196529388427734,
  "186": 5.3757593631744385,
  "187": 5.366097927093506,
  "188": 5.394756317138672,
  "189": 5.367161512374878,
  "190": 0.40248966217041016,
  "191": 5.3591718673706055,
  "192": 5.396248817443848,
  "193": 0.5007281303405762,
  "194": 5.377334117889404,
  "195": 5.429821252822876,
  "196": 5.3586084842681885,
  "197": 5.405202627182007,
  "198": 5.368706703186035,
  "199": 0.4178953170776367,
  "200": 0.25464391708374023,
  "201": 5.354654312133789,
  "202": 5.393939018249512,
  "203": 0.21321463584899902,
  "204": 5.410181760787964,
  "205": 5.403466463088989,
  "206": 5.366279602050781,
  "207": 5.397647380828857,
  "208": 5.396144390106201,
  "209": 0.3293604850769043,
  "210": 0.33508777618408203,
  "211": 5.382521867752075,
  "212": 0.2112894058227539,
  "213": 5.367622375488281,
  "214": 5.437405586242676,
  "215": 0.4006843566894531,
  "216": 0.21817493438720703,
  "217": 0.4603395462036133,
  "218": 5.361952543258667,
  "219": 5.346086263656616,
  "220": 5.430388450622559,
  "221": 0.35747790336608887,
  "222": 5.361518144607544,
  "223": 0.32176923751831055,
  "224": 5.407349348068237,
  "225": 5.45324969291687,
  "226": 5.423421859741211,
  "227": 5.393292665481567,
  "228": 0.4107086658477783,
  "229": 5.352961540222168,
  "230": 5.371579170227051,
  "231": 0.3166463375091553,
  "232": 5.3634421825408936,
  "233": 5.547079563140869,
  "234": 0.352252721786499,
  "235": 5.623840093612671,
  "236": 0.29444169998168945,
  "237": 5.405987977981567,
  "238": 5.394714593887329,
  "239": 0.2539379596710205,
  "240": 5.429457664489746,
  "241": 5.446467399597168,
  "242": 5.417396068572998,
  "243": 0.32178211212158203,
  "244": 5.394083499908447,
  "245": 0.2956829071044922,
  "246": 5.453850269317627,
  "247": 5.442135572433472,
  "248": 0.5632064342498779,
  "249": 0.2984757423400879,
  "250": 5.605985879898071,
  "251": 5.427592754364014,
  "252": 0.2774832248687744,
  "253": 0.4004240036010742,
  "254": 5.588459491729736,
  "255": 5.435239553451538,
  "256": 0.3333897590637207,
  "257": 5.418657064437866,
  "258": 5.413746356964111,
  "259": 5.452812194824219,
  "260": 0.33317017555236816,
  "261": 5.417375564575195,
  "262": 5.416142463684082,
  "263": 5.572126865386963,
  "264": 5.570646286010742,
  "265": 5.466033935546875,
  "266": 0.322955846786499,
  "267": 5.397751331329346,
  "268": 5.422349452972412,
  "269": 5.3692567348480225,
  "270": 5.434898614883423,
  "271": 5.505197525024414,
  "272": 5.460613250732422,
  "273": 0.45602846145629883,
  "274": 5.463320255279541,
  "275": 5.572422027587891,
  "276": 0.5413458347320557,
  "277": 5.5000104904174805,
  "278": 5.414927959442139,
  "279": 0.17174792289733887,
  "280": 5.461999416351318,
  "281": 5.450588703155518,
  "282": 0.31908416748046875,
  "283": 5.400974750518799,
  "284": 5.403930425643921,
  "285": 5.416202783584595,