{
  "1": 7.2159154415130615,
  "2": 4.118405342102051,
  "3": 4.239772081375122,
  "4": 4.150753974914551,
  "5": 4.11294412612915,
  "6": 4.136227607727051,
  "7": 4.235177278518677,
  "8": 4.161575555801392,
  "9": 4.142970085144043,
  "10": 4.271844148635864,
  "11": 4.1373090744018555,
  "12": 4.105162858963013,
  "13": 4.0866734981536865,
  "14": 4.151202917098999,
  "15": 4.100074291229248,
  "16": 0.4997446537017822,
  "17": 4.248501539230347,
  "18": 4.159423589706421,
  "19": 4.086299180984497,
  "20": 4.10067081451416,
  "21": 4.109041452407837,
  "22": 4.253279209136963,
  "23": 4.122112274169922,
  "24": 4.235686302185059,
  "25": 4.135363817214966,
  "26": 4.227738380432129,
  "27": 4.1944379806518555,
  "28": 4.137178421020508,
  "29": 4.2440431118011475,
  "30": 4.238561391830444,
  "31": 4.12657904624939,
  "32": 4.232098340988159,
  "33": 4.125870943069458,
  "34": 4.194925785064697,
  "35": 4.097971200942993,
  "36": 4.28594183921814,
  "37": 4.127405881881714,
  "38": 4.131369113922119,
  "39": 4.111758470535278,
  "40": 4.123542785644531,
  "41": 4.238022089004517,
  "42": 4.139357089996338,
  "43": 4.103977918624878,
  "44": 4.195163726806641,
  "45": 4.118932485580444,
  "46": 4.126455783843994,
  "47": 4.197546720504761,
  "48": 4.149411916732788,
  "49": 4.133877992630005,
  "50": 4.132373571395874,
  "51": 4.135222911834717,
  "52": 4.112147331237793,
  "53": 4.247295618057251,
  "54": 4.201317310333252,
  "55": 4.145738363265991,
  "56": 4.199845314025879,
  "57": 4.196016311645508,
  "58": 4.127997398376465,
  "59": 4.2923264503479,
  "60": 4.114567995071411,
  "61": 4.106179714202881,
  "62": 4.202511310577393,
  "63": 4.243577718734741,
  "64": 4.28673791885376,
  "65": 4.208362817764282,
  "66": 4.1130475997924805,
  "67": 4.13606333732605,
  "68": 4.216545343399048,
  "69": 4.15340256690979,
  "70": 4.140599966049194,
  "71": 4.1205244064331055,
  "72": 2.813063859939575,
  "73": 4.115505218505859,
  "74": 4.128476619720459,
  "75": 4.22246789932251,
  "76": 4.1503846645355225,
  "77": 4.22232723236084,
  "78": 4.146846532821655,
  "79": 4.30778956413269,
  "80": 4.157418966293335,
  "81": 4.1450514793396,
  "82": 4.297540187835693,
  "83": 4.336942434310913,
  "84": 4.141137599945068,
  "85": 4.144107818603516,
  "86": 4.153791904449463,
  "87": 4.138611793518066,
  "88": 4.114625453948975,
  "89": 4.229237079620361,
  "90": 4.217950820922852,
  "91": 4.222292423248291,
  "92": 4.214235782623291,
  "93": 4.112321138381958,
  "94": 4.260590076446533,
  "95": 4.322418212890625,
  "96": 4.1264259815216064,
  "97": 4.109310150146484,
  "98": 4.132993459701538,
  "99": 4.129427433013916,
  "100": 4.121994972229004,
  "101": 4.141789197921753,
  "102": 4.123912334442139,
  "103": 4.139699697494507,
  "104": 4.141749382019043,
  "105": 4.225644826889038,
  "106": 4.29850697517395,
  "107": 4.140511751174927,
  "108": 4.3529980182647705,
  "109": 4.125707626342773,
  "110": 4.111255645751953,
  "111": 4.10796332359314,
  "112": 4.143294334411621,
  "113": 4.135694980621338,
  "114": 4.14443826675415,
  "115": 4.109179258346558,
  "116": 4.192163944244385,
  "117": 4.112201690673828,
  "118": 4.289366722106934,
  "119": 4.1199870109558105,
  "120": 4.131626129150391,
  "121": 4.196222305297852,
  "122": 4.248106002807617,
  "123": 4.144212245941162,
  "124": 4.215306282043457,
  "125": 4.209488868713379,
  "126": 4.074054718017578,
  "127": 4.131101369857788,
  "128": 4.197556734085083,
  "129": 4.110453367233276,
  "130": 4.0729146003723145,
  "131": 4.14328145980835,
  "132": 4.204911470413208,
  "133": 4.199200391769409,
  "134": 4.113877534866333,
  "135": 4.115839958190918,
  "136": 4.077020645141602,
  "137": 4.107855319976807,
  "138": 4.114866733551025,
  "139": 4.286921977996826,
  "140": 4.133301258087158,
  "141": 4.194834470748901,
  "142": 4.0764524936676025,
  "143": 4.206537246704102,
  "144": 4.107519865036011,
  "145": 4.0766379833221436,
  "146": 4.1296210289001465,
  "147": 4.196514368057251,
  "148": 4.194317102432251,
  "149": 4.102562427520752,
  "150": 4.193014144897461,
  "151": 4.111710071563721,
  "152": 4.1534507274627686,
  "153": 4.249171257019043,
  "154": 4.145490884780884,
  "155": 4.192635536193848,
  "156": 4.132204532623291,
  "157": 4.203120946884155,
  "158": 0.3857383728027344,
  "159": 4.144031763076782,
  "160": 4.121157884597778,
  "161": 4.194991827011108,
  "162": 4.284893035888672,
  "163": 4.133699893951416,
  "164": 4.126592397689819,
  "165": 4.1199281215667725,
  "166": 4.1420629024505615,
  "167": 4.137632131576538,
  "168": 4.110742092132568,
  "169": 4.149296522140503,
  "170": 4.112215995788574,
  "171": 4.1183531284332275,
  "172": 0.5989468097686768,
  "173": 4.127991199493408,
  "174": 4.251547336578369,
  "175": 4.2515363693237305,
  "176": 4.190743446350098,
  "177": 4.1973536014556885,
  "178": 4.1311936378479,
  "179": 4.105877876281738,
  "180": 4.292919397354126,
  "181": 4.112720966339111,
  "182": 4.109909296035767,
  "183": 4.0647711753845215,
  "184": 4.094195365905762,
  "185": 4.100579023361206,
  "186": 4.1283018589019775,
  "187": 4.099127769470215,
  "188": 4.137948036193848,
  "189": 4.237375020980835,
  "190": 4.1393091678619385,
  "191": 4.105815410614014,
  "192": 4.135090351104736,
  "193": 0.7840762138366699,
  "194": 4.102593183517456,
  "195": 4.248540878295898,
  "196": 4.109888076782227,
  "197": 4.144760847091675,
  "198": 4.127689599990845,
  "199": 4.123178720474243,
  "200": 4.12329626083374,
  "201": 4.07038140296936,
  "202": 4.137399911880493,
  "203": 4.113106727600098,
  "204": 4.229944467544556,
  "205": 4.1377177238464355,
  "206": 4.115008115768433,
  "207": 4.201596736907959,
  "208": 4.196383476257324,
  "209": 4.107889413833618,
  "210": 4.107312917709351,
  "211": 4.1233954429626465,
  "212": 4.10281229019165,
  "213": 4.104685306549072,
  "214": 4.20059609413147,
  "215": 4.13292670249939,
  "216": 4.122561693191528,
  "217": 4.3009419441223145,
  "218": 4.10250186920166,
  "219": 4.075853586196899,
  "220": 4.238152742385864,
  "221": 4.143547534942627,
  "222": 4.104496955871582,
  "223": 4.193170547485352,
  "224": 4.196608304977417,
  "225": 4.252589464187622,
  "226": 4.209268808364868,
  "227": 4.193834543228149,
  "228": 4.200762033462524,
  "229": 4.070372819900513,
  "230": 4.122209310531616,
  "231": 4.138379096984863,
  "232": 4.107939720153809,
  "233": 4.326186180114746,
  "234": 4.260122776031494,
  "235": 4.200695037841797,
  "236": 4.11024808883667,
  "237": 4.120846748352051,
  "238": 4.104922294616699,
  "239": 4.108399391174316,
  "240": 4.19311785697937,
  "241": 4.204079866409302,
  "242": 4.137993574142456,
  "243": 4.142316579818726,
  "244": 4.106086254119873,
  "245": 4.130709409713745,
  "246": 4.217169761657715,
  "247": 4.202538251876831,
  "248": 4.1433069705963135,
  "249": 4.140092849731445,
  "250": 4.1975390911102295,
  "251": 4.111068964004517,
  "252": 4.142122983932495,
  "253": 4.1427857875823975,
  "254": 4.302432298660278,
  "255": 4.1513519287109375,
  "256": 4.10602331161499,
  "257": 4.142746448516846,
  "258": 4.138139963150024,
  "259": 4.239351987838745,
  "260": 4.1156535148620605,
  "261": 4.145960569381714,
  "262": 4.13891077041626,
  "263": 4.210832118988037,
  "264": 4.206510782241821,
  "265": 4.111265420913696,
  "266": 4.195091724395752,
  "267": 4.101209878921509,
  "268": 4.118476390838623,
  "269": 4.072214126586914,
  "270": 4.211889982223511,
  "271": 4.292649984359741,
  "272": 4.209455490112305,
  "273": 4.208976745605469,
  "274": 4.133430480957031,
  "275": 4.198699235916138,
  "276": 4.244142055511475,
  "277": 4.129857778549194,
  "278": 4.198501348495483,
  "279": 4.129526376724243,
  "280": 4.245900630950928,
  "281": 4.150895833969116,
  "282": 4.154399633407593,
  "283": 4.117647171020508,
  "284": 4.1139349937438965,
  "285": 4.110565900802612,
  "286": 4.131031513214111,
  "287": 4.21235728263855,
  "288": 4.070929527282715,
  "289": 4.200178146362305,