{
  "1": 11.501971006393433,
  "2": 6.121142864227295,
  "3": 7.261054277420044,
  "4": 8.232912302017212,
  "5": 8.111109018325806,
  "6": 8.125932931900024,
  "7": 8.148223638534546,
  "8": 8.131067514419556,
  "9": 8.082233905792236,
  "10": 8.40926718711853,
  "11": 6.3653881549835205,
  "12": 5.962745189666748,
  "13": 5.944018840789795,
  "14": 6.0076892375946045,
  "15": 5.931048154830933,
  "16": 6.122079849243164,
  "17": 6.4468982219696045,
  "18": 6.732515811920166,
  "19": 6.2409913539886475,
  "20": 6.34598708152771,
  "21": 5.944687604904175,
  "22": 6.09166407585144,
  "23": 5.981244802474976,
  "24": 6.700602293014526,
  "25": 6.632476091384888,
  "26": 6.044612646102905,
  "27": 5.984492301940918,
  "28": 5.973218679428101,
  "29": 6.474580764770508,
  "30": 5.923840761184692,
  "31": 5.913241624832153,
  "32": 6.010857105255127,
  "33": 5.932637929916382,
  "34": 5.994104623794556,
  "35": 5.90148138999939,
  "36": 6.164788484573364,
  "37": 5.9748215675354,
  "38": 6.627902984619141,
  "39": 5.951482772827148,
  "40": 5.911066770553589,
  "41": 6.053116321563721,
  "42": 5.968015193939209,
  "43": 5.914997100830078,
  "44": 5.9922590255737305,
  "45": 5.934338331222534,
  "46": 5.956407070159912,
  "47": 6.350564241409302,
  "48": 5.956692695617676,
  "49": 5.994910717010498,
  "50": 5.963113069534302,
  "51": 5.957794904708862,
  "52": 5.939436912536621,
  "53": 1.159240484237671,
  "54": 5.995768070220947,
  "55": 5.952826738357544,
  "56": 6.003722667694092,
  "57": 6.578131675720215,
  "58": 5.9659552574157715,
  "59": 6.097280740737915,
  "60": 5.952043294906616,
  "61": 5.913145303726196,
  "62": 5.985246658325195,
  "63": 6.0429370403289795,
  "64": 6.100604057312012,
  "65": 6.016398668289185,
  "66": 6.5424582958221436,
  "67": 5.968557596206665,
  "68": 6.001776695251465,
  "69": 6.215555906295776,
  "70": 6.594441652297974,
  "71": 6.729634046554565,
  "72": 6.203527927398682,
  "73": 6.338320016860962,
  "74": 6.130162239074707,
  "75": 6.673027515411377,
  "76": 6.073323488235474,
  "77": 6.707144498825073,
  "78": 6.6375346183776855,
  "79": 6.803135871887207,
  "80": 6.327511787414551,
  "81": 5.963471412658691,
  "82": 6.076135635375977,
  "83": 6.4532880783081055,
  "84": 5.951585531234741,
  "85": 5.94872260093689,
  "86": 5.977767467498779,
  "87": 5.952547550201416,
  "88": 5.946358919143677,
  "89": 6.014523029327393,
  "90": 6.012105941772461,
  "91": 6.02288818359375,
  "92": 6.18979287147522,
  "93": 6.787478923797607,
  "94": 7.019497871398926,
  "95": 7.5219197273254395,
  "96": 6.039900302886963,
  "97": 6.080976247787476,
  "98": 0.7763533592224121,
  "99": 6.091562747955322,
  "100": 6.071632623672485,
  "101": 6.092822074890137,
  "102": 6.2980804443359375,
  "103": 6.1554834842681885,
  "104": 6.2180845737457275,
  "105": 6.627476930618286,
  "106": 6.203090190887451,
  "107": 6.061145067214966,
  "108": 6.3078484535217285,
  "109": 6.062418699264526,
  "110": 6.009565830230713,
  "111": 5.967436790466309,
  "112": 5.951138973236084,
  "113": 5.98111367225647,
  "114": 6.464655160903931,
  "115": 5.949706792831421,
  "116": 6.015697240829468,
  "117": 5.92647647857666,
  "118": 6.124299049377441,
  "119": 5.9350974559783936,
  "120": 5.926671504974365,
  "121": 6.062674283981323,
  "122": 6.047806978225708,
  "123": 6.382251262664795,
  "124": 6.526899099349976,
  "125": 6.74976658821106,
  "126": 6.127480983734131,
  "127": 5.927321434020996,
  "128": 6.019034385681152,
  "129": 5.950209856033325,
  "130": 5.980844259262085,
  "131": 6.406057834625244,
  "132": 6.659794807434082,
  "133": 6.019770383834839,
  "134": 6.082379341125488,
  "135": 5.943278551101685,
  "136": 5.918511390686035,
  "137": 5.928580284118652,
  "138": 5.935231447219849,
  "139": 6.089260816574097,
  "140": 5.943952798843384,
  "141": 6.446958303451538,
  "142": 5.901721477508545,
  "143": 6.0119850635528564,
  "144": 5.9190709590911865,
  "145": 5.899320363998413,
  "146": 5.949987173080444,
  "147": 5.997070789337158,
  "148": 5.979961156845093,
  "149": 5.904896974563599,
  "150": 6.020421743392944,
  "151": 6.295193195343018,
  "152": 5.983705759048462,
  "153": 6.050940036773682,
  "154": 5.979011535644531,
  "155": 6.005802869796753,
  "156": 5.969248056411743,
  "157": 5.99894380569458,
  "158": 5.954638242721558,
  "159": 5.951340913772583,
  "160": 6.422004699707031,
  "161": 5.912530899047852,
  "162": 6.073181390762329,
  "163": 6.127769231796265,
  "164": 6.042656898498535,
  "165": 5.999297142028809,
  "166": 5.930237054824829,
  "167": 5.969835042953491,
  "168": 5.862123489379883,
  "169": 6.282641172409058,
  "170": 5.988210916519165,
  "171": 6.0102386474609375,
  "172": 0.6691794395446777,
  "173": 6.04374623298645,
  "174": 6.183059453964233,
  "175": 6.173579216003418,
  "176": 6.165899038314819,
  "177": 6.405666828155518,
  "178": 6.806934595108032,
  "179": 6.802363157272339,
  "180": 6.825845003128052,
  "181": 6.021085739135742,
  "182": 5.939619541168213,
  "183": 6.1091320514678955,
  "184": 6.66859245300293,
  "185": 6.699118137359619,
  "186": 6.701633930206299,
  "187": 6.822089433670044,
  "188": 5.995629072189331,
  "189": 5.956979513168335,
  "190": 5.939205646514893,
  "191": 5.93115234375,
  "192": 5.927143096923828,
  "193": 6.189620018005371,
  "194": 5.900423765182495,
  "195": 7.092278718948364,
  "196": 7.155851602554321,
  "197": 8.288249969482422,
  "198": 8.11310863494873,
  "199": 8.32967472076416,
  "200": 8.087880373001099,
  "201": 8.000617980957031,
  "202": 8.165107011795044,
  "203": 8.18254566192627,
  "204": 8.34139108657837,
  "205": 8.127079248428345,
  "206": 0.8835692405700684,
  "207": 8.174842119216919,
  "208": 8.154534339904785,
  "209": 8.03337574005127,
  "210": 8.060367345809937,
  "211": 6.938540935516357,
  "212": 6.586849927902222,
  "213": 6.434932708740234,
  "214": 6.485122919082642,
  "215": 6.383559465408325,
  "216": 0.5400655269622803,
  "217": 6.408505916595459,
  "218": 6.368629693984985,
  "219": 6.2986626625061035,
  "220": 6.547103643417358,
  "221": 6.448028087615967,
  "222": 6.409333229064941,
  "223": 6.436825275421143,
  "224": 6.439011096954346,
  "225": 6.398146629333496,
  "226": 6.444278001785278,
  "227": 6.909911632537842,
  "228": 7.063869953155518,
  "229": 6.258997440338135,
  "230": 6.412577867507935,
  "231": 6.4082441329956055,
  "232": 6.516536235809326,
  "233": 7.028512716293335,
  "234": 7.209054946899414,
  "235": 0.8865203857421875,
  "236": 6.308502674102783,
  "237": 6.250323534011841,
  "238": 7.991052150726318,
  "239": 8.112881422042847,
  "240": 8.214718580245972,
  "241": 8.186572790145874,
  "242": 8.284860372543335,
  "243": 1.3241636753082275,
  "244": 7.993932723999023,
  "245": 7.982924699783325,
  "246": 8.061878204345703,
  "247": 8.096307039260864,
  "248": 8.064606428146362,
  "249": 8.034074306488037,
  "250": 8.08857774734497,
  "251": 8.080312728881836,
  "252": 8.01922082901001,
  "253": 7.957164287567139,
  "254": 8.050500392913818,
  "255": 7.973904609680176,
  "256": 7.893739700317383,
  "257": 7.942967891693115,
  "258": 8.230401039123535,
  "259": 8.256136655807495,
  "260": 8.088876724243164,
  "261": 8.013947486877441,
  "262": 8.064399242401123,
  "263": 8.095160007476807,
  "264": 8.010711908340454,
  "265": 7.939208269119263,
  "266": 8.208433389663696,
  "267": 8.093346357345581,
  "268": 7.992561101913452,
  "269": 8.08156681060791,
  "270": 8.960838794708252,
  "271": 8.744077682495117,
  "272": 8.473701477050781,
  "273": 8.20409345626831,
  "274": 8.229960441589355,
  "275": 8.628881931304932,
  "276": 8.696287631988525,
  "277": 8.408126592636108,
  "278": 8.260941743850708,
  "279": 8.186097383499146,
  "280": 8.437394618988037,
  "281": 8.170758485794067,
  "282": 8.085349798202515,
  "283": 7.984928846359253,
  "284": 7.9879114627838135,
  "285": 7.917297601699829,
  "286": 7.966967821121216,
  "287": 8.208352327346802,
  "288": 7.9280314445495605,
  "289": 7.999771356582642,