{
  "average_f1": 0.25334668881453976,
  "average_f1_percent": 25.33,
  "total_evaluated": 500,
  "per_super_category": {
    "2hop": {
      "average_f1": 0.2750545359835523,
      "average_f1_percent": 27.51,
      "total_evaluated": 248
    },
    "answerable": {
      "average_f1": 0.19891114802423288,
      "average_f1_percent": 19.89,
      "total_evaluated": 300
    },
    "3hop": {
      "average_f1": 0.2505352528608342,
      "average_f1_percent": 25.05,
      "total_evaluated": 172
    },
    "4hop": {
      "average_f1": 0.19209694989106754,
      "average_f1_percent": 19.21,
      "total_evaluated": 80
    },
    "unanswerable": {
      "average_f1": 0.335,
      "average_f1_percent": 33.5,
      "total_evaluated": 200
    }
  }
}