{
  "1": 5.855020999908447,
  "2": 5.130703926086426,
  "3": 5.1671552658081055,
  "4": 5.136550664901733,
  "5": 5.120630502700806,
  "6": 5.119139671325684,
  "7": 5.15427041053772,
  "8": 5.144798040390015,
  "9": 5.159365177154541,
  "10": 5.230248689651489,
  "11": 5.152932643890381,
  "12": 5.144967794418335,
  "13": 5.13554573059082,
  "14": 5.147309064865112,
  "15": 5.115442276000977,
  "16": 5.178112506866455,
  "17": 5.187708377838135,
  "18": 5.178425550460815,
  "19": 5.145394563674927,
  "20": 5.140094995498657,
  "21": 5.149691581726074,
  "22": 5.187644004821777,
  "23": 5.1478235721588135,
  "24": 5.193000078201294,
  "25": 5.158630847930908,
  "26": 5.180734157562256,
  "27": 5.1775877475738525,
  "28": 5.167665004730225,
  "29": 5.197818756103516,
  "30": 5.154828310012817,
  "31": 5.134305238723755,
  "32": 5.164375066757202,
  "33": 5.133747100830078,
  "34": 5.155882120132446,
  "35": 5.1164960861206055,
  "36": 5.222026586532593,
  "37": 5.146965265274048,
  "38": 5.1605541706085205,
  "39": 5.144789695739746,
  "40": 5.144022226333618,
  "41": 5.191800117492676,
  "42": 5.156724691390991,
  "43": 5.169626474380493,
  "44": 5.16157078742981,
  "45": 5.130576848983765,
  "46": 5.148306369781494,
  "47": 5.16760516166687,
  "48": 5.158628463745117,
  "49": 5.1556360721588135,
  "50": 5.144816875457764,
  "51": 5.147845029830933,
  "52": 5.168471097946167,
  "53": 5.191499471664429,
  "54": 5.165489196777344,
  "55": 5.164269685745239,
  "56": 5.164829254150391,
  "57": 5.169361591339111,
  "58": 5.15388822555542,
  "59": 5.197839260101318,
  "60": 5.174878120422363,
  "61": 5.136800527572632,
  "62": 5.176757335662842,
  "63": 5.1770641803741455,
  "64": 5.231182336807251,
  "65": 5.168210744857788,
  "66": 5.154716968536377,
  "67": 5.173052549362183,
  "68": 5.195537328720093,
  "69": 5.171051740646362,
  "70": 5.154934644699097,
  "71": 5.137858867645264,
  "72": 5.156951427459717,
  "73": 5.137923240661621,
  "74": 5.153501749038696,
  "75": 5.176108121871948,
  "76": 5.1465537548065186,
  "77": 5.176858186721802,
  "78": 5.143901824951172,
  "79": 5.190613746643066,
  "80": 5.162255764007568,
  "81": 5.149076461791992,
  "82": 5.2208569049835205,
  "83": 5.226103067398071,
  "84": 5.134425640106201,
  "85": 5.150293350219727,
  "86": 5.1494364738464355,
  "87": 5.14107608795166,
  "88": 5.124570608139038,
  "89": 5.182959318161011,
  "90": 5.178679943084717,
  "91": 5.174759387969971,
  "92": 5.163783311843872,
  "93": 5.145391941070557,
  "94": 5.186356544494629,
  "95": 5.219390630722046,
  "96": 5.130593538284302,
  "97": 5.14936089515686,
  "98": 5.154313087463379,
  "99": 5.150383234024048,
  "100": 5.146852016448975,
  "101": 5.1558051109313965,
  "102": 5.157721042633057,
  "103": 5.1658852100372314,
  "104": 5.174258232116699,
  "105": 5.188497304916382,
  "106": 5.1969990730285645,
  "107": 5.1752495765686035,
  "108": 5.22097635269165,
  "109": 5.131739377975464,
  "110": 5.128004312515259,
  "111": 5.118452787399292,
  "112": 5.1665661334991455,
  "113": 5.152322292327881,
  "114": 5.157250881195068,
  "115": 5.134589910507202,
  "116": 5.163288831710815,
  "117": 5.173072338104248,
  "118": 5.197189807891846,
  "119": 5.153588533401489,
  "120": 5.15683913230896,
  "121": 5.180941820144653,
  "122": 5.209651470184326,
  "123": 5.172144174575806,
  "124": 5.178212404251099,
  "125": 5.188686370849609,
  "126": 5.136141777038574,
  "127": 5.164355278015137,
  "128": 5.170130491256714,
  "129": 5.145398855209351,
  "130": 5.130263328552246,
  "131": 5.155587673187256,
  "132": 5.192410945892334,
  "133": 5.163933277130127,
  "134": 5.151130199432373,
  "135": 5.133163928985596,
  "136": 5.131594657897949,
  "137": 5.130274534225464,
  "138": 5.153022289276123,
  "139": 5.19907546043396,
  "140": 5.165903329849243,
  "141": 5.1665873527526855,
  "142": 0.8971171379089355,
  "143": 5.185703754425049,
  "144": 5.147839069366455,
  "145": 5.131025314331055,
  "146": 5.155499458312988,
  "147": 5.175001859664917,
  "148": 5.18578577041626,
  "149": 5.1339685916900635,
  "150": 5.167940616607666,
  "151": 5.155489206314087,
  "152": 5.168613910675049,
  "153": 5.1945788860321045,
  "154": 5.166252374649048,
  "155": 5.18068265914917,
  "156": 5.152571678161621,
  "157": 5.180426836013794,
  "158": 5.135255813598633,
  "159": 5.169840574264526,
  "160": 5.173223495483398,
  "161": 5.170192003250122,
  "162": 5.196397304534912,
  "163": 5.1537697315216064,
  "164": 5.150433301925659,
  "165": 5.150154113769531,
  "166": 5.176307439804077,
  "167": 5.165437936782837,
  "168": 5.1360321044921875,
  "169": 5.172868013381958,
  "170": 5.171935796737671,
  "171": 5.151233911514282,
  "172": 5.202801942825317,
  "173": 5.1584203243255615,
  "174": 5.219499111175537,
  "175": 5.200727701187134,
  "176": 5.162914514541626,
  "177": 5.166198015213013,
  "178": 5.148136138916016,
  "179": 5.14323878288269,
  "180": 5.2260918617248535,
  "181": 5.1229987144470215,
  "182": 5.140555143356323,
  "183": 5.119808673858643,
  "184": 5.1203978061676025,
  "185": 5.1218390464782715,
  "186": 5.143475770950317,
  "187": 5.163792371749878,
  "188": 5.16240382194519,
  "189": 5.149677991867065,
  "190": 5.164871454238892,
  "191": 5.122330665588379,
  "192": 5.139980792999268,
  "193": 5.231447458267212,
  "194": 5.123897075653076,
  "195": 5.187785625457764,
  "196": 5.124922275543213,
  "197": 5.158973693847656,
  "198": 5.142791509628296,
  "199": 5.148090600967407,
  "200": 5.145532846450806,
  "201": 5.127952814102173,
  "202": 5.1661858558654785,
  "203": 5.155398368835449,
  "204": 5.193406581878662,
  "205": 5.171773910522461,
  "206": 5.147230625152588,
  "207": 5.168530702590942,
  "208": 5.160808563232422,
  "209": 5.120429754257202,
  "210": 5.1394453048706055,
  "211": 5.146076440811157,
  "212": 5.169490814208984,
  "213": 5.142321825027466,
  "214": 5.1818482875823975,
  "215": 5.155816078186035,
  "216": 5.141887426376343,
  "217": 5.145817518234253,
  "218": 5.12111496925354,
  "219": 5.1229705810546875,
  "220": 5.186844348907471,
  "221": 5.158507585525513,
  "222": 5.120672941207886,
  "223": 5.15820050239563,
  "224": 5.177835702896118,
  "225": 5.223176956176758,
  "226": 5.182915449142456,
  "227": 5.165715217590332,
  "228": 5.177093982696533,
  "229": 5.1239564418792725,
  "230": 5.14042592048645,
  "231": 5.156963109970093,
  "232": 5.145810604095459,
  "233": 5.236358880996704,
  "234": 5.20329737663269,
  "235": 5.1707892417907715,
  "236": 5.150002717971802,
  "237": 5.147086143493652,
  "238": 5.127517938613892,
  "239": 5.144980430603027,
  "240": 5.182255744934082,
  "241": 5.191288471221924,
  "242": 5.160083532333374,
  "243": 5.1762001514434814,
  "244": 5.136566638946533,
  "245": 5.159723520278931,
  "246": 5.191770076751709,
  "247": 5.191187381744385,
  "248": 5.175287246704102,
  "249": 5.15972113609314,
  "250": 5.17500114440918,
  "251": 5.138122081756592,
  "252": 5.171426773071289,
  "253": 5.174350738525391,
  "254": 5.229260206222534,
  "255": 5.1751837730407715,
  "256": 5.175968170166016,
  "257": 5.175646781921387,
  "258": 5.168001174926758,
  "259": 5.200873374938965,
  "260": 5.1789069175720215,
  "261": 5.173482179641724,
  "262": 5.156336545944214,
  "263": 5.178134202957153,
  "264": 5.178335666656494,
  "265": 5.159274339675903,
  "266": 5.174621820449829,
  "267": 5.156890153884888,
  "268": 5.155549049377441,
  "269": 5.134697675704956,
  "270": 5.192238092422485,
  "271": 5.208547353744507,
  "272": 5.192452430725098,
  "273": 5.192609786987305,
  "274": 5.160199165344238,
  "275": 5.185602426528931,
  "276": 5.2044336795806885,
  "277": 5.1555702686309814,
  "278": 5.173935890197754,
  "279": 5.151285886764526,
  "280": 5.186310052871704,
  "281": 5.174082040786743,
  "282": 5.16625452041626,
  "283": 5.150291919708252,
  "284": 5.136451244354248,
  "285": 5.147852420806885,
  "286": 5.150930881500244,
  "287": 5.176340818405151,
  "288": 5.129376649856567,