{
  "average_f1": 0.24756451401440704,
  "average_f1_percent": 24.76,
  "total_evaluated": 500,
  "per_super_category": {
    "2hop": {
      "average_f1": 0.24616542255027243,
      "average_f1_percent": 24.62,
      "total_evaluated": 248
    },
    "answerable": {
      "average_f1": 0.1326075233573451,
      "average_f1_percent": 13.26,
      "total_evaluated": 300
    },
    "3hop": {
      "average_f1": 0.24028180412775624,
      "average_f1_percent": 24.03,
      "total_evaluated": 172
    },
    "4hop": {
      "average_f1": 0.2675595238095238,
      "average_f1_percent": 26.76,
      "total_evaluated": 80
    },
    "unanswerable": {
      "average_f1": 0.42,
      "average_f1_percent": 42.0,
      "total_evaluated": 200
    }
  }
}