{
  "average_f1": 0.24188959471900648,
  "average_f1_percent": 24.19,
  "total_evaluated": 500,
  "per_super_category": {
    "2hop": {
      "average_f1": 0.2243334161621638,
      "average_f1_percent": 22.43,
      "total_evaluated": 248
    },
    "answerable": {
      "average_f1": 0.2964826578650108,
      "average_f1_percent": 29.65,
      "total_evaluated": 300
    },
    "3hop": {
      "average_f1": 0.278749093283977,
      "average_f1_percent": 27.87,
      "total_evaluated": 172
    },
    "4hop": {
      "average_f1": 0.2170658263305322,
      "average_f1_percent": 21.71,
      "total_evaluated": 80
    },
    "unanswerable": {
      "average_f1": 0.16,
      "average_f1_percent": 16.0,
      "total_evaluated": 200
    }
  }
}