{
  "1": 6.49950647354126,
  "2": 3.91703200340271,
  "3": 4.066904306411743,
  "4": 3.887895345687866,
  "5": 3.9042441844940186,
  "6": 3.925330638885498,
  "7": 4.045558214187622,
  "8": 3.961705207824707,
  "9": 3.996818780899048,
  "10": 4.233561754226685,
  "11": 3.991231918334961,
  "12": 3.950429677963257,
  "13": 3.9872050285339355,
  "14": 4.0736823081970215,
  "15": 3.9370944499969482,
  "16": 4.183772325515747,
  "17": 4.250069618225098,
  "18": 4.114686727523804,
  "19": 3.9559502601623535,
  "20": 3.985400676727295,
  "21": 4.006345987319946,
  "22": 4.239060878753662,
  "23": 4.000255346298218,
  "24": 4.204667091369629,
  "25": 4.032628297805786,
  "26": 4.179340839385986,
  "27": 4.122788667678833,
  "28": 4.047674179077148,
  "29": 4.200786352157593,
  "30": 4.027411460876465,
  "31": 3.9981532096862793,
  "32": 4.169824838638306,
  "33": 3.9983935356140137,
  "34": 4.121583461761475,
  "35": 3.943100690841675,
  "36": 4.2713329792022705,
  "37": 4.010215520858765,
  "38": 4.022213459014893,
  "39": 3.9752750396728516,
  "40": 4.004007577896118,
  "41": 4.194753646850586,
  "42": 4.058514833450317,
  "43": 3.9568018913269043,
  "44": 4.110180377960205,
  "45": 3.99161958694458,
  "46": 4.027281761169434,
  "47": 4.121657848358154,
  "48": 4.05476450920105,
  "49": 4.027106285095215,
  "50": 4.015828371047974,
  "51": 4.006283521652222,
  "52": 3.97825288772583,
  "53": 4.213871955871582,
  "54": 4.119826555252075,
  "55": 4.046324253082275,
  "56": 4.119670629501343,
  "57": 4.120290994644165,
  "58": 4.014530420303345,
  "59": 4.269312143325806,
  "60": 3.99343204498291,
  "61": 3.971170425415039,
  "62": 4.110291481018066,
  "63": 4.181622505187988,
  "64": 4.258466482162476,
  "65": 4.120378494262695,
  "66": 3.982701301574707,
  "67": 4.050429582595825,
  "68": 4.13686990737915,
  "69": 4.058450222015381,
  "70": 4.031799077987671,
  "71": 3.9671950340270996,
  "72": 3.997955083847046,
  "73": 3.9864144325256348,
  "74": 3.9956204891204834,
  "75": 4.146114110946655,
  "76": 4.024935007095337,
  "77": 4.143871307373047,
  "78": 4.00501012802124,
  "79": 4.257967948913574,
  "80": 4.035353660583496,
  "81": 4.046691179275513,
  "82": 4.25572395324707,
  "83": 4.300914287567139,
  "84": 3.9899308681488037,
  "85": 3.9835116863250732,
  "86": 4.019995212554932,
  "87": 3.979213237762451,
  "88": 3.9933063983917236,
  "89": 4.146523475646973,
  "90": 4.126760721206665,
  "91": 4.128560543060303,
  "92": 4.1402366161346436,
  "93": 3.9655613899230957,
  "94": 4.185852766036987,
  "95": 4.29003381729126,
  "96": 3.9506988525390625,
  "97": 3.9878764152526855,
  "98": 4.045756578445435,
  "99": 4.023694753646851,
  "100": 3.9982454776763916,
  "101": 4.0149009227752686,
  "102": 4.014683723449707,
  "103": 4.045323371887207,
  "104": 4.043744087219238,
  "105": 4.154188871383667,
  "106": 4.25720477104187,
  "107": 4.057363033294678,
  "108": 4.356457471847534,
  "109": 3.973663091659546,
  "110": 3.9481794834136963,
  "111": 3.973670721054077,
  "112": 4.049695730209351,
  "113": 4.027204751968384,
  "114": 4.040335416793823,
  "115": 3.9967875480651855,
  "116": 4.127487897872925,
  "117": 3.998950481414795,
  "118": 4.273678779602051,
  "119": 4.001722574234009,
  "120": 4.0166175365448,
  "121": 4.111509799957275,
  "122": 4.1977434158325195,
  "123": 4.043348789215088,
  "124": 4.124804496765137,
  "125": 4.128411531448364,
  "126": 3.910040855407715,
  "127": 4.010028600692749,
  "128": 4.1276161670684814,
  "129": 3.9849257469177246,
  "130": 3.9281251430511475,
  "131": 4.01813006401062,
  "132": 4.11680269241333,
  "133": 4.113622188568115,
  "134": 3.981013059616089,
  "135": 3.969851493835449,
  "136": 3.9103732109069824,
  "137": 3.961843967437744,
  "138": 3.9849977493286133,
  "139": 4.268212795257568,
  "140": 4.033670902252197,
  "141": 4.110344409942627,
  "142": 3.9533917903900146,
  "143": 4.171478748321533,
  "144": 3.967524290084839,
  "145": 3.9237656593322754,
  "146": 4.026510000228882,
  "147": 4.127856492996216,
  "148": 4.142675161361694,
  "149": 3.9657022953033447,
  "150": 4.1263275146484375,
  "151": 3.994162082672119,
  "152": 4.065224647521973,
  "153": 4.2190797328948975,
  "154": 4.04262900352478,
  "155": 4.112772226333618,
  "156": 4.004072427749634,
  "157": 4.143430233001709,
  "158": 3.9249212741851807,
  "159": 4.0545477867126465,
  "160": 3.980341911315918,
  "161": 4.124270677566528,
  "162": 4.2642436027526855,
  "163": 4.028855562210083,
  "164": 4.0030176639556885,
  "165": 3.9934775829315186,
  "166": 4.044193267822266,
  "167": 4.053936004638672,
  "168": 3.9834868907928467,
  "169": 4.059395790100098,
  "170": 3.9919216632843018,
  "171": 3.9877336025238037,
  "172": 4.283212900161743,
  "173": 4.009107351303101,
  "174": 4.223758697509766,
  "175": 4.212652921676636,
  "176": 4.120725631713867,
  "177": 4.126354694366455,
  "178": 4.033255577087402,
  "179": 3.9867632389068604,
  "180": 4.2760491371154785,
  "181": 3.9614224433898926,
  "182": 3.9869918823242188,
  "183": 3.9333131313323975,
  "184": 3.962336540222168,
  "185": 3.969799041748047,
  "186": 4.038335084915161,
  "187": 3.969280242919922,
  "188": 4.050673484802246,
  "189": 3.9900853633880615,
  "190": 4.05193567276001,
  "191": 3.979567050933838,
  "192": 4.0311572551727295,
  "193": 4.3259806632995605,
  "194": 3.955036163330078,
  "195": 4.214991807937622,
  "196": 3.982738971710205,
  "197": 4.053453683853149,
  "198": 4.007014751434326,
  "199": 4.005458831787109,
  "200": 4.000881195068359,
  "201": 3.9108898639678955,
  "202": 4.035250663757324,
  "203": 3.9902889728546143,
  "204": 4.186796188354492,
  "205": 4.046817779541016,
  "206": 3.9942545890808105,
  "207": 4.116560220718384,
  "208": 4.11609673500061,
  "209": 3.9664509296417236,
  "210": 3.9866273403167725,
  "211": 4.016586780548096,
  "212": 3.975114583969116,
  "213": 3.9835569858551025,
  "214": 4.133933782577515,
  "215": 4.0331830978393555,
  "216": 4.0190019607543945,
  "217": 3.9969255924224854,
  "218": 3.953702688217163,
  "219": 3.915544033050537,
  "220": 4.204389810562134,
  "221": 4.056469202041626,
  "222": 3.9782917499542236,
  "223": 4.120391845703125,
  "224": 4.122822523117065,
  "225": 4.229831218719482,
  "226": 4.142731428146362,
  "227": 4.132521629333496,
  "228": 4.134233236312866,
  "229": 3.911034345626831,
  "230": 4.017629146575928,
  "231": 4.054830074310303,
  "232": 3.9877800941467285,
  "233": 4.329593658447266,
  "234": 4.219367027282715,
  "235": 4.1215903759002686,
  "236": 3.988076686859131,
  "237": 4.009843349456787,
  "238": 3.9750118255615234,
  "239": 3.9901390075683594,
  "240": 4.111033916473389,
  "241": 4.1262407302856445,
  "242": 4.048090219497681,
  "243": 4.067210912704468,
  "244": 3.9498515129089355,
  "245": 4.006324768066406,
  "246": 4.160531520843506,
  "247": 4.124013185501099,
  "248": 4.041950702667236,
  "249": 4.03052830696106,
  "250": 4.110893964767456,
  "251": 3.961409330368042,
  "252": 4.03827977180481,
  "253": 4.037546157836914,
  "254": 4.280419826507568,
  "255": 4.055457830429077,
  "256": 3.9694151878356934,
  "257": 4.046639680862427,
  "258": 4.0473785400390625,
  "259": 4.204494476318359,
  "260": 3.980556011199951,
  "261": 4.053471326828003,
  "262": 4.015622854232788,
  "263": 4.125576496124268,
  "264": 4.128430366516113,
  "265": 3.9715945720672607,
  "266": 4.129316568374634,
  "267": 3.9579031467437744,
  "268": 3.9865639209747314,
  "269": 3.91986083984375,
  "270": 4.145504713058472,
  "271": 4.265530109405518,
  "272": 4.140235424041748,
  "273": 4.142598390579224,
  "274": 4.009520053863525,
  "275": 4.136184215545654,
  "276": 4.186918020248413,
  "277": 4.004608869552612,
  "278": 4.10845947265625,
  "279": 4.027287483215332,
  "280": 4.208552598953247,
  "281": 4.046837568283081,
  "282": 4.053939342498779,
  "283": 3.9740006923675537,
  "284": 3.9630892276763916,
  "285": 3.989790678024292,
  "286": 4.006986141204834,
  "287": 4.1528613567352295,