{
  "1": 5.1909120082855225,
  "2": 4.696010589599609,
  "3": 4.699612379074097,
  "4": 4.392506122589111,
  "5": 4.301337957382202,
  "6": 4.321908473968506,
  "7": 4.308685779571533,
  "8": 4.308304071426392,
  "9": 4.316953182220459,
  "10": 4.376841068267822,
  "11": 4.294031381607056,
  "12": 4.303616523742676,
  "13": 4.305034160614014,
  "14": 4.314445734024048,
  "15": 4.308344602584839,
  "16": 4.360085487365723,
  "17": 4.387725591659546,
  "18": 4.327305555343628,
  "19": 4.318899154663086,
  "20": 4.298044204711914,
  "21": 4.296612501144409,
  "22": 4.386379718780518,
  "23": 4.308510065078735,
  "24": 4.34534478187561,
  "25": 4.321718692779541,
  "26": 4.333959341049194,
  "27": 4.3365044593811035,
  "28": 4.311670780181885,
  "29": 4.355438470840454,
  "30": 4.322101593017578,
  "31": 4.308621883392334,
  "32": 4.316784381866455,
  "33": 4.322253704071045,
  "34": 4.327282190322876,
  "35": 4.3119118213653564,
  "36": 4.341235876083374,
  "37": 4.3086161613464355,
  "38": 4.321003437042236,
  "39": 4.28302788734436,
  "40": 4.294464349746704,
  "41": 4.347411155700684,
  "42": 4.346219062805176,
  "43": 4.282490491867065,
  "44": 4.317859172821045,
  "45": 4.289489030838013,
  "46": 4.303581714630127,
  "47": 4.338412523269653,
  "48": 4.309825420379639,
  "49": 4.296378135681152,
  "50": 4.280202388763428,
  "51": 4.299170017242432,
  "52": 4.285842418670654,
  "53": 4.34160304069519,
  "54": 4.314154148101807,
  "55": 4.320384502410889,
  "56": 4.329437494277954,
  "57": 4.301868915557861,
  "58": 4.3002917766571045,
  "59": 4.365443229675293,
  "60": 4.292795419692993,
  "61": 4.28691029548645,
  "62": 4.321843385696411,
  "63": 4.344295263290405,
  "64": 4.356851577758789,
  "65": 4.3216612339019775,
  "66": 4.3006391525268555,
  "67": 4.313355207443237,
  "68": 4.316843748092651,
  "69": 4.350923776626587,
  "70": 4.308403730392456,
  "71": 4.281817197799683,
  "72": 4.31252908706665,
  "73": 4.310799598693848,
  "74": 4.3013694286346436,
  "75": 4.323455333709717,
  "76": 4.303126811981201,
  "77": 4.323138952255249,
  "78": 4.285614490509033,
  "79": 4.343910455703735,
  "80": 4.324069261550903,
  "81": 4.299321174621582,
  "82": 4.360224008560181,
  "83": 4.357412815093994,
  "84": 4.298361539840698,
  "85": 4.27807092666626,
  "86": 4.301398515701294,
  "87": 4.281872987747192,
  "88": 4.321767330169678,
  "89": 4.328717231750488,
  "90": 4.326362609863281,
  "91": 4.329958438873291,
  "92": 4.3184568881988525,
  "93": 4.304965257644653,
  "94": 4.334004640579224,
  "95": 4.375051736831665,
  "96": 4.284183502197266,
  "97": 4.293384313583374,
  "98": 4.308143854141235,
  "99": 4.3052427768707275,
  "100": 4.307632923126221,
  "101": 4.307415008544922,
  "102": 4.3136208057403564,
  "103": 4.328714847564697,
  "104": 4.315390348434448,
  "105": 4.3461833000183105,
  "106": 4.353197336196899,
  "107": 4.302134990692139,
  "108": 4.38191556930542,
  "109": 4.3270087242126465,
  "110": 4.307740211486816,
  "111": 4.327483415603638,
  "112": 4.327385425567627,
  "113": 4.306091547012329,
  "114": 4.283150911331177,
  "115": 4.342641592025757,
  "116": 4.330828428268433,
  "117": 4.312677383422852,
  "118": 4.326400518417358,
  "119": 4.3110129833221436,
  "120": 4.319249153137207,
  "121": 4.338801145553589,
  "122": 4.348526954650879,
  "123": 4.322252511978149,
  "124": 4.358920574188232,
  "125": 4.314690589904785,
  "126": 4.30347204208374,
  "127": 4.326225757598877,
  "128": 4.340744256973267,
  "129": 4.2979724407196045,
  "130": 4.311882972717285,
  "131": 4.335049390792847,
  "132": 4.317135810852051,
  "133": 4.3297717571258545,
  "134": 4.320339202880859,
  "135": 4.3112852573394775,
  "136": 4.284250736236572,
  "137": 4.306082725524902,
  "138": 4.307695627212524,
  "139": 4.334125518798828,
  "140": 4.327589988708496,
  "141": 4.333930730819702,
  "142": 4.281180143356323,
  "143": 4.340426921844482,
  "144": 4.305444955825806,
  "145": 4.287236213684082,
  "146": 4.306828737258911,
  "147": 4.31632137298584,
  "148": 4.3442206382751465,
  "149": 4.315506935119629,
  "150": 4.30768346786499,
  "151": 4.29964280128479,
  "152": 4.321365594863892,
  "153": 4.354896306991577,
  "154": 4.308825731277466,
  "155": 4.32597017288208,
  "156": 4.310851812362671,
  "157": 4.386602878570557,
  "158": 4.360357761383057,
  "159": 4.474843263626099,
  "160": 4.412421941757202,
  "161": 4.434966087341309,
  "162": 4.4176061153411865,
  "163": 4.413322687149048,
  "164": 4.367846727371216,
  "165": 4.345880031585693,
  "166": 4.413280725479126,
  "167": 4.438793897628784,
  "168": 4.370002746582031,
  "169": 4.388697147369385,
  "170": 4.381600379943848,
  "171": 4.40130352973938,
  "172": 4.448351144790649,
  "173": 4.391768932342529,
  "174": 4.489511013031006,
  "175": 4.459716558456421,
  "176": 4.472381830215454,
  "177": 4.491365194320679,
  "178": 4.454754829406738,
  "179": 4.4382500648498535,
  "180": 4.416032791137695,
  "181": 4.3701863288879395,
  "182": 4.417455434799194,
  "183": 4.375406503677368,
  "184": 4.322755336761475,
  "185": 4.396088361740112,
  "186": 4.423962831497192,
  "187": 4.38698673248291,
  "188": 4.488493919372559,
  "189": 4.438913822174072,
  "190": 4.471986770629883,
  "191": 4.392571926116943,
  "192": 4.333449840545654,
  "193": 4.45556902885437,
  "194": 4.397799253463745,
  "195": 4.446356534957886,
  "196": 4.397950649261475,
  "197": 4.457332134246826,
  "198": 4.447084665298462,
  "199": 4.402132034301758,
  "200": 4.394578695297241,
  "201": 4.34851336479187,
  "202": 4.3453404903411865,
  "203": 4.415320634841919,
  "204": 4.3904030323028564,
  "205": 4.341073274612427,
  "206": 4.308627128601074,
  "207": 4.313276529312134,
  "208": 4.322561502456665,
  "209": 4.251773357391357,
  "210": 4.283917665481567,
  "211": 4.314945936203003,
  "212": 4.294252395629883,
  "213": 4.283092260360718,
  "214": 4.322392225265503,
  "215": 4.306563138961792,
  "216": 4.290355443954468,
  "217": 4.279658317565918,
  "218": 4.3343470096588135,
  "219": 4.286965370178223,
  "220": 4.358349800109863,
  "221": 4.320800304412842,
  "222": 4.29686975479126,
  "223": 4.324930429458618,
  "224": 4.305093288421631,
  "225": 4.38651967048645,
  "226": 4.320051670074463,
  "227": 4.325310707092285,
  "228": 4.310434579849243,
  "229": 4.277954816818237,
  "230": 4.296553134918213,
  "231": 4.297661781311035,
  "232": 4.321385145187378,
  "233": 4.370569944381714,
  "234": 4.3495566844940186,
  "235": 4.329354286193848,
  "236": 4.3159496784210205,
  "237": 4.296008586883545,
  "238": 4.275392532348633,
  "239": 4.3098180294036865,
  "240": 4.332310676574707,
  "241": 4.32880973815918,
  "242": 4.331187725067139,
  "243": 4.316823720932007,
  "244": 4.297048568725586,
  "245": 4.304910659790039,
  "246": 4.326770305633545,
  "247": 4.322190046310425,
  "248": 0.7558050155639648,
  "249": 4.312749147415161,
  "250": 4.352104425430298,
  "251": 4.300090789794922,
  "252": 4.318907976150513,
  "253": 4.319902658462524,
  "254": 4.358466148376465,
  "255": 4.326066017150879,
  "256": 4.286941766738892,
  "257": 4.31726861000061,
  "258": 4.3282740116119385,
  "259": 4.349741458892822,
  "260": 4.307567358016968,
  "261": 4.301903247833252,
  "262": 4.307281732559204,
  "263": 4.349728107452393,
  "264": 4.332744836807251,
  "265": 4.306729078292847,
  "266": 4.35723090171814,
  "267": 4.314581632614136,
  "268": 4.2949793338775635,
  "269": 4.306169033050537,
  "270": 4.3271448612213135,
  "271": 4.360407590866089,
  "272": 4.356712818145752,
  "273": 4.338905096054077,
  "274": 4.315367221832275,
  "275": 4.327917575836182,
  "276": 4.336485147476196,
  "277": 4.306712627410889,
  "278": 4.3359386920928955,
  "279": 4.293056011199951,
  "280": 4.340137481689453,
  "281": 4.340428829193115,
  "282": 4.320877552032471,
  "283": 4.307327032089233,
  "284": 4.3007566928863525,
  "285": 4.313008546829224,
  "286": 4.2843053340911865,
  "287": 4.355726718902588,
  "288": 4.266260623931885,
  "289": 4.315179347991943,