{
  "average_f1": 0.2227444810099374,
  "average_f1_percent": 22.27,
  "total_evaluated": 500,
  "per_super_category": {
    "2hop": {
      "average_f1": 0.22464255608026465,
      "average_f1_percent": 22.46,
      "total_evaluated": 248
    },
    "answerable": {
      "average_f1": 0.15457413501656234,
      "average_f1_percent": 15.46,
      "total_evaluated": 300
    },
    "3hop": {
      "average_f1": 0.22384635390449342,
      "average_f1_percent": 22.38,
      "total_evaluated": 172
    },
    "4hop": {
      "average_f1": 0.21449142156862747,
      "average_f1_percent": 21.45,
      "total_evaluated": 80
    },
    "unanswerable": {
      "average_f1": 0.325,
      "average_f1_percent": 32.5,
      "total_evaluated": 200
    }
  }
}