{
  "1": 5.94382905960083,
  "2": 2.6714060306549072,
  "3": 2.6822030544281006,
  "4": 2.6728053092956543,
  "5": 2.6778364181518555,
  "6": 2.6762025356292725,
  "7": 2.6793551445007324,
  "8": 2.6812262535095215,
  "9": 2.6797521114349365,
  "10": 2.7031805515289307,
  "11": 2.6868276596069336,
  "12": 2.679417133331299,
  "13": 2.6773321628570557,
  "14": 2.6798617839813232,
  "15": 2.676544189453125,
  "16": 2.6926791667938232,
  "17": 2.6971304416656494,
  "18": 2.6867051124572754,
  "19": 2.6745007038116455,
  "20": 2.679816484451294,
  "21": 2.6761791706085205,
  "22": 2.6876909732818604,
  "23": 2.679633378982544,
  "24": 2.6863083839416504,
  "25": 2.6763992309570312,
  "26": 2.6946122646331787,
  "27": 2.8808138370513916,
  "28": 3.017763376235962,
  "29": 3.0139856338500977,
  "30": 2.6925461292266846,
  "31": 2.6949164867401123,
  "32": 2.7057316303253174,
  "33": 2.6844491958618164,
  "34": 2.673938274383545,
  "35": 2.679946184158325,
  "36": 2.701625347137451,
  "37": 2.6927037239074707,
  "38": 2.694615364074707,
  "39": 2.688215970993042,
  "40": 2.6910274028778076,
  "41": 2.7012674808502197,
  "42": 2.686256170272827,
  "43": 2.6891486644744873,
  "44": 2.6876933574676514,
  "45": 2.6827707290649414,
  "46": 2.6927530765533447,
  "47": 2.7027623653411865,
  "48": 2.6906065940856934,
  "49": 2.6867218017578125,
  "50": 2.683960437774658,
  "51": 2.687286376953125,
  "52": 2.6828582286834717,
  "53": 2.699065685272217,
  "54": 2.688180685043335,
  "55": 2.6852455139160156,
  "56": 2.679234504699707,
  "57": 2.6781208515167236,
  "58": 2.6776440143585205,
  "59": 2.6863269805908203,
  "60": 2.7546122074127197,
  "61": 3.0073561668395996,
  "62": 2.9811086654663086,
  "63": 2.695162773132324,
  "64": 2.706122875213623,
  "65": 2.6831419467926025,
  "66": 2.6835250854492188,
  "67": 2.683382987976074,
  "68": 2.6927363872528076,
  "69": 2.710625410079956,
  "70": 2.6876728534698486,
  "71": 2.677877902984619,
  "72": 2.6947426795959473,
  "73": 2.681492567062378,
  "74": 2.682620048522949,
  "75": 2.6851141452789307,
  "76": 2.6839029788970947,
  "77": 2.988570213317871,
  "78": 2.685899019241333,
  "79": 2.696455717086792,
  "80": 2.6872894763946533,
  "81": 2.6850762367248535,
  "82": 2.8016111850738525,
  "83": 2.703948736190796,
  "84": 2.6828415393829346,
  "85": 2.684225559234619,
  "86": 2.805388927459717,
  "87": 2.6803414821624756,
  "88": 2.684288501739502,
  "89": 2.6915335655212402,
  "90": 2.790792465209961,
  "91": 2.151503086090088,
  "92": 2.686814785003662,
  "93": 2.6825480461120605,
  "94": 2.6987202167510986,
  "95": 2.8152830600738525,
  "96": 2.680845260620117,
  "97": 2.6868069171905518,
  "98": 2.6852424144744873,
  "99": 2.6871590614318848,
  "100": 2.7928316593170166,
  "101": 2.6860740184783936,
  "102": 2.691765785217285,
  "103": 2.684196949005127,
  "104": 2.8207709789276123,
  "105": 2.6975200176239014,
  "106": 2.700639486312866,
  "107": 2.6903061866760254,
  "108": 2.8148581981658936,
  "109": 2.6821982860565186,
  "110": 2.6783666610717773,
  "111": 2.680793285369873,
  "112": 2.684709072113037,
  "113": 2.791203498840332,
  "114": 2.686962366104126,
  "115": 2.6856048107147217,
  "116": 2.6910762786865234,
  "117": 2.791172504425049,
  "118": 2.6927194595336914,
  "119": 2.6815967559814453,
  "120": 2.6853578090667725,
  "121": 2.8134827613830566,
  "122": 2.698072671890259,
  "123": 2.686403274536133,
  "124": 2.690929412841797,
  "125": 2.6944024562835693,
  "126": 2.831453561782837,
  "127": 2.6878206729888916,
  "128": 2.689678907394409,
  "129": 2.6885335445404053,
  "130": 2.8140299320220947,
  "131": 2.687398672103882,
  "132": 2.6988823413848877,
  "133": 2.69081449508667,
  "134": 2.6833529472351074,
  "135": 2.8169326782226562,
  "136": 2.6769282817840576,
  "137": 2.674743413925171,
  "138": 2.6839075088500977,
  "139": 2.815277099609375,
  "140": 2.6887056827545166,
  "141": 2.685746669769287,
  "142": 2.6746182441711426,
  "143": 2.8131794929504395,
  "144": 2.682680130004883,
  "145": 2.6741790771484375,
  "146": 2.683060884475708,
  "147": 2.6857402324676514,
  "148": 2.8187785148620605,
  "149": 2.6858692169189453,
  "150": 2.6865224838256836,
  "151": 2.6813433170318604,
  "152": 2.7901527881622314,
  "153": 2.6907975673675537,
  "154": 2.6825075149536133,
  "155": 2.687988519668579,
  "156": 2.679861068725586,
  "157": 2.8138508796691895,
  "158": 2.675856113433838,
  "159": 2.6847784519195557,
  "160": 2.6834771633148193,
  "161": 2.797203302383423,
  "162": 2.6946158409118652,
  "163": 2.686736583709717,
  "164": 2.6760306358337402,
  "165": 2.7994518280029297,
  "166": 2.6820600032806396,
  "167": 2.681624412536621,
  "168": 2.678363561630249,
  "169": 2.686412811279297,
  "170": 2.8227431774139404,
  "171": 2.6780033111572266,
  "172": 2.698763370513916,
  "173": 2.688613176345825,
  "174": 2.808253526687622,
  "175": 2.699414014816284,
  "176": 2.696965456008911,
  "177": 2.6872196197509766,
  "178": 2.69061017036438,
  "179": 2.777240753173828,
  "180": 2.7000937461853027,
  "181": 2.669609546661377,
  "182": 2.6812922954559326,
  "183": 2.7696468830108643,
  "184": 2.6745355129241943,
  "185": 2.673783779144287,
  "186": 2.682133197784424,
  "187": 2.6750009059906006,
  "188": 2.8020105361938477,
  "189": 2.681917905807495,
  "190": 2.6870148181915283,
  "191": 2.6792309284210205,
  "192": 2.792841672897339,
  "193": 2.6975996494293213,
  "194": 2.67421293258667,
  "195": 2.6929619312286377,
  "196": 2.801915407180786,
  "197": 2.6746904850006104,
  "198": 2.6751692295074463,
  "199": 2.678814172744751,
  "200": 2.675915479660034,
  "201": 2.7811086177825928,
  "202": 2.6803290843963623,
  "203": 2.680027723312378,
  "204": 2.691939115524292,
  "205": 2.800840377807617,
  "206": 2.6808698177337646,
  "207": 2.6843743324279785,
  "208": 2.6898231506347656,
  "209": 2.680867910385132,
  "210": 2.7727034091949463,
  "211": 2.682255983352661,
  "212": 2.6744980812072754,
  "213": 2.6829755306243896,
  "214": 2.79427170753479,
  "215": 2.6869943141937256,
  "216": 2.689239978790283,
  "217": 2.687943696975708,
  "218": 2.768756628036499,
  "219": 2.6724257469177246,
  "220": 2.688997745513916,
  "221": 2.684314727783203,
  "222": 2.6758995056152344,
  "223": 2.8005151748657227,
  "224": 2.6864426136016846,
  "225": 2.703903913497925,
  "226": 2.6897683143615723,
  "227": 2.796738624572754,
  "228": 2.6919777393341064,
  "229": 2.6762726306915283,
  "230": 2.680999279022217,
  "231": 2.6840147972106934,
  "232": 2.79020619392395,
  "233": 2.6992805004119873,
  "234": 2.69663405418396,
  "235": 2.6819679737091064,
  "236": 2.785612106323242,
  "237": 2.675154209136963,
  "238": 2.6778721809387207,
  "239": 2.6788978576660156,
  "240": 2.690354347229004,
  "241": 2.7967731952667236,
  "242": 2.679837703704834,
  "243": 2.683262586593628,
  "244": 2.6700868606567383,
  "245": 2.803020715713501,
  "246": 2.6960463523864746,
  "247": 2.6973111629486084,
  "248": 2.686570167541504,
  "249": 2.801547050476074,
  "250": 2.680762767791748,
  "251": 2.6749067306518555,
  "252": 2.678783655166626,
  "253": 2.6792407035827637,
  "254": 2.812035322189331,
  "255": 2.6794207096099854,
  "256": 2.6783714294433594,
  "257": 2.6839897632598877,
  "258": 2.7993195056915283,
  "259": 2.69879412651062,
  "260": 2.6788432598114014,
  "261": 2.691377878189087,
  "262": 2.6872735023498535,
  "263": 2.7932324409484863,
  "264": 2.6828701496124268,
  "265": 2.681313991546631,
  "266": 2.6884772777557373,
  "267": 2.7826883792877197,
  "268": 2.6775360107421875,
  "269": 2.6653237342834473,
  "270": 2.6838979721069336,
  "271": 2.7846083641052246,
  "272": 2.686446189880371,
  "273": 2.691847085952759,
  "274": 2.683178186416626,
  "275": 2.688075304031372,
  "276": 2.8096909523010254,
  "277": 2.6780028343200684,
  "278": 2.6859607696533203,
  "279": 2.67716383934021,
  "280": 2.806025981903076,
  "281": 2.679435968399048,
  "282": 2.677748203277588,
  "283": 2.6771020889282227,