{
  "1": 7.068009614944458,
  "2": 4.469156265258789,
  "3": 4.923433542251587,
  "4": 4.471383571624756,
  "5": 4.482942342758179,
  "6": 4.4950950145721436,
  "7": 4.550459861755371,
  "8": 4.561551809310913,
  "9": 4.587513208389282,
  "10": 4.852802991867065,
  "11": 4.586087942123413,
  "12": 4.550539970397949,
  "13": 4.581750392913818,
  "14": 4.660498380661011,
  "15": 4.55727481842041,
  "16": 4.804233551025391,
  "17": 4.858165264129639,
  "18": 4.730369806289673,
  "19": 4.539580345153809,
  "20": 4.586284637451172,
  "21": 4.609185218811035,
  "22": 4.847305059432983,
  "23": 4.600450277328491,
  "24": 4.802637577056885,
  "25": 4.631007671356201,
  "26": 4.769629240036011,
  "27": 4.715638637542725,
  "28": 4.646592855453491,
  "29": 4.81051230430603,
  "30": 4.62230110168457,
  "31": 4.5956573486328125,
  "32": 0.9507594108581543,
  "33": 4.588935852050781,
  "34": 4.715273857116699,
  "35": 4.524096727371216,
  "36": 4.899753570556641,
  "37": 4.621185779571533,
  "38": 4.67519474029541,
  "39": 4.605047225952148,
  "40": 4.615936040878296,
  "41": 4.787131309509277,
  "42": 4.664011001586914,
  "43": 4.538137197494507,
  "44": 4.6941978931427,
  "45": 4.572710037231445,
  "46": 0.48114585876464844,
  "47": 4.694328308105469,
  "48": 4.661051511764526,
  "49": 4.6268768310546875,
  "50": 4.622238397598267,
  "51": 4.5958662033081055,
  "52": 4.583557844161987,
  "53": 4.828827619552612,
  "54": 4.689377546310425,
  "55": 4.641594886779785,
  "56": 4.714428424835205,
  "57": 4.714085340499878,
  "58": 4.603801965713501,
  "59": 4.876016139984131,
  "60": 4.5632524490356445,
  "61": 4.55924129486084,
  "62": 4.689473628997803,
  "63": 4.763833284378052,
  "64": 4.866421461105347,
  "65": 4.703354835510254,
  "66": 4.569135665893555,
  "67": 4.642993211746216,
  "68": 4.727291584014893,
  "69": 4.645156621932983,
  "70": 4.611446380615234,
  "71": 4.522687911987305,
  "72": 4.569592714309692,
  "73": 4.544519424438477,
  "74": 4.572919845581055,
  "75": 4.7325279712677,
  "76": 4.611639738082886,
  "77": 4.740849256515503,
  "78": 4.596484422683716,
  "79": 4.8667285442352295,
  "80": 4.625184774398804,
  "81": 4.623284578323364,
  "82": 4.858295917510986,
  "83": 4.910002946853638,
  "84": 4.544909238815308,
  "85": 4.570910215377808,
  "86": 4.598956346511841,
  "87": 4.564120531082153,
  "88": 4.560207843780518,
  "89": 4.75032639503479,
  "90": 4.72504997253418,
  "91": 4.727514266967773,
  "92": 4.739248514175415,
  "93": 4.554766654968262,
  "94": 4.778717517852783,
  "95": 4.907831430435181,
  "96": 4.531076908111572,
  "97": 4.574547052383423,
  "98": 4.644996404647827,
  "99": 4.600248098373413,
  "100": 4.595129013061523,
  "101": 4.623364448547363,
  "102": 4.610453367233276,
  "103": 4.636930704116821,
  "104": 4.645203590393066,
  "105": 4.757549524307251,
  "106": 4.862353801727295,
  "107": 4.662856101989746,
  "108": 4.983707904815674,
  "109": 4.5591418743133545,
  "110": 4.531512022018433,
  "111": 4.53733229637146,
  "112": 4.647533655166626,
  "113": 4.616004943847656,
  "114": 4.6507368087768555,
  "115": 4.5684850215911865,
  "116": 4.7228100299835205,
  "117": 4.571634531021118,
  "118": 4.897318601608276,
  "119": 4.601688623428345,
  "120": 4.6280059814453125,
  "121": 4.71156907081604,
  "122": 4.810991287231445,
  "123": 4.647890090942383,
  "124": 4.7144646644592285,
  "125": 4.729607820510864,
  "126": 4.485167026519775,
  "127": 4.612377882003784,
  "128": 4.712930202484131,
  "129": 4.5578436851501465,
  "130": 4.4762372970581055,
  "131": 4.619647741317749,
  "132": 4.7011330127716064,
  "133": 4.698278427124023,
  "134": 4.575469493865967,
  "135": 4.568343877792358,
  "136": 4.480430603027344,
  "137": 4.535859823226929,
  "138": 4.579156160354614,
  "139": 4.879769325256348,
  "140": 4.639344930648804,
  "141": 4.705314874649048,
  "142": 4.470612287521362,
  "143": 4.7611730098724365,
  "144": 4.549031734466553,
  "145": 4.485610485076904,
  "146": 4.6320648193359375,
  "147": 4.723700523376465,
  "148": 4.727646350860596,
  "149": 4.553231954574585,
  "150": 4.711241245269775,
  "151": 4.580171346664429,
  "152": 4.657040596008301,
  "153": 4.82743239402771,
  "154": 4.638209581375122,
  "155": 4.714986324310303,
  "156": 4.608304023742676,
  "157": 4.74141263961792,
  "158": 4.4872658252716064,
  "159": 4.654654264450073,
  "160": 4.568023681640625,
  "161": 4.719970703125,
  "162": 4.873796463012695,
  "163": 4.6280434131622314,
  "164": 4.600786924362183,
  "165": 4.586991310119629,
  "166": 4.645666599273682,
  "167": 4.651885986328125,
  "168": 4.567234754562378,
  "169": 4.659196615219116,
  "170": 4.5726470947265625,
  "171": 4.572359561920166,
  "172": 4.893451452255249,
  "173": 4.612828731536865,
  "174": 4.83357572555542,
  "175": 4.82338809967041,
  "176": 4.732264280319214,
  "177": 4.727995872497559,
  "178": 4.635139465332031,
  "179": 4.584402084350586,
  "180": 4.92294454574585,
  "181": 4.540031433105469,
  "182": 4.5834105014801025,
  "183": 4.464334964752197,
  "184": 4.524707078933716,
  "185": 4.554910898208618,
  "186": 4.635132551193237,
  "187": 4.568727016448975,
  "188": 4.656014680862427,
  "189": 4.573915958404541,
  "190": 4.657981634140015,
  "191": 4.552259683609009,
  "192": 4.622930526733398,
  "193": 0.6195242404937744,
  "194": 4.531151294708252,
  "195": 4.821099519729614,
  "196": 4.5634379386901855,
  "197": 4.6636643409729,
  "198": 4.611392259597778,
  "199": 4.610220670700073,
  "200": 4.600293159484863,
  "201": 4.480395793914795,
  "202": 4.644758701324463,
  "203": 4.590791940689087,
  "204": 4.801757574081421,
  "205": 4.6460864543914795,
  "206": 4.590355157852173,
  "207": 4.712806701660156,
  "208": 4.709913969039917,
  "209": 4.561342239379883,
  "210": 4.58659553527832,
  "211": 4.624205112457275,
  "212": 4.562519788742065,
  "213": 4.584499359130859,
  "214": 4.733945608139038,
  "215": 4.641980409622192,
  "216": 4.619351387023926,
  "217": 4.605354070663452,
  "218": 4.5423743724823,
  "219": 4.477086305618286,
  "220": 4.811722755432129,
  "221": 4.662173509597778,
  "222": 4.55534291267395,
  "223": 4.710262060165405,
  "224": 4.7123072147369385,
  "225": 4.8328773975372314,
  "226": 4.7501819133758545,
  "227": 4.722075700759888,
  "228": 4.732087135314941,
  "229": 4.475060939788818,
  "230": 4.621978521347046,
  "231": 4.647507190704346,
  "232": 4.590827941894531,
  "233": 4.953429698944092,
  "234": 4.831586599349976,
  "235": 4.7060463428497314,
  "236": 4.581286668777466,
  "237": 4.603159427642822,
  "238": 4.560458421707153,
  "239": 4.581459999084473,
  "240": 4.694082260131836,
  "241": 4.722442150115967,
  "242": 4.645631790161133,
  "243": 4.648587465286255,
  "244": 4.527678728103638,
  "245": 4.602020740509033,
  "246": 4.7615180015563965,
  "247": 4.71295428276062,
  "248": 4.629100799560547,
  "249": 4.617358207702637,
  "250": 4.70002007484436,
  "251": 4.555405855178833,
  "252": 4.640546798706055,
  "253": 4.643162488937378,
  "254": 4.902998924255371,
  "255": 4.6575562953948975,
  "256": 4.565792560577393,
  "257": 4.6459574699401855,
  "258": 4.638721227645874,
  "259": 4.826653242111206,
  "260": 4.567822217941284,
  "261": 4.659010410308838,
  "262": 4.609158039093018,
  "263": 4.720544338226318,
  "264": 4.728402137756348,
  "265": 4.563706159591675,
  "266": 4.714648008346558,
  "267": 4.545886516571045,
  "268": 4.586325168609619,
  "269": 4.473528861999512,
  "270": 4.754207372665405,
  "271": 4.874918222427368,
  "272": 4.743238687515259,
  "273": 4.7453343868255615,
  "274": 4.602821111679077,
  "275": 4.714749813079834,
  "276": 4.773730516433716,
  "277": 4.603878498077393,
  "278": 4.700045824050903,
  "279": 4.618943691253662,
  "280": 4.810112714767456,
  "281": 4.650544881820679,
  "282": 4.651124954223633,
  "283": 4.565458297729492,
  "284": 4.548644304275513,
  "285": 4.572289705276489,
  "286": 4.610703706741333,
  "287": 4.7608866691589355,
  "288": 4.4720518589019775,
  "289": 4.718362331390381,