{
  "1": 8.950088500976562,
  "2": 6.061269044876099,
  "3": 5.867253065109253,
  "4": 5.863264560699463,
  "5": 5.9486589431762695,
  "6": 5.858260631561279,
  "7": 5.887024164199829,
  "8": 5.94088077545166,
  "9": 5.901657581329346,
  "10": 5.871318817138672,
  "11": 5.90116024017334,
  "12": 5.693490028381348,
  "13": 5.67484974861145,
  "14": 5.7711029052734375,
  "15": 5.820761442184448,
  "16": 5.830329895019531,
  "17": 5.7301695346832275,
  "18": 5.881693601608276,
  "19": 5.903226137161255,
  "20": 5.6828837394714355,
  "21": 5.661601305007935,
  "22": 5.730483055114746,
  "23": 5.86624813079834,
  "24": 5.897907972335815,
  "25": 5.6797215938568115,
  "26": 5.788009166717529,
  "27": 5.91875696182251,
  "28": 5.755740165710449,
  "29": 5.752923965454102,
  "30": 5.9783406257629395,
  "31": 5.951263427734375,
  "32": 5.93719220161438,
  "33": 5.810998916625977,
  "34": 5.871307611465454,
  "35": 5.8959269523620605,
  "36": 6.0256874561309814,
  "37": 5.795007228851318,
  "38": 5.763462781906128,
  "39": 5.819108247756958,
  "40": 5.938111305236816,
  "41": 5.901278972625732,
  "42": 5.6853413581848145,
  "43": 5.669750213623047,
  "44": 5.986482620239258,
  "45": 5.915830373764038,
  "46": 5.876712799072266,
  "47": 5.928042650222778,
  "48": 5.80910587310791,
  "49": 5.893085718154907,
  "50": 6.146934270858765,
  "51": 5.901409149169922,
  "52": 6.093589544296265,
  "53": 6.0747389793396,
  "54": 5.730967044830322,
  "55": 5.8616111278533936,
  "56": 6.030772686004639,
  "57": 5.681037902832031,
  "58": 5.761416912078857,
  "59": 6.064868927001953,
  "60": 5.742261171340942,
  "61": 5.672824382781982,
  "62": 5.885769605636597,
  "63": 5.859317302703857,
  "64": 5.758124589920044,
  "65": 5.925703763961792,
  "66": 5.778597116470337,
  "67": 5.673708915710449,
  "68": 6.08128809928894,
  "69": 5.690821409225464,
  "70": 5.614056825637817,
  "71": 5.746283054351807,
  "72": 5.788506269454956,
  "73": 5.5902626514434814,
  "74": 5.820141077041626,
  "75": 5.797262191772461,
  "76": 5.655408620834351,
  "77": 5.9041571617126465,
  "78": 5.858302354812622,
  "79": 5.7311012744903564,
  "80": 5.793969631195068,
  "81": 5.642521619796753,
  "82": 5.7048351764678955,
  "83": 5.855204343795776,
  "84": 5.9447021484375,
  "85": 5.7217206954956055,
  "86": 5.6186912059783936,
  "87": 5.833966970443726,
  "88": 5.683357000350952,
  "89": 5.857700824737549,
  "90": 5.772671461105347,
  "91": 6.074751138687134,
  "92": 5.8959059715271,
  "93": 5.829012155532837,
  "94": 5.8056817054748535,
  "95": 5.7878570556640625,
  "96": 5.7967469692230225,
  "97": 5.685826539993286,
  "98": 5.745274305343628,
  "99": 5.863226413726807,
  "100": 5.73646092414856,
  "101": 5.697155237197876,
  "102": 5.734174728393555,
  "103": 5.615853309631348,
  "104": 5.787002086639404,
  "105": 5.921852111816406,
  "106": 5.85000205039978,
  "107": 5.903162956237793,
  "108": 6.090060234069824,
  "109": 5.837284326553345,
  "110": 5.9522621631622314,
  "111": 5.907399654388428,
  "112": 5.881293296813965,
  "113": 5.807457447052002,
  "114": 5.785415172576904,
  "115": 5.791904449462891,
  "116": 5.866983890533447,
  "117": 5.921404838562012,
  "118": 5.897027492523193,
  "119": 5.7064220905303955,
  "120": 5.705626010894775,
  "121": 5.784518241882324,
  "122": 5.866732358932495,
  "123": 5.8170154094696045,
  "124": 5.90583348274231,
  "125": 5.810887098312378,
  "126": 5.767945766448975,
  "127": 5.765792608261108,
  "128": 5.782807111740112,
  "129": 5.875277519226074,
  "130": 5.702984809875488,
  "131": 5.681494235992432,
  "132": 5.839378356933594,
  "133": 5.752297639846802,
  "134": 5.713569402694702,
  "135": 5.7217795848846436,
  "136": 5.706723690032959,
  "137": 6.029622554779053,
  "138": 5.611539840698242,
  "139": 5.727995157241821,
  "140": 5.6282641887664795,
  "141": 5.859648704528809,
  "142": 5.809399843215942,
  "143": 5.849681854248047,
  "144": 5.694013833999634,
  "145": 5.732821941375732,
  "146": 5.850219249725342,
  "147": 5.871811151504517,
  "148": 5.894400119781494,
  "149": 5.724034547805786,
  "150": 5.7513463497161865,
  "151": 5.817854881286621,
  "152": 5.8055737018585205,
  "153": 5.860360383987427,
  "154": 5.750871419906616,
  "155": 5.69552206993103,
  "156": 5.757618188858032,
  "157": 5.726076602935791,
  "158": 5.610103607177734,
  "159": 5.806358575820923,
  "160": 5.849183797836304,
  "161": 5.673160791397095,
  "162": 5.41469407081604,
  "163": 5.548070430755615,
  "164": 5.530168056488037,
  "165": 5.385193347930908,
  "166": 5.390636920928955,
  "167": 5.3858256340026855,
  "168": 5.7633957862854,
  "169": 5.770427227020264,
  "170": 5.834426641464233,
  "171": 5.7779154777526855,
  "172": 6.018474578857422,
  "173": 5.766003847122192,
  "174": 5.87204384803772,
  "175": 5.84783935546875,
  "176": 5.727358102798462,
  "177": 5.986003875732422,
  "178": 5.9252259731292725,
  "179": 6.30635142326355,
  "180": 6.081420421600342,
  "181": 5.848944187164307,
  "182": 5.89300537109375,
  "183": 5.834813833236694,
  "184": 5.993817567825317,
  "185": 5.900774002075195,
  "186": 5.841132164001465,
  "187": 5.840274095535278,
  "188": 5.916006565093994,
  "189": 5.8923399448394775,
  "190": 6.028455018997192,
  "191": 6.003293514251709,
  "192": 6.881551504135132,
  "193": 7.652232885360718,
  "194": 7.6683595180511475,
  "195": 7.782392740249634,
  "196": 7.6246209144592285,
  "197": 7.831278085708618,
  "198": 7.650079011917114,
  "199": 7.82275128364563,
  "200": 7.390706300735474,
  "201": 7.667670726776123,
  "202": 7.29005241394043,
  "203": 7.648797035217285,
  "204": 7.420088768005371,
  "205": 7.51211142539978,
  "206": 7.595903635025024,
  "207": 7.652929782867432,
  "208": 7.645570755004883,
  "209": 7.2479331493377686,
  "210": 7.347658157348633,
  "211": 7.433567047119141,
  "212": 7.599122762680054,
  "213": 7.627112150192261,
  "214": 7.689595460891724,
  "215": 7.5625786781311035,
  "216": 7.458064317703247,
  "217": 7.53283953666687,
  "218": 7.4464638233184814,
  "219": 7.395932197570801,
  "220": 7.584006309509277,
  "221": 7.488836765289307,
  "222": 7.664683818817139,
  "223": 7.6534059047698975,
  "224": 7.6386048793792725,
  "225": 7.753184080123901,
  "226": 7.672593593597412,
  "227": 7.744358062744141,
  "228": 7.680509805679321,
  "229": 7.668344974517822,
  "230": 7.6279895305633545,
  "231": 7.67819881439209,
  "232": 7.618065595626831,
  "233": 7.710844993591309,
  "234": 7.6563029289245605,
  "235": 7.627394676208496,
  "236": 7.648118019104004,
  "237": 7.4856040477752686,
  "238": 7.601626873016357,
  "239": 7.610513210296631,
  "240": 7.672157049179077,
  "241": 7.652226686477661,
  "242": 7.702001094818115,
  "243": 7.744039058685303,
  "244": 7.743858098983765,
  "245": 7.752745151519775,
  "246": 7.778266191482544,
  "247": 7.824093341827393,
  "248": 7.734196901321411,
  "249": 7.592742443084717,
  "250": 7.6568639278411865,
  "251": 7.557798862457275,
  "252": 7.6125569343566895,
  "253": 7.636075258255005,
  "254": 7.654794931411743,
  "255": 7.588369607925415,
  "256": 7.718232154846191,
  "257": 7.674435615539551,
  "258": 7.592753648757935,
  "259": 7.828081130981445,
  "260": 7.939006805419922,
  "261": 7.6104652881622314,
  "262": 7.619100570678711,
  "263": 7.645403861999512,
  "264": 7.620694398880005,
  "265": 7.589547395706177,
  "266": 7.69689679145813,
  "267": 7.771270751953125,
  "268": 7.608818054199219,
  "269": 7.512061595916748,
  "270": 7.36049747467041,
  "271": 7.7540764808654785,
  "272": 7.6602702140808105,
  "273": 7.380955219268799,
  "274": 7.355515241622925,
  "275": 7.670871257781982,
  "276": 7.562071323394775,
  "277": 7.321737051010132,
  "278": 7.400726079940796,
  "279": 7.294979572296143,
  "280": 7.504048824310303,
  "281": 7.5431227684021,
  "282": 7.633585691452026,
  "283": 7.708794593811035,
  "284": 7.531041860580444,
  "285": 7.474621534347534,
  "286": 7.306975841522217,
  "287": 7.534143686294556,
  "288": 7.633723974227905,
  "289": 7.74914026260376,