{
  "average_f1": 0.20396656735179539,
  "average_f1_percent": 20.4,
  "total_evaluated": 500,
  "per_super_category": {
    "2hop": {
      "average_f1": 0.18594563850724938,
      "average_f1_percent": 18.59,
      "total_evaluated": 248
    },
    "answerable": {
      "average_f1": 0.21994427891965898,
      "average_f1_percent": 21.99,
      "total_evaluated": 300
    },
    "3hop": {
      "average_f1": 0.20951020889877423,
      "average_f1_percent": 20.95,
      "total_evaluated": 172
    },
    "4hop": {
      "average_f1": 0.24791261744388388,
      "average_f1_percent": 24.79,
      "total_evaluated": 80
    },
    "unanswerable": {
      "average_f1": 0.18,
      "average_f1_percent": 18.0,
      "total_evaluated": 200
    }
  }
}