{
  "average_f1": 0.3806636645197622,
  "average_f1_percent": 38.07,
  "total_evaluated": 500,
  "per_super_category": {
    "2hop": {
      "average_f1": 0.35337447051156734,
      "average_f1_percent": 35.34,
      "total_evaluated": 248
    },
    "answerable": {
      "average_f1": 0.3644394408662703,
      "average_f1_percent": 36.44,
      "total_evaluated": 300
    },
    "3hop": {
      "average_f1": 0.3996661780269267,
      "average_f1_percent": 39.97,
      "total_evaluated": 172
    },
    "4hop": {
      "average_f1": 0.42440476190476184,
      "average_f1_percent": 42.44,
      "total_evaluated": 80
    },
    "unanswerable": {
      "average_f1": 0.405,
      "average_f1_percent": 40.5,
      "total_evaluated": 200
    }
  }
}