{
  "average_f1": 0.43603908313908313,
  "average_f1_percent": 43.6,
  "total_evaluated": 500,
  "per_super_category": {
    "2hop": {
      "average_f1": 0.4420814848234203,
      "average_f1_percent": 44.21,
      "total_evaluated": 248
    },
    "answerable": {
      "average_f1": 0.19006513856513854,
      "average_f1_percent": 19.01,
      "total_evaluated": 300
    },
    "3hop": {
      "average_f1": 0.4308001107419712,
      "average_f1_percent": 43.08,
      "total_evaluated": 172
    },
    "4hop": {
      "average_f1": 0.42857142857142855,
      "average_f1_percent": 42.86,
      "total_evaluated": 80
    },
    "unanswerable": {
      "average_f1": 0.805,
      "average_f1_percent": 80.5,
      "total_evaluated": 200
    }
  }
}