{
  "1": 7.140919208526611,
  "2": 4.741482973098755,
  "3": 4.886652708053589,
  "4": 4.922762393951416,
  "5": 4.684849500656128,
  "6": 4.854540109634399,
  "7": 4.811814069747925,
  "8": 4.796318292617798,
  "9": 4.692055940628052,
  "10": 4.850681304931641,
  "11": 4.762577772140503,
  "12": 4.676005125045776,
  "13": 4.755681037902832,
  "14": 4.818864107131958,
  "15": 4.727665424346924,
  "16": 4.804826736450195,
  "17": 4.768924951553345,
  "18": 4.808328628540039,
  "19": 4.680185317993164,
  "20": 4.672032594680786,
  "21": 4.852659702301025,
  "22": 4.782618045806885,
  "23": 4.804257392883301,
  "24": 4.719822883605957,
  "25": 4.823152303695679,
  "26": 4.832051753997803,
  "27": 4.788639545440674,
  "28": 4.768693208694458,
  "29": 4.836331129074097,
  "30": 4.8161461353302,
  "31": 4.801578760147095,
  "32": 4.8200767040252686,
  "33": 4.734777450561523,
  "34": 4.7268383502960205,
  "35": 4.670730352401733,
  "36": 4.77720308303833,
  "37": 4.66838526725769,
  "38": 4.695713996887207,
  "39": 4.705659866333008,
  "40": 4.709989786148071,
  "41": 4.704115629196167,
  "42": 4.805454730987549,
  "43": 4.8904502391815186,
  "44": 4.748973608016968,
  "45": 4.790817737579346,
  "46": 4.8366827964782715,
  "47": 4.793055295944214,
  "48": 4.811481714248657,
  "49": 4.799280405044556,
  "50": 4.705859184265137,
  "51": 4.76393723487854,
  "52": 4.7327516078948975,
  "53": 4.743143558502197,
  "54": 4.816494464874268,
  "55": 4.689762353897095,
  "56": 4.728381872177124,
  "57": 4.851092576980591,
  "58": 4.7446136474609375,
  "59": 4.897472620010376,
  "60": 4.822271347045898,
  "61": 4.808542013168335,
  "62": 4.847692012786865,
  "63": 4.776385307312012,
  "64": 4.839182376861572,
  "65": 4.752247333526611,
  "66": 4.706778526306152,
  "67": 4.791785001754761,
  "68": 4.724182844161987,
  "69": 4.721997976303101,
  "70": 4.708786964416504,
  "71": 4.666574239730835,
  "72": 4.764150381088257,
  "73": 4.665905475616455,
  "74": 4.678095102310181,
  "75": 4.760120868682861,
  "76": 4.731984853744507,
  "77": 4.852010011672974,
  "78": 4.684162139892578,
  "79": 4.897396564483643,
  "80": 4.923495292663574,
  "81": 4.799810886383057,
  "82": 4.784787893295288,
  "83": 4.829673767089844,
  "84": 4.790210247039795,
  "85": 4.710984706878662,
  "86": 4.717867851257324,
  "87": 4.85791802406311,
  "88": 4.748902320861816,
  "89": 4.861613035202026,
  "90": 4.827588796615601,
  "91": 4.792134523391724,
  "92": 4.781067132949829,
  "93": 4.697597980499268,
  "94": 4.808028936386108,
  "95": 4.841419458389282,
  "96": 4.799383163452148,
  "97": 4.757073163986206,
  "98": 4.904076337814331,
  "99": 4.698554992675781,
  "100": 4.694371938705444,
  "101": 4.6678147315979,
  "102": 4.774395227432251,
  "103": 4.796782493591309,
  "104": 4.858098983764648,
  "105": 4.8091208934783936,
  "106": 4.738106727600098,
  "107": 4.796270132064819,
  "108": 4.742230653762817,
  "109": 4.7415688037872314,
  "110": 4.784846305847168,
  "111": 4.762698411941528,
  "112": 4.754834175109863,
  "113": 4.681424856185913,
  "114": 4.742953300476074,
  "115": 4.6561970710754395,
  "116": 4.72338342666626,
  "117": 4.785486698150635,
  "118": 4.84852147102356,
  "119": 4.669637441635132,
  "120": 4.825982332229614,
  "121": 4.7730772495269775,
  "122": 4.736059904098511,
  "123": 4.826293468475342,
  "124": 4.7036683559417725,
  "125": 4.714794874191284,
  "126": 4.7098095417022705,
  "127": 4.686399698257446,
  "128": 4.751425743103027,
  "129": 4.670680284500122,
  "130": 4.663356304168701,
  "131": 4.7852771282196045,
  "132": 4.82576060295105,
  "133": 4.703804016113281,
  "134": 4.749847888946533,
  "135": 4.67713189125061,
  "136": 4.729701519012451,
  "137": 4.7929089069366455,
  "138": 4.71996283531189,
  "139": 4.718415260314941,
  "140": 4.716122150421143,
  "141": 4.69713568687439,
  "142": 4.648467779159546,
  "143": 4.73021388053894,
  "144": 4.727381229400635,
  "145": 4.821660995483398,
  "146": 4.788142204284668,
  "147": 4.758384466171265,
  "148": 4.705610036849976,
  "149": 4.763658285140991,
  "150": 4.733433246612549,
  "151": 4.798802852630615,
  "152": 4.762210845947266,
  "153": 4.7159059047698975,
  "154": 4.809841632843018,
  "155": 4.744880676269531,
  "156": 4.743291616439819,
  "157": 4.795339584350586,
  "158": 4.703418254852295,
  "159": 4.746802806854248,
  "160": 4.70298433303833,
  "161": 4.710030555725098,
  "162": 4.945678949356079,
  "163": 4.871987819671631,
  "164": 4.804466485977173,
  "165": 4.6897008419036865,
  "166": 4.8473427295684814,
  "167": 4.730407238006592,
  "168": 4.7656073570251465,
  "169": 4.776982069015503,
  "170": 4.771918058395386,
  "171": 4.733394384384155,
  "172": 4.745989561080933,
  "173": 4.713931083679199,
  "174": 4.775555610656738,
  "175": 4.7654242515563965,
  "176": 4.738064527511597,
  "177": 4.7562713623046875,
  "178": 4.775681018829346,
  "179": 4.720827579498291,
  "180": 4.776366710662842,
  "181": 4.726457118988037,
  "182": 4.774380445480347,
  "183": 4.703855991363525,
  "184": 4.677151441574097,
  "185": 4.66340446472168,
  "186": 4.781437158584595,
  "187": 4.715967893600464,
  "188": 4.77123498916626,
  "189": 4.692043781280518,
  "190": 4.6982741355896,
  "191": 4.68984580039978,
  "192": 4.688177824020386,
  "193": 4.786806583404541,
  "194": 4.697191476821899,
  "195": 4.7520153522491455,
  "196": 4.6668701171875,
  "197": 4.692186594009399,
  "198": 4.722475528717041,
  "199": 4.712432622909546,
  "200": 4.703343629837036,
  "201": 4.65201210975647,
  "202": 4.682132959365845,
  "203": 4.672910928726196,
  "204": 4.741447448730469,
  "205": 4.753201484680176,
  "206": 4.7964770793914795,
  "207": 4.805558204650879,
  "208": 4.764661073684692,
  "209": 4.814894914627075,
  "210": 4.862029790878296,
  "211": 4.86334753036499,
  "212": 4.8115317821502686,
  "213": 4.8787126541137695,
  "214": 4.870393514633179,
  "215": 4.752218008041382,
  "216": 4.779261112213135,
  "217": 4.707221746444702,
  "218": 4.725794315338135,
  "219": 4.687966823577881,
  "220": 4.770015001296997,
  "221": 4.762802839279175,
  "222": 4.761523962020874,
  "223": 4.691560506820679,
  "224": 4.905676603317261,
  "225": 4.781315803527832,
  "226": 4.742915153503418,
  "227": 4.716634273529053,
  "228": 4.761959075927734,
  "229": 4.7078635692596436,
  "230": 4.7584922313690186,
  "231": 4.747059106826782,
  "232": 4.735732316970825,
  "233": 4.81566047668457,
  "234": 4.779170751571655,
  "235": 4.764810800552368,
  "236": 4.6947410106658936,
  "237": 4.7526633739471436,
  "238": 4.729122161865234,
  "239": 4.680495738983154,
  "240": 4.721122741699219,
  "241": 4.715368986129761,
  "242": 4.670362710952759,
  "243": 4.6926796436309814,
  "244": 4.732378244400024,
  "245": 4.72605299949646,
  "246": 4.885446310043335,
  "247": 4.93599534034729,
  "248": 4.884868383407593,
  "249": 4.7777533531188965,
  "250": 4.807098627090454,
  "251": 4.769866466522217,
  "252": 4.716495037078857,
  "253": 4.771346092224121,
  "254": 4.815497159957886,
  "255": 4.760892868041992,
  "256": 4.833236455917358,
  "257": 4.6946375370025635,
  "258": 4.731539726257324,
  "259": 4.718116521835327,
  "260": 4.740668058395386,
  "261": 4.695821046829224,
  "262": 4.708581209182739,
  "263": 4.727561950683594,
  "264": 4.7104809284210205,
  "265": 4.710305452346802,
  "266": 4.693724155426025,
  "267": 4.751798391342163,
  "268": 4.752807378768921,
  "269": 4.782974720001221,
  "270": 4.792515277862549,
  "271": 4.784425258636475,
  "272": 4.790420770645142,
  "273": 4.807664632797241,
  "274": 4.750188112258911,
  "275": 4.695735931396484,
  "276": 4.828815937042236,
  "277": 4.7463202476501465,
  "278": 4.769875764846802,
  "279": 4.768141508102417,
  "280": 4.7242231369018555,
  "281": 4.71173620223999,
  "282": 4.709187746047974,
  "283": 4.752180099487305,
  "284": 4.6976988315582275,
  "285": 4.76675820350647,
  "286": 4.710111379623413,
  "287": 4.692638635635376,
  "288": 4.6648850440979,
  "289": 4.745860576629639,