{
  "1": 5.103821754455566,
  "2": 4.465388059616089,
  "3": 4.577121019363403,
  "4": 4.443601131439209,
  "5": 4.456540584564209,
  "6": 4.466444492340088,
  "7": 4.5267767906188965,
  "8": 4.519742727279663,
  "9": 4.5501549243927,
  "10": 4.8406500816345215,
  "11": 4.530817031860352,
  "12": 4.4772255420684814,
  "13": 4.525976657867432,
  "14": 4.641669988632202,
  "15": 4.465275287628174,
  "16": 0.6037211418151855,
  "17": 4.820996284484863,
  "18": 4.6567370891571045,
  "19": 4.465579509735107,
  "20": 4.503361940383911,
  "21": 4.524866819381714,
  "22": 4.807857275009155,
  "23": 4.519144773483276,
  "24": 4.748924255371094,
  "25": 4.556173801422119,
  "26": 4.725176572799683,
  "27": 4.656913995742798,
  "28": 4.569050550460815,
  "29": 4.749047040939331,
  "30": 4.546574115753174,
  "31": 4.5016608238220215,
  "32": 4.705907344818115,
  "33": 4.5021069049835205,
  "34": 4.653350114822388,
  "35": 4.448415994644165,
  "36": 4.824383735656738,
  "37": 4.5177531242370605,
  "38": 4.536633253097534,
  "39": 4.4720165729522705,
  "40": 4.508657693862915,
  "41": 4.729929685592651,
  "42": 4.572967052459717,
  "43": 4.455824851989746,
  "44": 4.641075372695923,
  "45": 4.4777302742004395,
  "46": 4.521332025527954,
  "47": 4.644697666168213,
  "48": 4.568228006362915,
  "49": 4.52060079574585,
  "50": 4.52241849899292,
  "51": 4.50887393951416,
  "52": 4.4710023403167725,
  "53": 4.737425804138184,
  "54": 4.642517805099487,
  "55": 4.558828115463257,
  "56": 4.642940998077393,
  "57": 4.645981311798096,
  "58": 4.505420684814453,
  "59": 4.814105033874512,
  "60": 4.471819639205933,
  "61": 4.4626851081848145,
  "62": 4.639810800552368,
  "63": 4.7091944217681885,
  "64": 4.807959794998169,
  "65": 4.645163059234619,
  "66": 4.473232984542847,
  "67": 4.558638095855713,
  "68": 4.65658974647522,
  "69": 4.56074857711792,
  "70": 4.516319990158081,
  "71": 4.4422607421875,
  "72": 4.478887319564819,
  "73": 4.456716537475586,
  "74": 4.47322154045105,
  "75": 4.6580891609191895,
  "76": 4.5145423412323,
  "77": 4.66286301612854,
  "78": 4.504624366760254,
  "79": 4.806203126907349,
  "80": 4.5335564613342285,
  "81": 4.529423236846924,
  "82": 4.801822900772095,
  "83": 4.859281539916992,
  "84": 4.459653377532959,
  "85": 4.479199647903442,
  "86": 4.497056484222412,
  "87": 4.467866659164429,
  "88": 4.466204881668091,
  "89": 4.6661670207977295,
  "90": 4.650606393814087,
  "91": 4.6518025398254395,
  "92": 4.658720970153809,
  "93": 4.4636876583099365,
  "94": 4.714558362960815,
  "95": 4.8356335163116455,
  "96": 4.443327188491821,
  "97": 4.472652196884155,
  "98": 4.5525901317596436,
  "99": 4.50872015953064,
  "100": 4.498040676116943,
  "101": 4.510371446609497,
  "102": 4.508484601974487,
  "103": 4.554311752319336,
  "104": 4.553666830062866,
  "105": 4.674223184585571,
  "106": 4.803561449050903,
  "107": 4.56998085975647,
  "108": 4.901006698608398,
  "109": 4.46555757522583,
  "110": 4.447324275970459,
  "111": 4.4511940479278564,
  "112": 4.558231353759766,
  "113": 4.518389940261841,
  "114": 4.5521440505981445,
  "115": 4.468144416809082,
  "116": 4.646732807159424,
  "117": 4.473058462142944,
  "118": 4.830031633377075,
  "119": 4.49757981300354,
  "120": 4.5196075439453125,
  "121": 4.640313386917114,
  "122": 4.726286172866821,
  "123": 4.557987928390503,
  "124": 4.646687746047974,
  "125": 4.64918851852417,
  "126": 4.400386333465576,
  "127": 4.513431549072266,
  "128": 4.642791748046875,
  "129": 4.461951732635498,
  "130": 4.398186206817627,
  "131": 4.518818140029907,
  "132": 4.645559310913086,
  "133": 4.641411304473877,
  "134": 4.47467041015625,
  "135": 4.465214967727661,
  "136": 4.396627426147461,
  "137": 4.445880889892578,
  "138": 4.481496572494507,
  "139": 4.815262079238892,
  "140": 4.540128707885742,
  "141": 4.640611886978149,
  "142": 4.3879570960998535,
  "143": 4.671972990036011,
  "144": 4.45268702507019,
  "145": 4.3999176025390625,
  "146": 4.533754825592041,
  "147": 4.6486029624938965,
  "148": 4.65142297744751,
  "149": 4.457251310348511,
  "150": 4.6404359340667725,
  "151": 4.476504325866699,
  "152": 4.569155693054199,
  "153": 4.7535316944122314,
  "154": 4.546658515930176,
  "155": 4.640482425689697,
  "156": 4.505194664001465,
  "157": 4.660209655761719,
  "158": 4.40401291847229,
  "159": 4.566548585891724,
  "160": 4.46698522567749,
  "161": 4.64389181137085,
  "162": 4.812716960906982,
  "163": 4.530477523803711,
  "164": 4.498040437698364,
  "165": 4.478403329849243,
  "166": 4.54905366897583,
  "167": 4.56529688835144,
  "168": 4.467356204986572,
  "169": 4.566392183303833,
  "170": 4.470860242843628,
  "171": 4.469578504562378,
  "172": 0.685368537902832,
  "173": 4.514669418334961,
  "174": 4.757660627365112,
  "175": 4.750957489013672,
  "176": 4.643867015838623,
  "177": 4.650178670883179,
  "178": 4.53732967376709,
  "179": 4.474401473999023,
  "180": 4.823145151138306,
  "181": 4.450181007385254,
  "182": 4.476836442947388,
  "183": 4.387069463729858,
  "184": 4.440475940704346,
  "185": 4.454645872116089,
  "186": 4.540037631988525,
  "187": 4.466001749038696,
  "188": 4.564819574356079,
  "189": 4.475375175476074,
  "190": 4.558902025222778,
  "191": 4.459019422531128,
  "192": 4.523970127105713,
  "193": 4.885315179824829,
  "194": 4.44712495803833,
  "195": 4.751864433288574,
  "196": 4.4652111530303955,
  "197": 4.570003032684326,
  "198": 4.512993335723877,
  "199": 4.507612943649292,
  "200": 4.498462677001953,
  "201": 4.398900032043457,
  "202": 4.5480101108551025,
  "203": 4.47768497467041,
  "204": 4.715277433395386,
  "205": 4.55071759223938,
  "206": 4.478484153747559,
  "207": 4.648536443710327,
  "208": 4.6492698192596436,
  "209": 4.463770389556885,
  "210": 4.480513334274292,
  "211": 4.521373510360718,
  "212": 4.465189695358276,
  "213": 4.477002382278442,
  "214": 4.655683994293213,
  "215": 4.540503025054932,
  "216": 4.517838478088379,
  "217": 4.497328758239746,
  "218": 4.448086738586426,
  "219": 4.39217734336853,
  "220": 4.737221956253052,
  "221": 4.570088148117065,
  "222": 4.4587485790252686,
  "223": 4.6447601318359375,
  "224": 4.649807691574097,
  "225": 4.760143995285034,
  "226": 4.666067361831665,
  "227": 4.648474931716919,
  "228": 4.654536485671997,
  "229": 4.396881818771362,
  "230": 4.519915342330933,
  "231": 4.555551528930664,
  "232": 4.480344772338867,
  "233": 4.889517307281494,
  "234": 4.7587549686431885,
  "235": 4.648913860321045,
  "236": 4.477679967880249,
  "237": 4.504120111465454,
  "238": 4.460458755493164,
  "239": 4.47801947593689,
  "240": 4.642712593078613,
  "241": 4.650245904922485,
  "242": 4.551461696624756,
  "243": 4.561645269393921,
  "244": 4.439430236816406,
  "245": 4.504114627838135,
  "246": 4.675429105758667,
  "247": 4.64335823059082,
  "248": 4.537631273269653,
  "249": 4.529026746749878,
  "250": 4.64100980758667,
  "251": 4.459039926528931,
  "252": 4.54809308052063,
  "253": 4.549099922180176,
  "254": 4.836529970169067,
  "255": 4.568878889083862,
  "256": 4.467348337173462,
  "257": 4.561613082885742,
  "258": 4.552619934082031,
  "259": 4.738696575164795,
  "260": 4.470097541809082,
  "261": 4.5676023960113525,
  "262": 4.519637107849121,
  "263": 4.64994740486145,
  "264": 4.655070781707764,
  "265": 4.467252016067505,
  "266": 4.645529270172119,
  "267": 4.4521849155426025,
  "268": 4.48052191734314,
  "269": 4.393101215362549,
  "270": 4.670511245727539,
  "271": 4.8152806758880615,
  "272": 4.660600900650024,
  "273": 4.6651270389556885,
  "274": 4.514124155044556,
  "275": 4.646794319152832,
  "276": 4.717517614364624,
  "277": 4.510174512863159,
  "278": 4.64008092880249,
  "279": 4.508699417114258,
  "280": 4.736998081207275,
  "281": 4.56015682220459,
  "282": 4.562649250030518,
  "283": 4.468485355377197,
  "284": 4.455453634262085,
  "285": 4.470017671585083,
  "286": 4.509280443191528,
  "287": 4.674654483795166,
  "288": 4.391957521438599,
  "289": 4.645720720291138,