{
  "1": 10.202608108520508,
  "2": 6.687108993530273,
  "3": 6.674748659133911,
  "4": 6.618046283721924,
  "5": 6.644979238510132,
  "6": 6.7503581047058105,
  "7": 6.706215858459473,
  "8": 6.704244613647461,
  "9": 6.706677198410034,
  "10": 6.807603597640991,
  "11": 6.660079717636108,
  "12": 6.708712816238403,
  "13": 6.6424431800842285,
  "14": 6.7430572509765625,
  "15": 6.594714641571045,
  "16": 6.715956211090088,
  "17": 6.748143911361694,
  "18": 6.731172800064087,
  "19": 6.790766954421997,
  "20": 6.668109893798828,
  "21": 6.673080682754517,
  "22": 6.775453090667725,
  "23": 6.656837701797485,
  "24": 6.865294456481934,
  "25": 6.984566688537598,
  "26": 6.79990029335022,
  "27": 6.834473371505737,
  "28": 6.670084714889526,
  "29": 6.69199013710022,
  "30": 6.719510316848755,
  "31": 6.6428399085998535,
  "32": 6.724996089935303,
  "33": 6.657503843307495,
  "34": 6.660218715667725,
  "35": 6.694038391113281,
  "36": 6.990540504455566,
  "37": 6.665285587310791,
  "38": 6.751180171966553,
  "39": 6.725455045700073,
  "40": 6.864510774612427,
  "41": 6.805769205093384,
  "42": 6.664588928222656,
  "43": 6.857287883758545,
  "44": 6.716309070587158,
  "45": 6.622418642044067,
  "46": 6.743530511856079,
  "47": 6.663979530334473,
  "48": 6.733529806137085,
  "49": 6.65630578994751,
  "50": 6.7591753005981445,
  "51": 6.9218909740448,
  "52": 7.292495965957642,
  "53": 6.922022581100464,
  "54": 6.825311183929443,
  "55": 6.976422309875488,
  "56": 6.652628660202026,
  "57": 6.866885423660278,
  "58": 6.652117013931274,
  "59": 6.691758394241333,
  "60": 6.746188402175903,
  "61": 6.619681119918823,
  "62": 6.6489386558532715,
  "63": 6.736109972000122,
  "64": 6.775482177734375,
  "65": 6.712238550186157,
  "66": 6.696651458740234,
  "67": 6.66271448135376,
  "68": 7.109281301498413,
  "69": 6.852207183837891,
  "70": 6.948834419250488,
  "71": 6.609526634216309,
  "72": 6.938111782073975,
  "73": 6.812210321426392,
  "74": 6.6096415519714355,
  "75": 6.625798225402832,
  "76": 6.6052141189575195,
  "77": 6.641205549240112,
  "78": 6.716292381286621,
  "79": 6.634338140487671,
  "80": 6.745241403579712,
  "81": 6.649711847305298,
  "82": 6.681516647338867,
  "83": 6.703698635101318,
  "84": 6.691382884979248,
  "85": 6.799916744232178,
  "86": 6.722819566726685,
  "87": 6.631475448608398,
  "88": 6.8558385372161865,
  "89": 6.856586217880249,
  "90": 6.726962089538574,
  "91": 6.7913501262664795,
  "92": 7.0591347217559814,
  "93": 6.660374641418457,
  "94": 6.709518671035767,
  "95": 6.8473451137542725,
  "96": 6.565936088562012,
  "97": 6.823408842086792,
  "98": 6.606110334396362,
  "99": 6.808737754821777,
  "100": 6.8073554039001465,
  "101": 6.82327127456665,
  "102": 6.791886568069458,
  "103": 6.608288764953613,
  "104": 6.956690549850464,
  "105": 6.6519997119903564,
  "106": 6.76960015296936,
  "107": 6.626416444778442,
  "108": 6.8341286182403564,
  "109": 6.616174936294556,
  "110": 6.6945576667785645,
  "111": 6.569869756698608,
  "112": 6.710634231567383,
  "113": 6.769379377365112,
  "114": 6.66001296043396,
  "115": 6.628039598464966,
  "116": 6.7294933795928955,
  "117": 6.592747449874878,
  "118": 6.694681167602539,
  "119": 6.822988033294678,
  "120": 6.738790988922119,
  "121": 6.651582717895508,
  "122": 6.915883302688599,
  "123": 6.628910064697266,
  "124": 6.725729703903198,
  "125": 6.675987958908081,
  "126": 6.607191562652588,
  "127": 6.606740474700928,
  "128": 6.618237495422363,
  "129": 6.64438009262085,
  "130": 6.6075334548950195,
  "131": 6.646803140640259,
  "132": 6.74852991104126,
  "133": 6.697967767715454,
  "134": 6.599635362625122,
  "135": 6.64182710647583,
  "136": 6.624422550201416,
  "137": 6.681198358535767,
  "138": 6.66301965713501,
  "139": 6.71872615814209,
  "140": 6.7414820194244385,
  "141": 6.6634910106658936,
  "142": 6.8681488037109375,
  "143": 6.636277675628662,
  "144": 6.587482690811157,
  "145": 6.615167617797852,
  "146": 6.64742374420166,
  "147": 6.623305320739746,
  "148": 6.75959587097168,
  "149": 6.593391418457031,
  "150": 6.703068733215332,
  "151": 6.580767631530762,
  "152": 6.604289293289185,
  "153": 6.648090362548828,
  "154": 6.694892406463623,
  "155": 6.772876262664795,
  "156": 6.654593467712402,
  "157": 6.682791233062744,
  "158": 6.620445489883423,
  "159": 6.6134703159332275,
  "160": 6.667943716049194,
  "161": 6.598191022872925,
  "162": 6.676807641983032,
  "163": 6.85738205909729,
  "164": 6.724693775177002,
  "165": 6.6576902866363525,
  "166": 6.60151481628418,
  "167": 6.696967124938965,
  "168": 6.579887866973877,
  "169": 6.598109483718872,
  "170": 6.591773986816406,
  "171": 6.663926839828491,
  "172": 6.729555130004883,
  "173": 6.688779354095459,
  "174": 6.713024377822876,
  "175": 6.6617043018341064,
  "176": 6.624946594238281,
  "177": 6.742619276046753,
  "178": 6.572865009307861,
  "179": 6.586453676223755,
  "180": 6.885995864868164,
  "181": 6.744818210601807,
  "182": 6.797288179397583,
  "183": 6.71634578704834,
  "184": 6.800235986709595,
  "185": 6.874068021774292,
  "186": 6.871605634689331,
  "187": 6.81980037689209,
  "188": 6.803574323654175,
  "189": 6.755069732666016,
  "190": 7.057891130447388,
  "191": 6.9167773723602295,
  "192": 6.731792688369751,
  "193": 7.044550180435181,
  "194": 6.836754322052002,
  "195": 6.894543886184692,
  "196": 6.771861553192139,
  "197": 6.740818500518799,
  "198": 6.75240421295166,
  "199": 6.740161657333374,
  "200": 6.601835250854492,
  "201": 6.772053956985474,
  "202": 6.807391881942749,
  "203": 6.928746461868286,
  "204": 6.785218715667725,
  "205": 6.812439680099487,
  "206": 6.670450448989868,
  "207": 6.84749960899353,
  "208": 6.659871816635132,
  "209": 6.686429977416992,
  "210": 6.708887100219727,
  "211": 6.664216041564941,
  "212": 6.781646013259888,
  "213": 6.8899924755096436,
  "214": 6.772468566894531,
  "215": 6.923807621002197,
  "216": 6.803703546524048,
  "217": 6.805392742156982,
  "218": 6.89866828918457,
  "219": 6.836208343505859,
  "220": 7.072025775909424,
  "221": 6.863909006118774,
  "222": 6.77952766418457,
  "223": 6.745662450790405,
  "224": 7.127156972885132,
  "225": 7.192054748535156,
  "226": 6.990634202957153,
  "227": 6.871497869491577,
  "228": 6.82456636428833,
  "229": 6.768800497055054,
  "230": 6.87825608253479,
  "231": 6.937725305557251,
  "232": 6.655245304107666,
  "233": 6.907790899276733,
  "234": 6.893324851989746,
  "235": 6.734392404556274,
  "236": 6.826696157455444,
  "237": 6.8786842823028564,
  "238": 6.766004323959351,
  "239": 6.961681604385376,
  "240": 6.991063833236694,
  "241": 7.45538854598999,
  "242": 7.115279197692871,
  "243": 7.0832602977752686,
  "244": 6.9910619258880615,
  "245": 7.011498928070068,
  "246": 7.407876253128052,
  "247": 6.866900205612183,
  "248": 6.90073299407959,
  "249": 6.912744045257568,
  "250": 6.970179796218872,
  "251": 6.852084398269653,
  "252": 6.801746606826782,
  "253": 6.907872438430786,
  "254": 6.949955701828003,
  "255": 6.662812232971191,
  "256": 6.820901393890381,
  "257": 6.8050055503845215,
  "258": 6.931232452392578,
  "259": 6.962385416030884,
  "260": 6.827869892120361,
  "261": 6.839392185211182,
  "262": 6.828599214553833,
  "263": 6.9454193115234375,
  "264": 6.867713451385498,
  "265": 6.948378801345825,
  "266": 6.739258050918579,
  "267": 6.901865243911743,
  "268": 6.970509767532349,
  "269": 6.904599905014038,
  "270": 7.0836145877838135,
  "271": 6.85193943977356,
  "272": 7.045575380325317,
  "273": 6.7512712478637695,
  "274": 6.973438262939453,
  "275": 6.860255718231201,
  "276": 6.9682066440582275,
  "277": 6.829862356185913,
  "278": 7.131030797958374,
  "279": 7.029607057571411,
  "280": 7.104403972625732,
  "281": 6.949748754501343,
  "282": 7.183791399002075,
  "283": 6.797598361968994,
  "284": 6.724985599517822,
  "285": 6.724076509475708,
  "286": 6.740227937698364,
  "287": 6.835162878036499,
  "288": 6.885909557342529,
  "289": 6.829041242599487,