{
  "1": 9.022037029266357,
  "2": 6.41519570350647,
  "3": 6.013433933258057,
  "4": 5.973659515380859,
  "5": 6.025919675827026,
  "6": 6.020763158798218,
  "7": 6.000959396362305,
  "8": 5.9989519119262695,
  "9": 6.01930046081543,
  "10": 6.09958291053772,
  "11": 6.00344705581665,
  "12": 6.0214197635650635,
  "13": 6.004234552383423,
  "14": 6.017050504684448,
  "15": 5.992569446563721,
  "16": 6.059418678283691,
  "17": 6.067895174026489,
  "18": 6.044450283050537,
  "19": 5.985381126403809,
  "20": 6.016111850738525,
  "21": 5.994131803512573,
  "22": 6.056994676589966,
  "23": 6.010860204696655,
  "24": 6.042849063873291,
  "25": 6.021352767944336,
  "26": 6.032821178436279,
  "27": 6.049704074859619,
  "28": 6.018651485443115,
  "29": 6.042023658752441,
  "30": 6.025901794433594,
  "31": 6.012338161468506,
  "32": 6.031041622161865,
  "33": 6.015229940414429,
  "34": 6.029090166091919,
  "35": 5.973022222518921,
  "36": 6.096742391586304,
  "37": 6.018539667129517,
  "38": 6.00938081741333,
  "39": 6.017078638076782,
  "40": 6.019003868103027,
  "41": 6.044148683547974,
  "42": 6.029590129852295,
  "43": 6.012836456298828,
  "44": 6.014679670333862,
  "45": 5.994070053100586,
  "46": 6.02820348739624,
  "47": 6.022421360015869,
  "48": 6.02776026725769,
  "49": 6.014506101608276,
  "50": 6.008120536804199,
  "51": 6.018165111541748,
  "52": 6.007936954498291,
  "53": 6.050334453582764,
  "54": 6.03461217880249,
  "55": 6.019793748855591,
  "56": 6.023170709609985,
  "57": 6.028278112411499,
  "58": 6.014283895492554,
  "59": 6.052722930908203,
  "60": 6.004824876785278,
  "61": 5.990653038024902,
  "62": 6.01721715927124,
  "63": 6.055030822753906,
  "64": 6.0892860889434814,
  "65": 6.037423849105835,
  "66": 6.017810344696045,
  "67": 6.017928838729858,
  "68": 6.044302940368652,
  "69": 6.019117593765259,
  "70": 6.021869897842407,
  "71": 5.999165296554565,
  "72": 6.005233526229858,
  "73": 5.994243621826172,
  "74": 6.01506233215332,
  "75": 6.0326502323150635,
  "76": 6.015687704086304,
  "77": 6.048212051391602,
  "78": 6.019082069396973,
  "79": 6.067247629165649,
  "80": 6.017754793167114,
  "81": 6.010706901550293,
  "82": 6.093728542327881,
  "83": 6.090003252029419,
  "84": 5.991848945617676,
  "85": 6.0066094398498535,
  "86": 5.997615098953247,
  "87": 6.02063512802124,
  "88": 5.9987404346466064,
  "89": 6.042762517929077,
  "90": 6.060152053833008,
  "91": 6.034322261810303,
  "92": 6.019150733947754,
  "93": 6.010396718978882,
  "94": 6.055731296539307,
  "95": 6.072205066680908,
  "96": 5.990445852279663,
  "97": 6.029566764831543,
  "98": 6.011204957962036,
  "99": 6.0130579471588135,
  "100": 6.035865545272827,
  "101": 6.013915777206421,
  "102": 6.012155055999756,
  "103": 6.036182403564453,
  "104": 6.01627516746521,
  "105": 6.063174486160278,
  "106": 6.071859121322632,
  "107": 6.010706186294556,
  "108": 6.104698896408081,
  "109": 5.991316795349121,
  "110": 5.982458829879761,
  "111": 6.000313997268677,
  "112": 6.035489320755005,
  "113": 6.008193731307983,
  "114": 6.02386999130249,
  "115": 6.004678010940552,
  "116": 6.02907919883728,
  "117": 6.005057334899902,
  "118": 6.060848712921143,
  "119": 6.001482963562012,
  "120": 6.02351188659668,
  "121": 6.015947580337524,
  "122": 6.067736625671387,
  "123": 6.039874792098999,
  "124": 6.036147356033325,
  "125": 6.065184116363525,
  "126": 5.9730119705200195,
  "127": 6.0267534255981445,
  "128": 6.047558546066284,
  "129": 6.001433372497559,
  "130": 5.98838210105896,
  "131": 6.02483057975769,
  "132": 6.035359621047974,
  "133": 6.038390636444092,
  "134": 6.030508279800415,
  "135": 5.990504264831543,
  "136": 5.9997477531433105,
  "137": 5.993799448013306,
  "138": 5.997133016586304,
  "139": 6.069310188293457,
  "140": 6.026596546173096,
  "141": 6.005664825439453,
  "142": 5.98000431060791,
  "143": 6.0598509311676025,
  "144": 5.98035192489624,
  "145": 5.988732576370239,
  "146": 6.02602744102478,
  "147": 6.018982410430908,
  "148": 6.061239242553711,
  "149": 6.0089497566223145,
  "150": 6.01426887512207,
  "151": 6.021341562271118,
  "152": 6.029759168624878,
  "153": 6.051247835159302,
  "154": 6.03444766998291,
  "155": 6.045386552810669,
  "156": 6.006735801696777,
  "157": 6.061667203903198,
  "158": 5.990804672241211,
  "159": 6.010412931442261,
  "160": 6.016186952590942,
  "161": 6.036092281341553,
  "162": 6.049683094024658,
  "163": 6.022393465042114,
  "164": 6.019233226776123,
  "165": 5.995432376861572,
  "166": 6.023909330368042,
  "167": 6.019334554672241,
  "168": 5.982138633728027,
  "169": 6.031891345977783,
  "170": 6.015702962875366,
  "171": 6.01615571975708,
  "172": 6.063170909881592,
  "173": 6.016414165496826,
  "174": 6.095611572265625,
  "175": 6.056663751602173,
  "176": 6.062955379486084,
  "177": 6.0475616455078125,
  "178": 6.003974676132202,
  "179": 6.019319295883179,
  "180": 6.101069688796997,
  "181": 5.977584600448608,
  "182": 6.0186004638671875,
  "183": 5.984072208404541,
  "184": 5.968349933624268,
  "185": 6.000810384750366,
  "186": 6.024925947189331,
  "187": 6.000644683837891,
  "188": 6.028413534164429,
  "189": 6.024543046951294,
  "190": 6.010173797607422,
  "191": 6.018023490905762,
  "192": 6.023185729980469,
  "193": 6.095008373260498,
  "194": 6.000903606414795,
  "195": 6.076623439788818,
  "196": 5.9852564334869385,
  "197": 6.04477858543396,
  "198": 6.029377460479736,
  "199": 6.019298553466797,
  "200": 6.025692701339722,
  "201": 5.993558406829834,
  "202": 6.012324094772339,
  "203": 6.022427320480347,
  "204": 6.065959930419922,
  "205": 6.011661052703857,
  "206": 6.026430368423462,
  "207": 6.029046058654785,
  "208": 6.021571636199951,
  "209": 5.9939820766448975,
  "210": 6.020236253738403,
  "211": 6.001741886138916,
  "212": 6.0142974853515625,
  "213": 6.01716160774231,
  "214": 6.052757740020752,
  "215": 6.020444393157959,
  "216": 6.037261486053467,
  "217": 6.005760908126831,
  "218": 5.981129169464111,
  "219": 5.98388671875,
  "220": 6.071154594421387,
  "221": 6.032947778701782,
  "222": 5.981209754943848,
  "223": 6.042168855667114,
  "224": 6.056272268295288,
  "225": 6.100843906402588,
  "226": 6.05120587348938,
  "227": 6.027153730392456,
  "228": 6.047694683074951,
  "229": 5.981541395187378,
  "230": 6.011173963546753,
  "231": 6.013889789581299,
  "232": 6.019829273223877,
  "233": 6.091161251068115,
  "234": 6.067843198776245,
  "235": 6.0268635749816895,
  "236": 5.995773077011108,
  "237": 6.023880958557129,
  "238": 5.990647554397583,
  "239": 5.998154878616333,
  "240": 6.03781795501709,
  "241": 6.060241222381592,
  "242": 5.997992515563965,
  "243": 6.028295993804932,
  "244": 5.983271360397339,
  "245": 5.997533559799194,
  "246": 6.060420036315918,
  "247": 6.05652117729187,
  "248": 6.001047134399414,
  "249": 6.009808778762817,
  "250": 6.027276039123535,
  "251": 5.975422620773315,
  "252": 6.022029876708984,
  "253": 6.018165826797485,
  "254": 6.075058460235596,
  "255": 6.037484645843506,
  "256": 6.016749143600464,
  "257": 6.003116846084595,
  "258": 6.025582551956177,
  "259": 6.068584680557251,
  "260": 5.994288921356201,
  "261": 6.040381193161011,
  "262": 6.025351047515869,
  "263": 6.018725872039795,
  "264": 6.041058778762817,
  "265": 6.0263402462005615,
  "266": 6.0252158641815186,
  "267": 6.021263360977173,
  "268": 6.015915632247925,
  "269": 5.9703826904296875,
  "270": 6.0825934410095215,
  "271": 6.048511028289795,
  "272": 6.059055805206299,
  "273": 6.04761528968811,
  "274": 6.02523398399353,
  "275": 6.045217514038086,
  "276": 6.045053482055664,
  "277": 6.0302958488464355,
  "278": 6.0298614501953125,
  "279": 6.003124237060547,
  "280": 6.076687812805176,
  "281": 6.029085874557495,
  "282": 6.0105671882629395,
  "283": 6.017920732498169,
  "284": 5.998198747634888,
  "285": 5.995360374450684,
  "286": 6.016273736953735,
  "287": 6.048893690109253,
  "288": 5.973283052444458,
  "289": 6.052727460861206,