{
  "1": 9.380055904388428,
  "2": 5.291485071182251,
  "3": 5.324758529663086,
  "4": 5.566201210021973,
  "5": 5.293117046356201,
  "6": 6.817552804946899,
  "7": 7.99260687828064,
  "8": 5.778338670730591,
  "9": 5.206557989120483,
  "10": 5.32438588142395,
  "11": 5.226060152053833,
  "12": 5.200484037399292,
  "13": 5.279145956039429,
  "14": 5.323081731796265,
  "15": 5.1417155265808105,
  "16": 5.233518123626709,
  "17": 5.241976499557495,
  "18": 5.510344505310059,
  "19": 5.147764444351196,
  "20": 5.259025573730469,
  "21": 5.191419839859009,
  "22": 5.262065887451172,
  "23": 5.191746950149536,
  "24": 5.297877788543701,
  "25": 5.168827533721924,
  "26": 5.19335412979126,
  "27": 5.193731069564819,
  "28": 5.405559062957764,
  "29": 5.23406195640564,
  "30": 5.159628629684448,
  "31": 5.141649007797241,
  "32": 5.2710559368133545,
  "33": 5.241550922393799,
  "34": 5.197351694107056,
  "35": 5.1323018074035645,
  "36": 5.232632875442505,
  "37": 5.158729791641235,
  "38": 5.193868637084961,
  "39": 5.969615936279297,
  "40": 5.154731750488281,
  "41": 5.268793344497681,
  "42": 5.380842685699463,
  "43": 5.36556077003479,
  "44": 5.335669279098511,
  "45": 5.285368204116821,
  "46": 5.352255582809448,
  "47": 5.312268972396851,
  "48": 5.31342077255249,
  "49": 5.384730577468872,
  "50": 6.048413276672363,
  "51": 5.371540546417236,
  "52": 5.425994873046875,
  "53": 5.416663646697998,
  "54": 5.3756020069122314,
  "55": 5.3884148597717285,
  "56": 5.417497634887695,
  "57": 5.395353078842163,
  "58": 5.3890111446380615,
  "59": 5.376994848251343,
  "60": 5.386780261993408,
  "61": 5.718815088272095,
  "62": 5.566324234008789,
  "63": 5.342401742935181,
  "64": 5.389932870864868,
  "65": 5.318044662475586,
  "66": 5.294384002685547,
  "67": 5.310577392578125,
  "68": 5.370409727096558,
  "69": 5.395731449127197,
  "70": 5.367774963378906,
  "71": 5.259162187576294,
  "72": 6.070921897888184,
  "73": 5.2832982540130615,
  "74": 5.307292222976685,
  "75": 5.3250603675842285,
  "76": 5.315754413604736,
  "77": 5.339481830596924,
  "78": 5.306586265563965,
  "79": 5.454317808151245,
  "80": 5.348606586456299,
  "81": 5.3121466636657715,
  "82": 6.262195825576782,
  "83": 5.406073331832886,
  "84": 5.281116485595703,
  "85": 5.301560878753662,
  "86": 5.3143205642700195,
  "87": 5.30007266998291,
  "88": 5.342283248901367,
  "89": 5.3863465785980225,
  "90": 5.36026668548584,
  "91": 5.323692083358765,
  "92": 5.975956678390503,
  "93": 5.304228782653809,
  "94": 5.354247093200684,
  "95": 5.381589412689209,
  "96": 5.291445970535278,
  "97": 5.568992614746094,
  "98": 5.494089603424072,
  "99": 5.316249847412109,
  "100": 5.313269138336182,
  "101": 5.333260536193848,
  "102": 6.031339883804321,
  "103": 5.333154201507568,
  "104": 5.323277235031128,
  "105": 5.345800399780273,
  "106": 5.69971489906311,
  "107": 5.454297065734863,
  "108": 5.386472940444946,
  "109": 5.244608163833618,
  "110": 5.245819568634033,
  "111": 5.244690418243408,
  "112": 5.285675764083862,
  "113": 5.9304468631744385,
  "114": 5.270681142807007,
  "115": 5.254956245422363,
  "116": 5.9093544483184814,
  "117": 5.315886735916138,
  "118": 5.332974433898926,
  "119": 5.284732818603516,
  "120": 5.28970742225647,
  "121": 5.304835081100464,
  "122": 5.356210231781006,
  "123": 5.925767183303833,
  "124": 5.298689603805542,
  "125": 6.291549921035767,
  "126": 5.334667205810547,
  "127": 5.282860040664673,
  "128": 5.294576644897461,
  "129": 5.288476467132568,
  "130": 5.266825437545776,
  "131": 5.306326150894165,
  "132": 5.320353746414185,
  "133": 5.30633544921875,
  "134": 6.035396575927734,
  "135": 5.767440557479858,
  "136": 5.26710057258606,
  "137": 5.265537738800049,
  "138": 5.289100885391235,
  "139": 5.331109285354614,
  "140": 5.3111491203308105,
  "141": 5.30081033706665,
  "142": 5.263057470321655,
  "143": 5.33284854888916,
  "144": 5.566964387893677,
  "145": 6.316167116165161,
  "146": 5.315641403198242,
  "147": 5.329040765762329,
  "148": 5.354592323303223,
  "149": 5.2855706214904785,
  "150": 5.326205492019653,
  "151": 5.306470155715942,
  "152": 5.3314714431762695,
  "153": 5.6773974895477295,
  "154": 5.2819976806640625,
  "155": 5.987446069717407,
  "156": 5.248157739639282,
  "157": 5.256885528564453,
  "158": 5.177959680557251,
  "159": 5.2291810512542725,
  "160": 5.254302024841309,
  "161": 5.224367141723633,
  "162": 5.404487133026123,
  "163": 6.684543132781982,
  "164": 6.485000133514404,
  "165": 5.296511173248291,
  "166": 6.0346691608428955,
  "167": 5.289309740066528,
  "168": 5.259039878845215,
  "169": 5.296360015869141,
  "170": 5.298688888549805,
  "171": 5.276660919189453,
  "172": 5.329845428466797,
  "173": 6.174198389053345,
  "174": 5.3652262687683105,
  "175": 5.332250118255615,
  "176": 5.349877119064331,
  "177": 5.847724676132202,
  "178": 5.265439033508301,
  "179": 5.295385122299194,
  "180": 5.411575794219971,
  "181": 5.245251417160034,
  "182": 5.3189568519592285,
  "183": 5.524107456207275,
  "184": 5.247844457626343,
  "185": 5.25812292098999,
  "186": 5.280225515365601,
  "187": 6.0509257316589355,
  "188": 6.916869163513184,
  "189": 6.879659175872803,
  "190": 6.897366762161255,
  "191": 7.069870948791504,
  "192": 6.0887291431427,
  "193": 5.662621021270752,
  "194": 5.308371305465698,
  "195": 5.377686023712158,
  "196": 5.986799955368042,
  "197": 5.304406404495239,
  "198": 5.310370206832886,
  "199": 5.322261810302734,
  "200": 5.313108921051025,
  "201": 5.29702091217041,
  "202": 5.3331427574157715,
  "203": 5.310944080352783,
  "204": 5.355722188949585,
  "205": 5.326138496398926,
  "206": 5.3328962326049805,
  "207": 5.611227989196777,
  "208": 5.329335451126099,
  "209": 5.367310285568237,
  "210": 5.317989349365234,
  "211": 5.312069892883301,
  "212": 5.384584665298462,
  "213": 5.319941282272339,
  "214": 5.3356828689575195,
  "215": 5.274281978607178,
  "216": 5.1785924434661865,
  "217": 5.135334253311157,
  "218": 5.238614797592163,
  "219": 5.10735011100769,
  "220": 5.17336893081665,
  "221": 5.474323034286499,
  "222": 5.188757658004761,
  "223": 5.594076633453369,
  "224": 5.1916515827178955,
  "225": 5.3683154582977295,
  "226": 6.762207746505737,
  "227": 5.86703634262085,
  "228": 5.15428900718689,
  "229": 5.05555534362793,
  "230": 5.007858991622925,
  "231": 5.0215137004852295,
  "232": 5.015429735183716,
  "233": 5.10159969329834,
  "234": 5.072771072387695,
  "235": 5.046656370162964,
  "236": 5.0155322551727295,
  "237": 5.38330340385437,
  "238": 5.00308084487915,
  "239": 5.020498514175415,
  "240": 5.041685581207275,
  "241": 5.051111221313477,
  "242": 5.018095970153809,
  "243": 5.027048826217651,
  "244": 4.994966983795166,
  "245": 5.015521287918091,
  "246": 5.061339378356934,
  "247": 6.733402729034424,
  "248": 6.532385587692261,
  "249": 6.566969156265259,
  "250": 6.589116096496582,
  "251": 6.521837949752808,
  "252": 6.591228246688843,
  "253": 6.5443525314331055,
  "254": 6.639030933380127,
  "255": 7.321529865264893,
  "256": 7.94390082359314,
  "257": 7.076432704925537,
  "258": 6.606099605560303,
  "259": 6.262068033218384,
  "260": 6.35430908203125,
  "261": 5.243827819824219,
  "262": 5.166544198989868,
  "263": 5.208400249481201,
  "264": 5.588283538818359,
  "265": 5.071245193481445,
  "266": 5.093836545944214,
  "267": 5.062577247619629,
  "268": 5.064280986785889,
  "269": 5.038059711456299,
  "270": 5.102274417877197,
  "271": 5.108275413513184,
  "272": 5.1038498878479,
  "273": 5.905896425247192,
  "274": 5.071667909622192,
  "275": 5.094355583190918,
  "276": 5.097689867019653,
  "277": 5.057924270629883,
  "278": 5.080636739730835,
  "279": 5.949408054351807,
  "280": 6.493851900100708,
  "281": 6.554044246673584,
  "282": 6.937083721160889,
  "283": 7.682087182998657,
  "284": 8.661235570907593,
  "285": 8.655018329620361,
  "286": 6.5875935554504395,
  "287": 6.60535740852356,
  "288": 6.549899578094482,
  "289": 6.615380048751831,