{
  "1": 12.98170280456543,
  "2": 6.965662479400635,
  "3": 6.883426666259766,
  "4": 6.898726224899292,
  "5": 6.872499704360962,
  "6": 6.865277528762817,
  "7": 6.80457329750061,
  "8": 6.860990524291992,
  "9": 6.875391006469727,
  "10": 6.953987121582031,
  "11": 6.823759078979492,
  "12": 6.854159355163574,
  "13": 6.829736709594727,
  "14": 7.139890909194946,
  "15": 6.865384578704834,
  "16": 7.005627632141113,
  "17": 1.010774850845337,
  "18": 6.780245304107666,
  "19": 6.832403659820557,
  "20": 6.834146976470947,
  "21": 6.898160457611084,
  "22": 6.915377616882324,
  "23": 6.86044454574585,
  "24": 6.84135103225708,
  "25": 6.79829478263855,
  "26": 6.903841495513916,
  "27": 6.9700024127960205,
  "28": 6.791353702545166,
  "29": 6.998975038528442,
  "30": 6.8705925941467285,
  "31": 6.876878261566162,
  "32": 6.89043402671814,
  "33": 5.239956617355347,
  "34": 6.801652431488037,
  "35": 6.835740566253662,
  "36": 6.9998087882995605,
  "37": 6.732912302017212,
  "38": 6.904113531112671,
  "39": 7.442719221115112,
  "40": 7.537609100341797,
  "41": 7.621075868606567,
  "42": 7.5552146434783936,
  "43": 6.985047340393066,
  "44": 6.950693130493164,
  "45": 7.162770748138428,
  "46": 7.500222206115723,
  "47": 7.535990953445435,
  "48": 7.543564796447754,
  "49": 7.512395858764648,
  "50": 6.882175922393799,
  "51": 6.798436641693115,
  "52": 6.867264747619629,
  "53": 6.957316637039185,
  "54": 6.879432439804077,
  "55": 6.935726881027222,
  "56": 6.811622381210327,
  "57": 6.91817569732666,
  "58": 6.803598880767822,
  "59": 6.995822191238403,
  "60": 6.765214443206787,
  "61": 6.83204197883606,
  "62": 6.881276369094849,
  "63": 7.028952598571777,
  "64": 6.934722185134888,
  "65": 6.870769023895264,
  "66": 6.774490833282471,
  "67": 6.903713941574097,
  "68": 6.8505189418792725,
  "69": 6.877418041229248,
  "70": 6.954516172409058,
  "71": 6.891432523727417,
  "72": 6.8264851570129395,
  "73": 6.7902843952178955,
  "74": 6.790848970413208,
  "75": 6.902128458023071,
  "76": 6.859936475753784,
  "77": 6.981675624847412,
  "78": 6.785356283187866,
  "79": 6.959593772888184,
  "80": 6.803183078765869,
  "81": 7.007082939147949,
  "82": 6.936403751373291,
  "83": 5.084233283996582,
  "84": 6.764237403869629,
  "85": 6.720245361328125,
  "86": 6.804941892623901,
  "87": 6.75419545173645,
  "88": 6.867014646530151,
  "89": 6.777841091156006,
  "90": 7.0218346118927,
  "91": 6.897557735443115,
  "92": 6.878281116485596,
  "93": 6.804403066635132,
  "94": 7.0001325607299805,
  "95": 7.0350542068481445,
  "96": 6.7881481647491455,
  "97": 6.770078420639038,
  "98": 6.710219621658325,
  "99": 6.839752197265625,
  "100": 6.772364139556885,
  "101": 6.72529149055481,
  "102": 6.891122341156006,
  "103": 6.823642730712891,
  "104": 6.836143255233765,
  "105": 6.837857484817505,
  "106": 7.149581432342529,
  "107": 7.1044111251831055,
  "108": 7.352411270141602,
  "109": 7.421365022659302,
  "110": 0.4714202880859375,
  "111": 7.196371555328369,
  "112": 7.1616880893707275,
  "113": 6.87443733215332,
  "114": 6.906357288360596,
  "115": 7.060641288757324,
  "116": 7.199362277984619,
  "117": 7.149207353591919,
  "118": 7.1029815673828125,
  "119": 7.30846905708313,
  "120": 7.64894437789917,
  "121": 7.619674205780029,
  "122": 7.698046922683716,
  "123": 7.771585941314697,
  "124": 7.622355937957764,
  "125": 7.6765899658203125,
  "126": 7.449872970581055,
  "127": 7.710483074188232,
  "128": 7.261741876602173,
  "129": 6.959707498550415,
  "130": 6.709945201873779,
  "131": 7.091137170791626,
  "132": 6.930352449417114,
  "133": 6.907964706420898,
  "134": 6.802613735198975,
  "135": 6.828689336776733,
  "136": 7.678317546844482,
  "137": 6.908181428909302,
  "138": 6.85502815246582,
  "139": 7.027515411376953,
  "140": 6.853261947631836,
  "141": 7.070133209228516,
  "142": 6.922364950180054,
  "143": 7.063765525817871,
  "144": 6.816547632217407,
  "145": 6.847447156906128,
  "146": 6.888061046600342,
  "147": 0.9983456134796143,
  "148": 7.10500955581665,
  "149": 7.130764007568359,
  "150": 7.263222932815552,
  "151": 7.225116968154907,
  "152": 7.037404775619507,
  "153": 7.331550598144531,
  "154": 7.039932727813721,
  "155": 7.094440698623657,
  "156": 7.453278303146362,
  "157": 7.139512777328491,
  "158": 6.966036796569824,
  "159": 6.976771831512451,
  "160": 7.08080530166626,
  "161": 0.5280289649963379,
  "162": 7.346073150634766,
  "163": 7.288156270980835,
  "164": 7.009670734405518,
  "165": 6.98576545715332,
  "166": 6.936214208602905,
  "167": 7.035717725753784,
  "168": 6.950417518615723,
  "169": 7.268130302429199,
  "170": 7.126910209655762,
  "171": 7.025599956512451,
  "172": 7.207815885543823,
  "173": 7.013399839401245,
  "174": 7.336272954940796,
  "175": 7.274210691452026,
  "176": 7.29031777381897,
  "177": 7.037473440170288,
  "178": 6.98768424987793,
  "179": 7.029491424560547,
  "180": 7.1266396045684814,
  "181": 7.166685342788696,
  "182": 7.037570953369141,
  "183": 2.6927356719970703,
  "184": 7.025249004364014,
  "185": 6.978754043579102,
  "186": 7.013551235198975,
  "187": 7.133089542388916,
  "188": 7.085703611373901,
  "189": 7.004965543746948,
  "190": 6.951920747756958,
  "191": 6.991771936416626,
  "192": 7.0476908683776855,
  "193": 0.6167705059051514,
  "194": 7.06813645362854,
  "195": 7.369336843490601,
  "196": 6.973231554031372,
  "197": 6.957102060317993,
  "198": 7.1172568798065186,
  "199": 7.059934377670288,
  "200": 7.327394247055054,
  "201": 7.64576530456543,
  "202": 7.727770805358887,
  "203": 8.035271883010864,
  "204": 8.913284540176392,
  "205": 8.861592769622803,
  "206": 8.894543170928955,
  "207": 8.965964555740356,
  "208": 8.232921600341797,
  "209": 7.3309595584869385,
  "210": 7.084383249282837,
  "211": 7.108042001724243,
  "212": 7.051442384719849,
  "213": 7.005559682846069,
  "214": 7.166361093521118,
  "215": 7.078155755996704,
  "216": 7.0057573318481445,
  "217": 7.075931072235107,
  "218": 7.105016231536865,
  "219": 6.960003852844238,
  "220": 7.211514949798584,
  "221": 7.222521543502808,
  "222": 6.932556390762329,
  "223": 7.138000965118408,
  "224": 7.142408132553101,
  "225": 7.157445907592773,
  "226": 7.1631505489349365,
  "227": 7.024516582489014,
  "228": 7.151813745498657,
  "229": 7.39654278755188,
  "230": 7.127526760101318,
  "231": 7.090147256851196,
  "232": 7.105122327804565,
  "233": 7.533122777938843,
  "234": 7.098988771438599,
  "235": 6.990986585617065,
  "236": 7.077054977416992,
  "237": 7.0379157066345215,
  "238": 7.191301345825195,
  "239": 7.3667356967926025,
  "240": 7.667348623275757,
  "241": 7.107927083969116,
  "242": 6.987594127655029,
  "243": 7.221824645996094,
  "244": 6.997549057006836,
  "245": 6.953204154968262,
  "246": 7.008052110671997,
  "247": 7.308838367462158,
  "248": 7.0550501346588135,
  "249": 7.082153558731079,
  "250": 7.212900161743164,
  "251": 7.0307230949401855,
  "252": 7.161524057388306,
  "253": 7.074837684631348,
  "254": 7.1922607421875,
  "255": 7.132685661315918,
  "256": 7.192249536514282,
  "257": 7.2028748989105225,
  "258": 7.045089483261108,
  "259": 7.24251389503479,
  "260": 7.0019237995147705,
  "261": 7.127072095870972,
  "262": 7.341957330703735,
  "263": 7.153488397598267,
  "264": 7.168057680130005,
  "265": 6.999112129211426,
  "266": 7.01544976234436,
  "267": 7.152584791183472,
  "268": 7.106707334518433,
  "269": 6.904749155044556,
  "270": 6.886799097061157,
  "271": 6.984078645706177,
  "272": 7.0370635986328125,
  "273": 6.9971678256988525,
  "274": 6.883104562759399,
  "275": 6.830410480499268,
  "276": 1.6790754795074463,
  "277": 6.9419519901275635,
  "278": 6.829749345779419,
  "279": 7.396432161331177,
  "280": 7.784419298171997,
  "281": 7.529586553573608,
  "282": 7.477893829345703,
  "283": 7.49666953086853,
  "284": 7.562511444091797,
  "285": 7.493753433227539,
  "286": 7.4742608070373535,
  "287": 7.603473901748657,
  "288": 7.025486946105957,
  "289": 6.891490459442139,