{
  "1": 2.8832006454467773,
  "2": 0.3905627727508545,
  "3": 4.54426383972168,
  "4": 1.2445271015167236,
  "5": 0.396942138671875,
  "6": 0.39555811882019043,
  "7": 0.5112969875335693,
  "8": 4.395334720611572,
  "9": 0.42145562171936035,
  "10": 4.652587890625,
  "11": 0.38626956939697266,
  "12": 0.4011547565460205,
  "13": 0.41921019554138184,
  "14": 4.4659130573272705,
  "15": 4.342548847198486,
  "16": 0.4844486713409424,
  "17": 0.5177111625671387,
  "18": 4.4988555908203125,
  "19": 4.352294921875,
  "20": 4.394918918609619,
  "21": 4.4131996631622314,
  "22": 4.646713733673096,
  "23": 4.419167757034302,
  "24": 0.7604312896728516,
  "25": 0.462174654006958,
  "26": 0.44834399223327637,
  "27": 4.527601480484009,
  "28": 4.464430570602417,
  "29": 0.4579310417175293,
  "30": 4.441948413848877,
  "31": 0.3914787769317627,
  "32": 0.4465365409851074,
  "33": 0.38956761360168457,
  "34": 4.528101921081543,
  "35": 0.4633655548095703,
  "36": 0.5316619873046875,
  "37": 0.5250144004821777,
  "38": 0.42845821380615234,
  "39": 0.46856093406677246,
  "40": 0.5531313419342041,
  "41": 4.5894434452056885,
  "42": 0.43932175636291504,
  "43": 4.369691848754883,
  "44": 4.504040002822876,
  "45": 4.388568878173828,
  "46": 0.4949300289154053,
  "47": 0.46986818313598633,
  "48": 4.470155715942383,
  "49": 0.4283421039581299,
  "50": 0.42922091484069824,
  "51": 0.4193415641784668,
  "52": 0.4058353900909424,
  "53": 0.5227501392364502,
  "54": 0.43244194984436035,
  "55": 0.4341566562652588,
  "56": 0.4389684200286865,
  "57": 0.4702138900756836,
  "58": 4.427534818649292,
  "59": 4.676674842834473,
  "60": 4.389323949813843,
  "61": 0.7634067535400391,
  "62": 0.4678046703338623,
  "63": 0.4818868637084961,
  "64": 4.671805381774902,
  "65": 4.5099663734436035,
  "66": 4.408946990966797,
  "67": 0.43389105796813965,
  "68": 4.548553943634033,
  "69": 4.477525234222412,
  "70": 0.42779541015625,
  "71": 0.39992308616638184,
  "72": 0.40368103981018066,
  "73": 4.377460479736328,
  "74": 4.403477191925049,
  "75": 0.48084306716918945,
  "76": 4.4393956661224365,
  "77": 4.572659492492676,
  "78": 4.422128200531006,
  "79": 0.5277359485626221,
  "80": 4.454269886016846,
  "81": 4.450592994689941,
  "82": 0.5943851470947266,
  "83": 4.713283538818359,
  "84": 0.43556976318359375,
  "85": 0.891263484954834,
  "86": 0.5234220027923584,
  "87": 0.9890444278717041,
  "88": 4.389291524887085,
  "89": 4.559726238250732,
  "90": 0.44219160079956055,
  "91": 0.4716968536376953,
  "92": 0.5061838626861572,
  "93": 0.40637946128845215,
  "94": 4.5848212242126465,
  "95": 0.5370795726776123,
  "96": 0.43023109436035156,
  "97": 4.398983955383301,
  "98": 0.4347386360168457,
  "99": 0.42218875885009766,
  "100": 0.3926846981048584,
  "101": 0.4274156093597412,
  "102": 4.426730155944824,
  "103": 4.463161945343018,
  "104": 0.4346745014190674,
  "105": 0.4420609474182129,
  "106": 4.666471719741821,
  "107": 4.480128049850464,
  "108": 4.7750208377838135,
  "109": 0.40829944610595703,
  "110": 0.40004968643188477,
  "111": 0.39953064918518066,
  "112": 0.4331634044647217,
  "113": 0.359938383102417,
  "114": 0.43454885482788086,
  "115": 0.3735477924346924,
  "116": 0.4724297523498535,
  "117": 0.40848255157470703,
  "118": 0.5301775932312012,
  "119": 0.42535877227783203,
  "120": 0.586228609085083,
  "121": 0.4349334239959717,
  "122": 0.49083662033081055,
  "123": 4.473447561264038,
  "124": 4.522740364074707,
  "125": 4.5399158000946045,
  "126": 4.30919623374939,
  "127": 0.5589189529418945,
  "128": 0.4730257987976074,
  "129": 0.3736860752105713,
  "130": 4.314900636672974,
  "131": 4.443430662155151,
  "132": 0.46251845359802246,
  "133": 4.513728141784668,
  "134": 4.400405406951904,
  "135": 4.386260271072388,
  "136": 4.304856777191162,
  "137": 0.4028289318084717,
  "138": 4.397233724594116,
  "139": 0.5627956390380859,
  "140": 0.5943746566772461,
  "141": 4.510595321655273,
  "142": 0.36387014389038086,
  "143": 0.4097013473510742,
  "144": 4.369095087051392,
  "145": 4.308556079864502,
  "146": 0.4318113327026367,
  "147": 4.531516075134277,
  "148": 0.4683191776275635,
  "149": 0.4321277141571045,
  "150": 4.5141754150390625,
  "151": 0.41303277015686035,
  "152": 4.4679811000823975,
  "153": 4.62821626663208,
  "154": 4.456691026687622,
  "155": 4.529723405838013,
  "156": 0.42754507064819336,
  "157": 4.552670478820801,
  "158": 4.315042734146118,
  "159": 4.4763665199279785,
  "160": 1.214245080947876,
  "161": 0.509885311126709,
  "162": 4.683717966079712,
  "163": 4.450711727142334,
  "164": 0.6844415664672852,
  "165": 0.4411802291870117,
  "166": 4.458349227905273,
  "167": 4.471469402313232,
  "168": 0.4423377513885498,
  "169": 4.475846767425537,
  "170": 0.5098447799682617,
  "171": 4.388327598571777,
  "172": 4.69980788230896,
  "173": 0.4929816722869873,
  "174": 0.5644021034240723,
  "175": 0.6590356826782227,
  "176": 4.535245180130005,
  "177": 0.47393298149108887,
  "178": 4.465825080871582,
  "179": 4.414226770401001,
  "180": 4.724680662155151,
  "181": 0.46558642387390137,
  "182": 0.5052587985992432,
  "183": 0.3619966506958008,
  "184": 0.4291532039642334,
  "185": 0.4015946388244629,
  "186": 0.3993856906890869,
  "187": 0.40654850006103516,
  "188": 4.4754838943481445,
  "189": 0.4056057929992676,
  "190": 0.43121910095214844,
  "191": 0.4011809825897217,
  "192": 0.42764973640441895,
  "193": 4.746504306793213,
  "194": 4.356487035751343,
  "195": 0.4959893226623535,
  "196": 0.40590405464172363,
  "197": 0.43936896324157715,
  "198": 4.437758207321167,
  "199": 0.42748069763183594,
  "200": 0.42536449432373047,
  "201": 0.3647334575653076,
  "202": 0.4336986541748047,
  "203": 0.3781857490539551,
  "204": 4.607644557952881,
  "205": 0.43863415718078613,
  "206": 0.40920567512512207,
  "207": 4.536813259124756,
  "208": 4.533305406570435,
  "209": 4.3909406661987305,
  "210": 0.41512250900268555,
  "211": 4.442589521408081,
  "212": 0.3445291519165039,
  "213": 0.37769556045532227,
  "214": 0.5066204071044922,
  "215": 4.4587180614471436,
  "216": 0.4282865524291992,
  "217": 0.42571306228637695,
  "218": 4.365740776062012,
  "219": 4.304745435714722,
  "220": 0.9596900939941406,
  "221": 4.485325813293457,
  "222": 4.382230997085571,
  "223": 3.956990957260132,
  "224": 4.520658493041992,
  "225": 4.636686325073242,
  "226": 4.562627553939819,
  "227": 4.537193059921265,
  "228": 0.5102713108062744,
  "229": 0.3320772647857666,
  "230": 0.4290947914123535,
  "231": 0.6617789268493652,
  "232": 4.4041428565979,
  "233": 4.754767417907715,
  "234": 0.46243739128112793,
  "235": 4.514898777008057,
  "236": 4.4124109745025635,
  "237": 0.4587571620941162,
  "238": 0.40486598014831543,
  "239": 0.41105031967163086,
  "240": 4.510194778442383,
  "241": 4.541351795196533,
  "242": 4.456362247467041,
  "243": 0.4343843460083008,
  "244": 4.351747035980225,
  "245": 0.42429184913635254,
  "246": 4.577120065689087,
  "247": 4.52755331993103,
  "248": 0.3998680114746094,
  "249": 0.4261915683746338,
  "250": 4.511991739273071,
  "251": 4.375848054885864,
  "252": 4.457299709320068,
  "253": 0.4669919013977051,
  "254": 0.5336830615997314,
  "255": 0.47203707695007324,
  "256": 1.2396349906921387,
  "257": 0.43967604637145996,
  "258": 0.40015172958374023,
  "259": 0.4976625442504883,
  "260": 0.40563321113586426,
  "261": 0.4057438373565674,
  "262": 0.390594482421875,
  "263": 4.535754203796387,
  "264": 0.5121088027954102,
  "265": 0.37307262420654297,
  "266": 0.43816661834716797,
  "267": 4.370242595672607,
  "268": 0.41496920585632324,
  "269": 0.4279942512512207,
  "270": 0.5097427368164062,
  "271": 0.5276069641113281,
  "272": 4.5481016635894775,
  "273": 4.559731483459473,
  "274": 4.431100368499756,
  "275": 0.5337069034576416,
  "276": 0.5191051959991455,
  "277": 0.39504408836364746,
  "278": 0.49961400032043457,
  "279": 4.432396650314331,
  "280": 4.609956502914429,
  "281": 4.466161251068115,