{
  "1": 7.36109185218811,
  "2": 4.250300407409668,
  "3": 4.283923387527466,
  "4": 4.40900731086731,
  "5": 4.251565217971802,
  "6": 4.250789642333984,
  "7": 4.233438730239868,
  "8": 4.2535059452056885,
  "9": 4.264354467391968,
  "10": 4.30984091758728,
  "11": 4.25490665435791,
  "12": 4.242403745651245,
  "13": 4.234425067901611,
  "14": 4.2529942989349365,
  "15": 4.247141361236572,
  "16": 4.292586326599121,
  "17": 4.307278871536255,
  "18": 4.309554100036621,
  "19": 4.276926755905151,
  "20": 4.263874530792236,
  "21": 4.25675106048584,
  "22": 4.331356763839722,
  "23": 4.283162593841553,
  "24": 4.331200838088989,
  "25": 4.283680200576782,
  "26": 4.27133846282959,
  "27": 4.267192840576172,
  "28": 4.27401876449585,
  "29": 4.3101348876953125,
  "30": 4.295984983444214,
  "31": 4.234942436218262,
  "32": 4.294584035873413,
  "33": 4.255202531814575,
  "34": 4.251275062561035,
  "35": 4.260177373886108,
  "36": 4.3336875438690186,
  "37": 4.26472806930542,
  "38": 4.265564203262329,
  "39": 4.256592512130737,
  "40": 4.278389930725098,
  "41": 4.293386220932007,
  "42": 4.264775991439819,
  "43": 4.2556798458099365,
  "44": 4.266245365142822,
  "45": 4.22746205329895,
  "46": 4.274260759353638,
  "47": 4.2701027393341064,
  "48": 4.274390697479248,
  "49": 4.272482395172119,
  "50": 4.250569581985474,
  "51": 4.242261171340942,
  "52": 4.270592212677002,
  "53": 4.319906711578369,
  "54": 4.323617458343506,
  "55": 4.270266771316528,
  "56": 4.287301778793335,
  "57": 4.295892238616943,
  "58": 4.26824164390564,
  "59": 4.31315541267395,
  "60": 4.283171653747559,
  "61": 4.280709981918335,
  "62": 4.313997030258179,
  "63": 4.2983012199401855,
  "64": 4.376378774642944,
  "65": 4.303720951080322,
  "66": 4.296121597290039,
  "67": 4.300621271133423,
  "68": 4.311350584030151,
  "69": 4.303197860717773,
  "70": 4.270474433898926,
  "71": 4.271923065185547,
  "72": 4.278214931488037,
  "73": 4.2505810260772705,
  "74": 4.272923231124878,
  "75": 4.314480781555176,
  "76": 4.281875371932983,
  "77": 4.3024632930755615,
  "78": 4.272208213806152,
  "79": 4.336225748062134,
  "80": 4.274145841598511,
  "81": 4.318711280822754,
  "82": 4.328899621963501,
  "83": 4.315927743911743,
  "84": 4.286108493804932,
  "85": 4.243174076080322,
  "86": 4.26780104637146,
  "87": 4.272069931030273,
  "88": 4.246249198913574,
  "89": 4.318483352661133,
  "90": 4.258546352386475,
  "91": 4.300021648406982,
  "92": 4.28155517578125,
  "93": 4.295799970626831,
  "94": 4.284867525100708,
  "95": 4.319135427474976,
  "96": 4.274404525756836,
  "97": 4.263283967971802,
  "98": 4.2951178550720215,
  "99": 4.275622129440308,
  "100": 4.284148454666138,
  "101": 4.27205491065979,
  "102": 4.285120725631714,
  "103": 4.294191360473633,
  "104": 4.307612895965576,
  "105": 4.314637184143066,
  "106": 4.306452751159668,
  "107": 4.290631294250488,
  "108": 4.333013296127319,
  "109": 4.273413896560669,
  "110": 4.236791372299194,
  "111": 4.263895034790039,
  "112": 4.289230108261108,
  "113": 4.277701377868652,
  "114": 4.31015944480896,
  "115": 4.2650816440582275,
  "116": 4.284013986587524,
  "117": 4.262786388397217,
  "118": 4.299750566482544,
  "119": 4.302343368530273,
  "120": 4.2879958152771,
  "121": 4.318471193313599,
  "122": 4.30676531791687,
  "123": 4.285585165023804,
  "124": 4.287256240844727,
  "125": 4.286427021026611,
  "126": 4.266883611679077,
  "127": 4.2505598068237305,
  "128": 4.284752130508423,
  "129": 4.247433423995972,
  "130": 4.256949186325073,
  "131": 4.238879680633545,
  "132": 4.285301208496094,
  "133": 4.293171405792236,
  "134": 4.240207195281982,
  "135": 4.247804403305054,
  "136": 4.221311807632446,
  "137": 4.242325782775879,
  "138": 4.2675395011901855,
  "139": 4.262532949447632,
  "140": 4.2877373695373535,
  "141": 4.259653091430664,
  "142": 4.225961685180664,
  "143": 4.276730537414551,
  "144": 4.279912710189819,
  "145": 4.231236457824707,
  "146": 4.2287070751190186,
  "147": 4.286696434020996,
  "148": 4.2897114753723145,
  "149": 4.272625207901001,
  "150": 4.276178598403931,
  "151": 4.244230270385742,
  "152": 4.29796576499939,
  "153": 4.317964792251587,
  "154": 4.286481142044067,
  "155": 4.280115127563477,
  "156": 4.278493642807007,
  "157": 4.28768515586853,
  "158": 4.274085283279419,
  "159": 4.313019752502441,
  "160": 4.225260257720947,
  "161": 4.286585569381714,
  "162": 4.309131860733032,
  "163": 4.241313695907593,
  "164": 4.244665622711182,
  "165": 4.254132986068726,
  "166": 4.258786201477051,
  "167": 4.279470205307007,
  "168": 4.231169700622559,
  "169": 4.259928226470947,
  "170": 4.228289604187012,
  "171": 4.279256343841553,
  "172": 4.315730810165405,
  "173": 4.262045621871948,
  "174": 4.31374454498291,
  "175": 4.32270622253418,
  "176": 4.2885422706604,
  "177": 4.265097379684448,
  "178": 4.250605821609497,
  "179": 4.265902042388916,
  "180": 4.316405534744263,
  "181": 4.2283196449279785,
  "182": 4.26055908203125,
  "183": 4.218740463256836,
  "184": 4.238094091415405,
  "185": 4.248908042907715,
  "186": 4.259974002838135,
  "187": 4.257238149642944,
  "188": 4.2808146476745605,
  "189": 4.243559837341309,
  "190": 4.302610397338867,
  "191": 4.266520261764526,
  "192": 4.280397415161133,
  "193": 4.317903995513916,
  "194": 4.261828184127808,
  "195": 4.312788009643555,
  "196": 4.276005268096924,
  "197": 4.304643392562866,
  "198": 4.252209901809692,
  "199": 4.266825437545776,
  "200": 4.290194272994995,
  "201": 4.2539544105529785,
  "202": 4.27503228187561,
  "203": 4.277706861495972,
  "204": 4.335704565048218,
  "205": 4.281136751174927,
  "206": 4.282262563705444,
  "207": 4.289750576019287,
  "208": 4.316071033477783,
  "209": 4.27414345741272,
  "210": 4.301016569137573,
  "211": 4.282826900482178,
  "212": 4.29349946975708,
  "213": 4.272145509719849,
  "214": 4.31164813041687,
  "215": 4.296037673950195,
  "216": 4.286608695983887,
  "217": 4.272042512893677,
  "218": 4.2746312618255615,
  "219": 4.242675065994263,
  "220": 4.3118414878845215,
  "221": 4.280377388000488,
  "222": 4.284196615219116,
  "223": 4.299861431121826,
  "224": 4.304654359817505,
  "225": 4.36372447013855,
  "226": 4.285721778869629,
  "227": 4.288860321044922,
  "228": 4.2861011028289795,
  "229": 4.249991178512573,
  "230": 4.278792858123779,
  "231": 4.270577430725098,
  "232": 4.261522054672241,
  "233": 4.338184833526611,
  "234": 4.295081377029419,
  "235": 4.294694423675537,
  "236": 4.256026268005371,
  "237": 4.270628213882446,
  "238": 4.260869979858398,
  "239": 4.273822546005249,
  "240": 4.242734670639038,
  "241": 4.289194345474243,
  "242": 4.268935918807983,
  "243": 4.291086196899414,
  "244": 4.250239372253418,
  "245": 4.252962827682495,
  "246": 4.286832094192505,
  "247": 4.262983083724976,
  "248": 4.2805540561676025,
  "249": 4.258328199386597,
  "250": 4.263843297958374,
  "251": 4.248058557510376,
  "252": 4.282690048217773,
  "253": 4.316365003585815,
  "254": 4.320085287094116,
  "255": 4.280041933059692,
  "256": 4.2909417152404785,
  "257": 4.272456884384155,
  "258": 4.281398296356201,
  "259": 4.315570116043091,
  "260": 4.266328573226929,
  "261": 4.293089389801025,
  "262": 4.257996559143066,
  "263": 4.32150936126709,
  "264": 4.289430856704712,
  "265": 4.263524055480957,
  "266": 4.302985429763794,
  "267": 4.299458265304565,
  "268": 4.242081642150879,
  "269": 4.260851144790649,
  "270": 4.293075799942017,
  "271": 4.332741022109985,
  "272": 4.298120975494385,
  "273": 4.306679725646973,
  "274": 4.29806113243103,
  "275": 4.276803255081177,
  "276": 4.27856707572937,
  "277": 4.291808843612671,
  "278": 4.288960933685303,
  "279": 4.260236740112305,
  "280": 4.272122144699097,
  "281": 4.320613622665405,
  "282": 4.293233871459961,
  "283": 4.275151968002319,
  "284": 4.2821736335754395,
  "285": 4.267925977706909,
  "286": 4.265867710113525,
  "287": 4.300726413726807,
  "288": 4.273408651351929,
  "289": 4.275460958480835,