{
  "average_f1": 0.2740775499979675,
  "average_f1_percent": 27.41,
  "total_evaluated": 500,
  "per_super_category": {
    "2hop": {
      "average_f1": 0.3009427183984937,
      "average_f1_percent": 30.09,
      "total_evaluated": 248
    },
    "answerable": {
      "average_f1": 0.3167959166632792,
      "average_f1_percent": 31.68,
      "total_evaluated": 300
    },
    "3hop": {
      "average_f1": 0.24097010224917204,
      "average_f1_percent": 24.1,
      "total_evaluated": 172
    },
    "4hop": {
      "average_f1": 0.26197654061624653,
      "average_f1_percent": 26.2,
      "total_evaluated": 80
    },
    "unanswerable": {
      "average_f1": 0.21,
      "average_f1_percent": 21.0,
      "total_evaluated": 200
    }
  }
}