{
  "1": 5.501707077026367,
  "2": 4.613514184951782,
  "3": 4.7411065101623535,
  "4": 4.661588191986084,
  "5": 4.739539384841919,
  "6": 4.826661825180054,
  "7": 4.687631845474243,
  "8": 4.738723039627075,
  "9": 4.6762731075286865,
  "10": 4.770277976989746,
  "11": 4.763127326965332,
  "12": 4.77048134803772,
  "13": 4.787919998168945,
  "14": 4.700414657592773,
  "15": 4.69745659828186,
  "16": 4.7643373012542725,
  "17": 4.89055609703064,
  "18": 4.738724708557129,
  "19": 4.684680461883545,
  "20": 4.7195518016815186,
  "21": 4.728262424468994,
  "22": 4.874042510986328,
  "23": 4.748785972595215,
  "24": 4.79762864112854,
  "25": 4.66997504234314,
  "26": 4.883066177368164,
  "27": 4.80223536491394,
  "28": 4.687836170196533,
  "29": 4.794879674911499,
  "30": 4.767963647842407,
  "31": 4.766504764556885,
  "32": 4.795872449874878,
  "33": 4.687978506088257,
  "34": 4.792714595794678,
  "35": 4.799388408660889,
  "36": 4.821075916290283,
  "37": 4.798464298248291,
  "38": 4.7404398918151855,
  "39": 4.6182215213775635,
  "40": 4.692227363586426,
  "41": 4.700860977172852,
  "42": 4.70165753364563,
  "43": 4.724217414855957,
  "44": 4.640824317932129,
  "45": 4.670564651489258,
  "46": 4.694416284561157,
  "47": 4.787017107009888,
  "48": 4.638463497161865,
  "49": 4.729188442230225,
  "50": 4.625621795654297,
  "51": 4.757817983627319,
  "52": 4.719329833984375,
  "53": 4.76225733757019,
  "54": 4.653777122497559,
  "55": 4.7680346965789795,
  "56": 4.658859968185425,
  "57": 4.631915807723999,
  "58": 4.756428241729736,
  "59": 4.673580169677734,
  "60": 4.634934186935425,
  "61": 4.719814300537109,
  "62": 4.69391131401062,
  "63": 4.728606939315796,
  "64": 4.866603136062622,
  "65": 4.673720836639404,
  "66": 4.7061779499053955,
  "67": 4.728701114654541,
  "68": 4.78602147102356,
  "69": 4.656100034713745,
  "70": 4.627891540527344,
  "71": 4.657253742218018,
  "72": 4.6280717849731445,
  "73": 4.695156812667847,
  "74": 4.628504753112793,
  "75": 4.637800931930542,
  "76": 4.801095008850098,
  "77": 4.664679765701294,
  "78": 4.758695125579834,
  "79": 4.733529090881348,
  "80": 4.786972284317017,
  "81": 4.674826383590698,
  "82": 4.74726676940918,
  "83": 4.807806968688965,
  "84": 4.616058111190796,
  "85": 4.674070119857788,
  "86": 4.641448736190796,
  "87": 4.626355409622192,
  "88": 4.609169244766235,
  "89": 4.7305779457092285,
  "90": 4.668825149536133,
  "91": 4.678567409515381,
  "92": 4.749424457550049,
  "93": 4.7918312549591064,
  "94": 4.764998197555542,
  "95": 4.7800517082214355,
  "96": 4.6460487842559814,
  "97": 4.697719573974609,
  "98": 4.7101356983184814,
  "99": 4.646194696426392,
  "100": 4.659099102020264,
  "101": 4.657058238983154,
  "102": 4.64708137512207,
  "103": 4.757316589355469,
  "104": 4.776600360870361,
  "105": 4.774767875671387,
  "106": 4.7765209674835205,
  "107": 4.813982248306274,
  "108": 4.727189064025879,
  "109": 4.6708338260650635,
  "110": 4.765537977218628,
  "111": 4.616358041763306,
  "112": 4.730724811553955,
  "113": 4.614977836608887,
  "114": 4.65631365776062,
  "115": 4.662936449050903,
  "116": 4.699859142303467,
  "117": 4.63090443611145,
  "118": 4.669104814529419,
  "119": 4.666705131530762,
  "120": 4.743140935897827,
  "121": 4.750579833984375,
  "122": 4.753388404846191,
  "123": 4.665594100952148,
  "124": 4.666556358337402,
  "125": 4.69108247756958,
  "126": 4.72524356842041,
  "127": 4.661869764328003,
  "128": 4.794205665588379,
  "129": 4.618399381637573,
  "130": 4.731984615325928,
  "131": 4.650266647338867,
  "132": 4.80866265296936,
  "133": 4.653537034988403,
  "134": 4.624863147735596,
  "135": 4.814858675003052,
  "136": 4.802236080169678,
  "137": 4.673429250717163,
  "138": 4.663954257965088,
  "139": 4.7477028369903564,
  "140": 4.736695051193237,
  "141": 4.739216089248657,
  "142": 4.599905967712402,
  "143": 4.691894292831421,
  "144": 4.749000787734985,
  "145": 4.660412788391113,
  "146": 4.756170034408569,
  "147": 4.651460409164429,
  "148": 4.667495250701904,
  "149": 4.714482545852661,
  "150": 4.705177068710327,
  "151": 4.670483589172363,
  "152": 4.745096683502197,
  "153": 4.696237802505493,
  "154": 4.71975302696228,
  "155": 4.769526481628418,
  "156": 4.749439239501953,
  "157": 4.732099294662476,
  "158": 4.681798934936523,
  "159": 4.676612615585327,
  "160": 4.649442195892334,
  "161": 4.668960809707642,
  "162": 4.73464298248291,
  "163": 4.739603519439697,
  "164": 4.625667095184326,
  "165": 4.625463962554932,
  "166": 4.64401650428772,
  "167": 4.647889614105225,
  "168": 4.608627080917358,
  "169": 4.650190591812134,
  "170": 4.640500783920288,
  "171": 4.704992055892944,
  "172": 4.7588512897491455,
  "173": 4.734111309051514,
  "174": 4.757883548736572,
  "175": 4.728200197219849,
  "176": 4.72783637046814,
  "177": 4.641280174255371,
  "178": 4.6258978843688965,
  "179": 4.712845325469971,
  "180": 4.854779958724976,
  "181": 4.692179918289185,
  "182": 4.7812230587005615,
  "183": 4.748438835144043,
  "184": 4.644700765609741,
  "185": 4.75216007232666,
  "186": 4.65891170501709,
  "187": 4.773552179336548,
  "188": 4.676162242889404,
  "189": 4.671576976776123,
  "190": 4.911521911621094,
  "191": 4.708083152770996,
  "192": 4.645003080368042,
  "193": 4.6973793506622314,
  "194": 4.6178741455078125,
  "195": 4.656314373016357,
  "196": 4.65285849571228,
  "197": 4.7365782260894775,
  "198": 4.696991682052612,
  "199": 4.818093538284302,
  "200": 4.626517057418823,
  "201": 4.6049463748931885,
  "202": 4.648432970046997,
  "203": 4.7088563442230225,
  "204": 4.847522974014282,
  "205": 4.646830320358276,
  "206": 4.649198532104492,
  "207": 4.90247368812561,
  "208": 4.7421486377716064,
  "209": 4.763881683349609,
  "210": 4.729661703109741,
  "211": 4.761883020401001,
  "212": 4.768082857131958,
  "213": 4.8883726596832275,
  "214": 4.690079212188721,
  "215": 4.840682506561279,
  "216": 4.689748525619507,
  "217": 4.6556785106658936,
  "218": 4.687483787536621,
  "219": 4.861404895782471,
  "220": 4.797276020050049,
  "221": 4.645844221115112,
  "222": 4.648925065994263,
  "223": 4.649489641189575,
  "224": 4.662374019622803,
  "225": 4.764236688613892,
  "226": 4.671902656555176,
  "227": 4.691232442855835,
  "228": 4.699544429779053,
  "229": 4.760226011276245,
  "230": 4.760558843612671,
  "231": 4.752402067184448,
  "232": 4.650294780731201,
  "233": 4.910910367965698,
  "234": 4.678170680999756,
  "235": 4.799022436141968,
  "236": 4.837578296661377,
  "237": 4.7657880783081055,
  "238": 4.638446807861328,
  "239": 4.694866180419922,
  "240": 4.690506219863892,
  "241": 4.692509651184082,
  "242": 4.699364423751831,
  "243": 4.644632339477539,
  "244": 4.6510186195373535,
  "245": 4.63612174987793,
  "246": 4.759313583374023,
  "247": 4.702326059341431,
  "248": 4.725332260131836,
  "249": 4.666318893432617,
  "250": 4.72300124168396,
  "251": 4.6760547161102295,
  "252": 4.685743093490601,
  "253": 4.679375648498535,
  "254": 4.743712663650513,
  "255": 4.647738695144653,
  "256": 4.641393661499023,
  "257": 4.645032644271851,
  "258": 4.749890565872192,
  "259": 4.70465350151062,
  "260": 4.722519159317017,
  "261": 4.68049430847168,
  "262": 4.632440567016602,
  "263": 4.687581300735474,
  "264": 4.721658706665039,
  "265": 4.629540920257568,
  "266": 4.637227773666382,
  "267": 4.7739174365997314,
  "268": 4.712029218673706,
  "269": 4.6818835735321045,
  "270": 4.658320426940918,
  "271": 4.674328327178955,
  "272": 4.696195125579834,
  "273": 4.674037218093872,
  "274": 4.747330665588379,
  "275": 4.750783443450928,
  "276": 4.66515326499939,
  "277": 4.718072891235352,
  "278": 4.833223104476929,
  "279": 4.709818601608276,
  "280": 4.765198469161987,
  "281": 4.651957035064697,
  "282": 4.760449171066284,
  "283": 4.636383295059204,
  "284": 4.751662254333496,
  "285": 4.639448165893555,
  "286": 4.636145114898682,
  "287": 4.757036447525024,
  "288": 4.6103198528289795,
  "289": 4.69178318977356,