{
  "average_f1": 0.2609895499000762,
  "average_f1_percent": 26.1,
  "total_evaluated": 500,
  "per_super_category": {
    "2hop": {
      "average_f1": 0.24631823181146562,
      "average_f1_percent": 24.63,
      "total_evaluated": 248
    },
    "answerable": {
      "average_f1": 0.258315916500127,
      "average_f1_percent": 25.83,
      "total_evaluated": 300
    },
    "3hop": {
      "average_f1": 0.26781866032892027,
      "average_f1_percent": 26.78,
      "total_evaluated": 172
    },
    "4hop": {
      "average_f1": 0.2917880485527544,
      "average_f1_percent": 29.18,
      "total_evaluated": 80
    },
    "unanswerable": {
      "average_f1": 0.265,
      "average_f1_percent": 26.5,
      "total_evaluated": 200
    }
  }
}