{
  "1": 9.799224138259888,
  "2": 6.296165943145752,
  "3": 6.327179908752441,
  "4": 6.2852959632873535,
  "5": 6.299031496047974,
  "6": 6.280713319778442,
  "7": 6.3102898597717285,
  "8": 6.3130176067352295,
  "9": 6.3082616329193115,
  "10": 6.4141435623168945,
  "11": 6.29992151260376,
  "12": 6.311030387878418,
  "13": 6.318503141403198,
  "14": 6.344651699066162,
  "15": 6.281137704849243,
  "16": 6.355988502502441,
  "17": 6.39772891998291,
  "18": 6.354652404785156,
  "19": 6.321171522140503,
  "20": 6.292625427246094,
  "21": 6.313356161117554,
  "22": 6.365720272064209,
  "23": 6.31779146194458,
  "24": 6.345700025558472,
  "25": 6.299919605255127,
  "26": 6.345518589019775,
  "27": 6.36467432975769,
  "28": 6.320685386657715,
  "29": 6.3613152503967285,
  "30": 6.316153287887573,
  "31": 6.317586421966553,
  "32": 6.373063802719116,
  "33": 6.317521810531616,
  "34": 6.334377765655518,
  "35": 6.2926483154296875,
  "36": 6.38848876953125,
  "37": 6.3201210498809814,
  "38": 6.325149774551392,
  "39": 6.3417394161224365,
  "40": 6.3176679611206055,
  "41": 6.36992883682251,
  "42": 6.3377766609191895,
  "43": 6.324521064758301,
  "44": 6.338838338851929,
  "45": 6.280808210372925,
  "46": 6.301487445831299,
  "47": 6.328195571899414,
  "48": 0.520709753036499,
  "49": 6.319999694824219,
  "50": 6.320155143737793,
  "51": 6.30619478225708,
  "52": 6.32665228843689,
  "53": 6.371318578720093,
  "54": 6.342123508453369,
  "55": 6.31993842124939,
  "56": 6.316319465637207,
  "57": 6.332515001296997,
  "58": 6.322613716125488,
  "59": 6.348996877670288,
  "60": 6.297518968582153,
  "61": 6.299171209335327,
  "62": 6.325025796890259,
  "63": 6.365459442138672,
  "64": 6.389832258224487,
  "65": 6.330190658569336,
  "66": 6.309688329696655,
  "67": 6.334474802017212,
  "68": 6.368032217025757,
  "69": 6.308903455734253,
  "70": 6.305650949478149,
  "71": 6.283652067184448,
  "72": 6.306825637817383,
  "73": 0.34589648246765137,
  "74": 6.298828840255737,
  "75": 6.341683626174927,
  "76": 6.314831495285034,
  "77": 6.366266250610352,
  "78": 6.29823637008667,
  "79": 6.356001615524292,
  "80": 6.336642503738403,
  "81": 6.331930160522461,
  "82": 6.385389089584351,
  "83": 6.401386260986328,
  "84": 6.302291631698608,
  "85": 2.0494420528411865,
  "86": 6.326326131820679,
  "87": 6.3169028759002686,
  "88": 6.304200649261475,
  "89": 6.365776538848877,
  "90": 6.372659206390381,
  "91": 6.322750806808472,
  "92": 0.3860807418823242,
  "93": 6.305598258972168,
  "94": 6.372439622879028,
  "95": 6.395744323730469,
  "96": 6.318614721298218,
  "97": 6.313557863235474,
  "98": 6.3163862228393555,
  "99": 6.3175458908081055,
  "100": 6.332828044891357,
  "101": 6.305463552474976,
  "102": 6.301313638687134,
  "103": 6.3131067752838135,
  "104": 6.317415952682495,
  "105": 6.360397815704346,
  "106": 6.34516978263855,
  "107": 6.307943820953369,
  "108": 6.409073829650879,
  "109": 6.317837238311768,
  "110": 6.29276442527771,
  "111": 6.2882139682769775,
  "112": 6.337054491043091,
  "113": 6.321685314178467,
  "114": 6.332139730453491,
  "115": 6.293638706207275,
  "116": 6.339673280715942,
  "117": 6.3318259716033936,
  "118": 6.376502990722656,
  "119": 6.333325147628784,
  "120": 6.309498310089111,
  "121": 6.332667589187622,
  "122": 6.3813745975494385,
  "123": 6.332674503326416,
  "124": 6.353688478469849,
  "125": 6.351975679397583,
  "126": 6.28558349609375,
  "127": 6.330812692642212,
  "128": 6.332291126251221,
  "129": 6.286221742630005,
  "130": 6.2794389724731445,
  "131": 6.310041427612305,
  "132": 6.365330934524536,
  "133": 6.313310623168945,
  "134": 6.30442476272583,
  "135": 6.295387029647827,
  "136": 6.279087543487549,
  "137": 6.273497581481934,
  "138": 6.302627801895142,
  "139": 6.375747203826904,
  "140": 6.331733226776123,
  "141": 6.335185527801514,
  "142": 6.263267993927002,
  "143": 6.347951173782349,
  "144": 6.292906761169434,
  "145": 6.283525466918945,
  "146": 6.3104493618011475,
  "147": 6.318499803543091,
  "148": 6.35442328453064,
  "149": 6.297666788101196,
  "150": 6.364956855773926,
  "151": 6.302879571914673,
  "152": 6.311421632766724,
  "153": 6.365976333618164,
  "154": 6.323659896850586,
  "155": 6.341732501983643,
  "156": 6.314836025238037,
  "157": 6.34502387046814,
  "158": 6.3014891147613525,
  "159": 6.341320276260376,
  "160": 6.321938514709473,
  "161": 6.330096483230591,
  "162": 6.373708963394165,
  "163": 6.328360080718994,
  "164": 6.31981635093689,
  "165": 6.319514513015747,
  "166": 6.317319631576538,
  "167": 6.320875644683838,
  "168": 6.294872760772705,
  "169": 6.338183403015137,
  "170": 6.310665607452393,
  "171": 6.298704624176025,
  "172": 6.3776044845581055,
  "173": 6.325445652008057,
  "174": 6.408699035644531,
  "175": 6.373533725738525,
  "176": 6.344439744949341,
  "177": 6.3416478633880615,
  "178": 6.349529981613159,
  "179": 6.307062387466431,
  "180": 6.39057183265686,
  "181": 6.296895742416382,
  "182": 6.332505941390991,
  "183": 6.2624125480651855,
  "184": 6.2954347133636475,
  "185": 6.317108869552612,
  "186": 6.333090305328369,
  "187": 6.313378810882568,
  "188": 6.311951160430908,
  "189": 6.308324337005615,
  "190": 6.318734645843506,
  "191": 6.313721179962158,
  "192": 6.305368423461914,
  "193": 6.387912273406982,
  "194": 6.285707712173462,
  "195": 6.351964473724365,
  "196": 6.319792985916138,
  "197": 6.3316450119018555,
  "198": 6.321926593780518,
  "199": 6.335481882095337,
  "200": 6.299404144287109,
  "201": 6.288657188415527,
  "202": 6.310479402542114,
  "203": 6.319724082946777,
  "204": 6.3595240116119385,
  "205": 6.321181058883667,
  "206": 6.316122055053711,
  "207": 6.312369108200073,
  "208": 6.33542275428772,
  "209": 6.293938636779785,
  "210": 6.331944704055786,
  "211": 6.310970306396484,
  "212": 6.291846036911011,
  "213": 6.3154027462005615,
  "214": 6.365278959274292,
  "215": 6.352637767791748,
  "216": 6.306438207626343,
  "217": 6.306039571762085,
  "218": 6.293595552444458,
  "219": 6.2814621925354,
  "220": 6.393120288848877,
  "221": 6.311027526855469,
  "222": 6.291955471038818,
  "223": 6.333069801330566,
  "224": 6.363999128341675,
  "225": 6.387604713439941,
  "226": 6.356098413467407,
  "227": 6.339683532714844,
  "228": 6.355446815490723,
  "229": 6.302943229675293,
  "230": 6.327777862548828,
  "231": 6.315389633178711,
  "232": 6.318540096282959,
  "233": 6.406031608581543,
  "234": 6.362756013870239,
  "235": 6.324702501296997,
  "236": 6.326583623886108,
  "237": 6.328764200210571,
  "238": 6.292419195175171,
  "239": 6.305480480194092,
  "240": 6.336055040359497,
  "241": 6.359599590301514,
  "242": 6.332285642623901,
  "243": 6.314100980758667,
  "244": 6.286962032318115,
  "245": 6.327592372894287,
  "246": 6.365537405014038,
  "247": 6.3795881271362305,
  "248": 6.3113603591918945,
  "249": 6.3073108196258545,
  "250": 6.33440089225769,
  "251": 6.296941757202148,
  "252": 6.321783065795898,
  "253": 6.3079514503479,
  "254": 6.38948655128479,
  "255": 6.3243184089660645,
  "256": 6.323895692825317,
  "257": 6.309647798538208,
  "258": 6.31204080581665,
  "259": 6.3779990673065186,
  "260": 6.316693544387817,
  "261": 6.336275100708008,
  "262": 6.311121225357056,
  "263": 6.321592092514038,
  "264": 6.365886449813843,
  "265": 6.305579662322998,
  "266": 6.3298845291137695,
  "267": 6.319513320922852,
  "268": 6.3366858959198,
  "269": 6.281116008758545,
  "270": 6.346646547317505,
  "271": 6.378775119781494,
  "272": 6.377326011657715,
  "273": 6.336892366409302,
  "274": 6.325840711593628,
  "275": 6.335806369781494,
  "276": 6.361774444580078,
  "277": 6.3046791553497314,
  "278": 6.327349662780762,
  "279": 6.321531295776367,
  "280": 6.358811378479004,
  "281": 6.326866626739502,
  "282": 6.321071147918701,
  "283": 6.314932823181152,
  "284": 6.2944724559783936,
  "285": 6.314485549926758,
  "286": 6.314252853393555,
  "287": 6.346907615661621,
  "288": 6.278040647506714,
  "289": 6.338446855545044,