{
  "1": 13.098768711090088,
  "2": 7.641316652297974,
  "3": 8.383194208145142,
  "4": 7.618526220321655,
  "5": 6.592911005020142,
  "6": 6.731776475906372,
  "7": 6.680935382843018,
  "8": 6.619604825973511,
  "9": 6.736470937728882,
  "10": 6.820185899734497,
  "11": 6.637649059295654,
  "12": 6.432897329330444,
  "13": 6.3986358642578125,
  "14": 7.051597595214844,
  "15": 6.587857484817505,
  "16": 6.464339017868042,
  "17": 6.6109349727630615,
  "18": 6.564367294311523,
  "19": 6.443850517272949,
  "20": 6.485460996627808,
  "21": 6.47476863861084,
  "22": 6.4602320194244385,
  "23": 6.32481050491333,
  "24": 6.465968370437622,
  "25": 6.333073377609253,
  "26": 6.43234658241272,
  "27": 6.362094879150391,
  "28": 6.308372974395752,
  "29": 6.428833246231079,
  "30": 6.346258878707886,
  "31": 6.468573331832886,
  "32": 6.718234062194824,
  "33": 6.3165082931518555,
  "34": 6.5660719871521,
  "35": 6.305200099945068,
  "36": 6.619778871536255,
  "37": 6.433809041976929,
  "38": 6.46613621711731,
  "39": 6.494344234466553,
  "40": 6.457400560379028,
  "41": 6.600467205047607,
  "42": 6.53271222114563,
  "43": 6.463878631591797,
  "44": 6.4891884326934814,
  "45": 6.630551815032959,
  "46": 6.57188606262207,
  "47": 6.453419923782349,
  "48": 6.523775339126587,
  "49": 6.567875623703003,
  "50": 6.5509984493255615,
  "51": 6.622690200805664,
  "52": 6.600862503051758,
  "53": 6.526666879653931,
  "54": 6.496351003646851,
  "55": 6.613495349884033,
  "56": 6.583371877670288,
  "57": 6.669942855834961,
  "58": 6.4713134765625,
  "59": 6.564551115036011,
  "60": 6.502127647399902,
  "61": 6.536431312561035,
  "62": 6.549129247665405,
  "63": 6.5911781787872314,
  "64": 6.812823534011841,
  "65": 6.659238815307617,
  "66": 6.707277774810791,
  "67": 6.812834024429321,
  "68": 6.666080474853516,
  "69": 6.496320962905884,
  "70": 6.3772666454315186,
  "71": 6.702574014663696,
  "72": 6.349166393280029,
  "73": 6.30780553817749,
  "74": 6.613403558731079,
  "75": 6.636718034744263,
  "76": 6.507100343704224,
  "77": 6.572777032852173,
  "78": 7.904556512832642,
  "79": 6.82066798210144,
  "80": 7.164262533187866,
  "81": 8.416457891464233,
  "82": 8.593981981277466,
  "83": 7.904926776885986,
  "84": 8.306999921798706,
  "85": 6.685684442520142,
  "86": 6.634186267852783,
  "87": 6.500539541244507,
  "88": 6.627953290939331,
  "89": 6.671287775039673,
  "90": 6.826907157897949,
  "91": 6.649536371231079,
  "92": 6.649852991104126,
  "93": 6.517504930496216,
  "94": 6.736720085144043,
  "95": 6.583253622055054,
  "96": 6.549508333206177,
  "97": 6.576942443847656,
  "98": 6.593525171279907,
  "99": 6.625776529312134,
  "100": 6.588032007217407,
  "101": 6.481981992721558,
  "102": 6.38612699508667,
  "103": 6.45528769493103,
  "104": 6.506629705429077,
  "105": 6.552452087402344,
  "106": 6.810926914215088,
  "107": 6.698352813720703,
  "108": 6.608206272125244,
  "109": 6.534421682357788,
  "110": 6.6020827293396,
  "111": 6.411347150802612,
  "112": 6.5207130908966064,
  "113": 6.654124021530151,
  "114": 6.51891565322876,
  "115": 6.520133018493652,
  "116": 6.463172674179077,
  "117": 6.374635219573975,
  "118": 6.4375386238098145,
  "119": 6.463114500045776,
  "120": 6.621185541152954,
  "121": 6.593624114990234,
  "122": 6.625128984451294,
  "123": 6.626393795013428,
  "124": 6.556696653366089,
  "125": 6.677976369857788,
  "126": 6.630368709564209,
  "127": 6.562972784042358,
  "128": 6.585395097732544,
  "129": 6.513106107711792,
  "130": 6.691846609115601,
  "131": 6.652929306030273,
  "132": 6.566061496734619,
  "133": 6.548861742019653,
  "134": 6.56746506690979,
  "135": 6.535879850387573,
  "136": 6.496345520019531,
  "137": 6.602968692779541,
  "138": 6.764329671859741,
  "139": 6.71261739730835,
  "140": 6.718593597412109,
  "141": 6.531840801239014,
  "142": 6.431324243545532,
  "143": 6.752700328826904,
  "144": 6.587903022766113,
  "145": 6.479265451431274,
  "146": 6.39702844619751,
  "147": 6.615891695022583,
  "148": 6.73974609375,
  "149": 6.632658243179321,
  "150": 6.600931406021118,
  "151": 6.817488431930542,
  "152": 6.493756532669067,
  "153": 6.573235988616943,
  "154": 6.6228368282318115,
  "155": 6.639824390411377,
  "156": 6.420101642608643,
  "157": 6.390059471130371,
  "158": 6.359088659286499,
  "159": 6.7517242431640625,
  "160": 6.458867788314819,
  "161": 6.8081583976745605,
  "162": 6.652459383010864,
  "163": 6.674844264984131,
  "164": 6.660871744155884,
  "165": 6.458277940750122,
  "166": 6.51239538192749,
  "167": 6.772021055221558,
  "168": 6.534774541854858,
  "169": 6.577223777770996,
  "170": 6.526051044464111,
  "171": 6.357858896255493,
  "172": 6.391189813613892,
  "173": 6.4619622230529785,
  "174": 6.44001030921936,
  "175": 6.624766111373901,
  "176": 6.721512794494629,
  "177": 6.653814077377319,
  "178": 6.652643442153931,
  "179": 6.427673816680908,
  "180": 6.525058746337891,
  "181": 6.551084995269775,
  "182": 6.448857069015503,
  "183": 6.394611597061157,
  "184": 6.632218837738037,
  "185": 6.518578767776489,
  "186": 6.407392263412476,
  "187": 6.563150644302368,
  "188": 6.52165675163269,
  "189": 6.404156923294067,
  "190": 6.352544069290161,
  "191": 6.361778259277344,
  "192": 6.575944423675537,
  "193": 6.690839767456055,
  "194": 6.6598219871521,
  "195": 6.694639205932617,
  "196": 6.515737533569336,
  "197": 6.5532920360565186,
  "198": 6.60279393196106,
  "199": 6.564484119415283,
  "200": 6.549707889556885,
  "201": 6.446058750152588,
  "202": 6.600845813751221,
  "203": 6.61203408241272,
  "204": 6.600560903549194,
  "205": 6.585231304168701,
  "206": 6.749289274215698,
  "207": 6.654516935348511,
  "208": 6.634836196899414,
  "209": 6.594338893890381,
  "210": 6.663095712661743,
  "211": 6.568528175354004,
  "212": 6.407270193099976,
  "213": 6.3673670291900635,
  "214": 6.645705699920654,
  "215": 6.48802924156189,
  "216": 6.523513078689575,
  "217": 6.503785133361816,
  "218": 6.522192001342773,
  "219": 6.740232944488525,
  "220": 6.555844306945801,
  "221": 6.695793628692627,
  "222": 6.482510805130005,
  "223": 6.61686635017395,
  "224": 6.504832983016968,
  "225": 6.59076452255249,
  "226": 6.5987019538879395,
  "227": 6.4967358112335205,
  "228": 6.588534116744995,
  "229": 6.391091585159302,
  "230": 6.617764711380005,
  "231": 6.518578052520752,
  "232": 6.501687288284302,
  "233": 6.571818828582764,
  "234": 6.4498631954193115,
  "235": 6.406203269958496,
  "236": 6.441144227981567,
  "237": 6.439762115478516,
  "238": 6.601048231124878,
  "239": 6.3820905685424805,
  "240": 6.4347357749938965,
  "241": 6.567127704620361,
  "242": 6.470502138137817,
  "243": 6.376287460327148,
  "244": 6.338287115097046,
  "245": 6.365445852279663,
  "246": 6.460892200469971,
  "247": 6.5188422203063965,
  "248": 1.1012132167816162,
  "249": 6.453359365463257,
  "250": 6.385551929473877,
  "251": 6.478980302810669,
  "252": 6.49989128112793,
  "253": 6.538509130477905,
  "254": 6.484774589538574,
  "255": 6.386275768280029,
  "256": 6.380571126937866,
  "257": 6.712686061859131,
  "258": 6.477597713470459,
  "259": 6.426788806915283,
  "260": 6.530055046081543,
  "261": 6.421958923339844,
  "262": 6.51444673538208,
  "263": 6.487050533294678,
  "264": 6.3561177253723145,
  "265": 6.438470840454102,
  "266": 6.575627326965332,
  "267": 6.5549445152282715,
  "268": 6.805454730987549,
  "269": 6.5774476528167725,
  "270": 6.65637731552124,
  "271": 6.598191976547241,
  "272": 6.665139436721802,
  "273": 6.503065824508667,
  "274": 6.544872045516968,
  "275": 6.550005912780762,
  "276": 6.581696033477783,
  "277": 6.5691893100738525,
  "278": 6.578447103500366,
  "279": 6.62863826751709,
  "280": 6.611129283905029,
  "281": 6.527242183685303,
  "282": 6.733251571655273,
  "283": 6.7823944091796875,
  "284": 6.469084739685059,
  "285": 6.8863584995269775,
  "286": 6.81817626953125,
  "287": 6.670264482498169,
  "288": 6.478302240371704,
  "289": 6.731770038604736,