{
  "1": 5.878248691558838,
  "2": 2.6944358348846436,
  "3": 2.6894326210021973,
  "4": 2.6838772296905518,
  "5": 2.693372964859009,
  "6": 2.6962223052978516,
  "7": 2.693633794784546,
  "8": 2.687854051589966,
  "9": 2.699509859085083,
  "10": 2.711693048477173,
  "11": 2.696192979812622,
  "12": 2.680692672729492,
  "13": 2.686070203781128,
  "14": 2.6918015480041504,
  "15": 2.6831154823303223,
  "16": 2.703758716583252,
  "17": 2.694728136062622,
  "18": 2.6785125732421875,
  "19": 2.682813882827759,
  "20": 2.6803066730499268,
  "21": 2.6856086254119873,
  "22": 2.6988399028778076,
  "23": 2.690223455429077,
  "24": 2.694117784500122,
  "25": 2.69514536857605,
  "26": 2.7132084369659424,
  "27": 2.941319704055786,
  "28": 3.0339739322662354,
  "29": 2.9704928398132324,
  "30": 2.6882829666137695,
  "31": 2.682457208633423,
  "32": 2.690749406814575,
  "33": 2.6876578330993652,
  "34": 2.6931276321411133,
  "35": 2.6822726726531982,
  "36": 2.7083911895751953,
  "37": 2.6834921836853027,
  "38": 2.6856045722961426,
  "39": 2.6884827613830566,
  "40": 2.685075044631958,
  "41": 2.6998462677001953,
  "42": 2.686892032623291,
  "43": 2.686793088912964,
  "44": 2.690898895263672,
  "45": 2.684748649597168,
  "46": 2.672666549682617,
  "47": 2.689215660095215,
  "48": 2.6882071495056152,
  "49": 2.685781717300415,
  "50": 2.692368268966675,
  "51": 2.6900289058685303,
  "52": 2.6892099380493164,
  "53": 2.6977083683013916,
  "54": 2.693856716156006,
  "55": 2.6919620037078857,
  "56": 2.693652868270874,
  "57": 2.6885697841644287,
  "58": 2.6917035579681396,
  "59": 2.698437452316284,
  "60": 2.800966739654541,
  "61": 3.001624345779419,
  "62": 2.921347141265869,
  "63": 2.699368476867676,
  "64": 2.708200454711914,
  "65": 2.6923534870147705,
  "66": 2.689532518386841,
  "67": 2.6864235401153564,
  "68": 2.6868979930877686,
  "69": 2.7040674686431885,
  "70": 2.68703556060791,
  "71": 2.6802966594696045,
  "72": 2.678703546524048,
  "73": 2.6785316467285156,
  "74": 2.6840994358062744,
  "75": 2.688234567642212,
  "76": 2.6865811347961426,
  "77": 2.992630958557129,
  "78": 2.685595750808716,
  "79": 2.6953811645507812,
  "80": 2.684678792953491,
  "81": 2.6834256649017334,
  "82": 2.801321268081665,
  "83": 2.7095448970794678,
  "84": 2.6802940368652344,
  "85": 2.676393508911133,
  "86": 2.7996795177459717,
  "87": 2.6851773262023926,
  "88": 2.6758737564086914,
  "89": 2.693225622177124,
  "90": 2.817000389099121,
  "91": 2.685087203979492,
  "92": 2.681795120239258,
  "93": 2.6815645694732666,
  "94": 2.6909379959106445,
  "95": 2.8022148609161377,
  "96": 2.676997661590576,
  "97": 2.677306652069092,
  "98": 2.684837818145752,
  "99": 2.806567907333374,
  "100": 2.6992075443267822,
  "101": 2.681175470352173,
  "102": 2.6836419105529785,
  "103": 2.6852915287017822,
  "104": 2.8012771606445312,
  "105": 2.691800355911255,
  "106": 2.6922693252563477,
  "107": 2.688080072402954,
  "108": 2.8334128856658936,
  "109": 2.6850533485412598,
  "110": 2.677777051925659,
  "111": 2.6754791736602783,
  "112": 2.7768192291259766,
  "113": 2.6841907501220703,
  "114": 2.679241418838501,
  "115": 2.6795945167541504,
  "116": 2.6883137226104736,
  "117": 2.792634963989258,
  "118": 2.699169397354126,
  "119": 2.6839404106140137,
  "120": 2.6888132095336914,
  "121": 2.814561605453491,
  "122": 2.691434144973755,
  "123": 2.6899683475494385,
  "124": 2.672654867172241,
  "125": 2.693917989730835,
  "126": 2.82143235206604,
  "127": 2.684659004211426,
  "128": 2.6856415271759033,
  "129": 2.680907726287842,
  "130": 2.8146204948425293,
  "131": 2.681607484817505,
  "132": 2.691730260848999,
  "133": 2.680084705352783,
  "134": 2.811168670654297,
  "135": 2.681957244873047,
  "136": 2.675051212310791,
  "137": 2.673737049102783,
  "138": 2.6804778575897217,
  "139": 2.803917407989502,
  "140": 2.6835784912109375,
  "141": 2.6829497814178467,
  "142": 2.673478841781616,
  "143": 2.807495355606079,
  "144": 2.677988290786743,
  "145": 2.674142599105835,
  "146": 2.678884506225586,
  "147": 2.724785566329956,
  "148": 2.74239182472229,
  "149": 2.6797008514404297,
  "150": 2.685004711151123,
  "151": 2.677701711654663,
  "152": 2.784547805786133,
  "153": 2.6894636154174805,
  "154": 2.686523199081421,
  "155": 2.6843302249908447,
  "156": 2.7583670616149902,
  "157": 2.7173216342926025,
  "158": 2.6748104095458984,
  "159": 2.683619260787964,
  "160": 2.6828973293304443,
  "161": 2.8128631114959717,
  "162": 2.7016801834106445,
  "163": 2.6948928833007812,
  "164": 2.6859986782073975,
  "165": 2.82504940032959,
  "166": 2.680452823638916,
  "167": 2.6897642612457275,
  "168": 2.6852028369903564,
  "169": 2.689016342163086,
  "170": 2.821150302886963,
  "171": 2.6863558292388916,
  "172": 2.7009198665618896,
  "173": 2.68644642829895,
  "174": 2.8136937618255615,
  "175": 2.6950442790985107,
  "176": 2.697028875350952,
  "177": 2.6876235008239746,
  "178": 2.776580572128296,
  "179": 2.684666633605957,
  "180": 2.7057042121887207,
  "181": 2.6798386573791504,
  "182": 2.68764328956604,
  "183": 2.781562566757202,
  "184": 2.670523166656494,
  "185": 2.676821231842041,
  "186": 2.68082332611084,
  "187": 2.7997992038726807,
  "188": 2.678062915802002,
  "189": 2.6771421432495117,
  "190": 2.6803629398345947,
  "191": 2.6733667850494385,
  "192": 2.7919299602508545,
  "193": 2.70320200920105,
  "194": 2.6676998138427734,
  "195": 2.689072370529175,
  "196": 2.805938959121704,
  "197": 2.692821979522705,
  "198": 2.685150384902954,
  "199": 2.6871399879455566,
  "200": 2.793029308319092,
  "201": 2.683373212814331,
  "202": 2.6938180923461914,
  "203": 2.6833174228668213,
  "204": 2.695981740951538,
  "205": 2.802123785018921,
  "206": 2.685019016265869,
  "207": 2.688183069229126,
  "208": 2.6895694732666016,
  "209": 2.78971004486084,
  "210": 2.6866278648376465,
  "211": 2.680053234100342,
  "212": 2.671492338180542,
  "213": 2.6846508979797363,
  "214": 2.7988641262054443,
  "215": 2.6875085830688477,
  "216": 2.6880650520324707,
  "217": 2.6873230934143066,
  "218": 2.779693603515625,
  "219": 2.6794509887695312,
  "220": 2.6927378177642822,
  "221": 2.685194253921509,
  "222": 2.681602954864502,
  "223": 2.794020414352417,
  "224": 2.694131374359131,
  "225": 2.706873655319214,
  "226": 2.694578170776367,
  "227": 2.805307149887085,
  "228": 2.6931188106536865,
  "229": 2.674926519393921,
  "230": 2.6788747310638428,
  "231": 2.7922515869140625,
  "232": 2.6798367500305176,
  "233": 2.703198194503784,
  "234": 2.6983304023742676,
  "235": 2.6847643852233887,
  "236": 2.7853479385375977,
  "237": 2.686964988708496,
  "238": 2.6825854778289795,
  "239": 2.6839218139648438,
  "240": 2.795334577560425,
  "241": 2.697462797164917,
  "242": 2.68528151512146,
  "243": 2.6887433528900146,
  "244": 2.6766374111175537,
  "245": 2.78829026222229,
  "246": 2.697061777114868,
  "247": 2.692126750946045,
  "248": 2.680396556854248,
  "249": 2.787249803543091,
  "250": 2.6883814334869385,
  "251": 2.6837711334228516,
  "252": 2.6875813007354736,
  "253": 2.805201768875122,
  "254": 2.7058968544006348,
  "255": 2.6872522830963135,
  "256": 2.685659646987915,
  "257": 2.6893279552459717,
  "258": 2.8053536415100098,
  "259": 2.6994199752807617,
  "260": 2.6849944591522217,
  "261": 2.689884662628174,
  "262": 2.797372341156006,
  "263": 2.6962292194366455,
  "264": 2.6913158893585205,
  "265": 2.680593490600586,
  "266": 2.690730094909668,
  "267": 2.785183906555176,
  "268": 2.683499574661255,
  "269": 2.6795413494110107,
  "270": 2.69671368598938,
  "271": 2.7949531078338623,
  "272": 2.6956334114074707,
  "273": 2.69688081741333,
  "274": 2.686288595199585,
  "275": 2.7879276275634766,
  "276": 2.6940219402313232,
  "277": 2.6798558235168457,
  "278": 2.6843271255493164,
  "279": 2.6814115047454834,
  "280": 2.824774980545044,
  "281": 2.6848583221435547,
  "282": 2.6858227252960205,
  "283": 2.6876723766326904,
  "284": 2.78749418258667,
  "285": 2.6857149600982666,