{
  "1": 11.87935996055603,
  "2": 7.270331144332886,
  "3": 7.073341608047485,
  "4": 6.971395015716553,
  "5": 7.094377279281616,
  "6": 7.2014477252960205,
  "7": 7.0725626945495605,
  "8": 7.16600489616394,
  "9": 6.947356462478638,
  "10": 7.191809177398682,
  "11": 7.212548017501831,
  "12": 6.9782960414886475,
  "13": 7.02879524230957,
  "14": 7.015653371810913,
  "15": 7.075123071670532,
  "16": 7.064627408981323,
  "17": 7.0235044956207275,
  "18": 6.964400768280029,
  "19": 7.047032117843628,
  "20": 7.013013601303101,
  "21": 6.880528926849365,
  "22": 7.124666452407837,
  "23": 7.22969651222229,
  "24": 7.034253120422363,
  "25": 7.17384147644043,
  "26": 7.147538900375366,
  "27": 7.067185878753662,
  "28": 7.021872043609619,
  "29": 7.251891851425171,
  "30": 6.987171173095703,
  "31": 7.026007652282715,
  "32": 7.209276914596558,
  "33": 6.82733941078186,
  "34": 7.011856555938721,
  "35": 6.889207124710083,
  "36": 7.175358533859253,
  "37": 7.094107627868652,
  "38": 7.3172218799591064,
  "39": 6.944496154785156,
  "40": 6.921539068222046,
  "41": 7.179519891738892,
  "42": 6.86570143699646,
  "43": 6.85859489440918,
  "44": 7.093370199203491,
  "45": 7.061947822570801,
  "46": 6.896768808364868,
  "47": 7.275964021682739,
  "48": 7.15236759185791,
  "49": 7.075436592102051,
  "50": 7.192168235778809,
  "51": 7.058792591094971,
  "52": 7.097650527954102,
  "53": 7.359758138656616,
  "54": 7.185906410217285,
  "55": 7.082631587982178,
  "56": 7.288739919662476,
  "57": 7.329617977142334,
  "58": 7.188504219055176,
  "59": 7.341869354248047,
  "60": 6.9717724323272705,
  "61": 7.347995758056641,
  "62": 7.574227809906006,
  "63": 7.312553405761719,
  "64": 7.486240863800049,
  "65": 7.1043314933776855,
  "66": 7.202796220779419,
  "67": 7.292429685592651,
  "68": 7.402392387390137,
  "69": 7.507364749908447,
  "70": 7.132522821426392,
  "71": 7.13116717338562,
  "72": 6.8178722858428955,
  "73": 7.125925540924072,
  "74": 6.994288921356201,
  "75": 7.060516119003296,
  "76": 6.990238189697266,
  "77": 7.001582384109497,
  "78": 7.143472194671631,
  "79": 7.208381652832031,
  "80": 7.1061851978302,
  "81": 7.266245126724243,
  "82": 7.167975902557373,
  "83": 7.142835855484009,
  "84": 7.517715215682983,
  "85": 7.315060138702393,
  "86": 7.043223857879639,
  "87": 7.378866910934448,
  "88": 7.05613112449646,
  "89": 7.027198314666748,
  "90": 7.117063283920288,
  "91": 7.052484512329102,
  "92": 7.0836005210876465,
  "93": 7.242985486984253,
  "94": 7.366040468215942,
  "95": 7.350496768951416,
  "96": 7.020374298095703,
  "97": 7.141323566436768,
  "98": 6.995762586593628,
  "99": 7.3602070808410645,
  "100": 6.980117321014404,
  "101": 6.9804465770721436,
  "102": 6.974559783935547,
  "103": 7.043521881103516,
  "104": 7.2701051235198975,
  "105": 7.232819557189941,
  "106": 7.19825553894043,
  "107": 7.006854057312012,
  "108": 7.244149446487427,
  "109": 7.03512167930603,
  "110": 7.00182843208313,
  "111": 7.097326040267944,
  "112": 7.113378524780273,
  "113": 7.153136491775513,
  "114": 7.012048959732056,
  "115": 7.233538627624512,
  "116": 7.102985620498657,
  "117": 7.107330083847046,
  "118": 7.096765518188477,
  "119": 7.068696022033691,
  "120": 7.0018470287323,
  "121": 7.034136056900024,
  "122": 7.0277369022369385,
  "123": 7.113658428192139,
  "124": 7.052260160446167,
  "125": 7.2227489948272705,
  "126": 6.968380451202393,
  "127": 7.046093940734863,
  "128": 7.113941192626953,
  "129": 6.958881855010986,
  "130": 7.064938545227051,
  "131": 7.183373689651489,
  "132": 7.228204965591431,
  "133": 7.265005826950073,
  "134": 7.187952518463135,
  "135": 6.976323127746582,
  "136": 7.047791481018066,
  "137": 6.96173357963562,
  "138": 7.142049551010132,
  "139": 7.0985119342803955,
  "140": 7.121355772018433,
  "141": 7.2541046142578125,
  "142": 6.954523801803589,
  "143": 7.199023723602295,
  "144": 6.9929609298706055,
  "145": 7.208343744277954,
  "146": 7.0355916023254395,
  "147": 7.181851148605347,
  "148": 6.912261486053467,
  "149": 6.874460458755493,
  "150": 7.136575222015381,
  "151": 7.089057922363281,
  "152": 6.887063026428223,
  "153": 7.013898611068726,
  "154": 7.0237696170806885,
  "155": 7.0875372886657715,
  "156": 6.800973653793335,
  "157": 6.913410186767578,
  "158": 7.078052759170532,
  "159": 7.171257495880127,
  "160": 7.133445739746094,
  "161": 7.2718846797943115,
  "162": 7.170307397842407,
  "163": 7.287312746047974,
  "164": 7.132641792297363,
  "165": 7.305927038192749,
  "166": 7.277669906616211,
  "167": 6.998215913772583,
  "168": 7.158645153045654,
  "169": 6.98576545715332,
  "170": 7.208409786224365,
  "171": 7.017211437225342,
  "172": 6.985688924789429,
  "173": 7.161949157714844,
  "174": 7.065050363540649,
  "175": 7.095245599746704,
  "176": 7.264101028442383,
  "177": 7.006172180175781,
  "178": 7.182020664215088,
  "179": 7.095075845718384,
  "180": 7.159023284912109,
  "181": 6.99815559387207,
  "182": 7.0033040046691895,
  "183": 6.847718715667725,
  "184": 7.169699192047119,
  "185": 6.914937496185303,
  "186": 6.946558475494385,
  "187": 6.940738201141357,
  "188": 7.093524217605591,
  "189": 6.918148756027222,
  "190": 6.918727397918701,
  "191": 7.111922979354858,
  "192": 7.000593423843384,
  "193": 7.047060966491699,
  "194": 6.883369445800781,
  "195": 6.9216389656066895,
  "196": 7.026684284210205,
  "197": 6.984222173690796,
  "198": 7.5229103565216064,
  "199": 7.093207597732544,
  "200": 6.946816682815552,
  "201": 7.146550893783569,
  "202": 6.927043676376343,
  "203": 7.1641035079956055,
  "204": 7.061275959014893,
  "205": 7.113725423812866,
  "206": 6.947613954544067,
  "207": 7.010924339294434,
  "208": 7.2418372631073,
  "209": 6.998891592025757,
  "210": 7.075912237167358,
  "211": 7.36703896522522,
  "212": 7.104503870010376,
  "213": 7.131946802139282,
  "214": 7.058884143829346,
  "215": 7.019830226898193,
  "216": 7.144759178161621,
  "217": 7.191395282745361,
  "218": 7.071117877960205,
  "219": 7.662615060806274,
  "220": 7.002393960952759,
  "221": 7.1119115352630615,
  "222": 7.253309726715088,
  "223": 7.02324652671814,
  "224": 7.027245044708252,
  "225": 7.090051889419556,
  "226": 7.210110902786255,
  "227": 6.98085618019104,
  "228": 7.06719183921814,
  "229": 6.9443442821502686,
  "230": 7.215357065200806,
  "231": 7.234793424606323,
  "232": 7.261433124542236,
  "233": 7.028117656707764,
  "234": 7.250019550323486,
  "235": 7.34872841835022,
  "236": 6.93376350402832,
  "237": 7.1027302742004395,
  "238": 7.292764902114868,
  "239": 7.380887746810913,
  "240": 7.081308364868164,
  "241": 7.2622761726379395,
  "242": 7.252206802368164,
  "243": 7.603397846221924,
  "244": 7.116508483886719,
  "245": 7.306562900543213,
  "246": 7.516414403915405,
  "247": 7.5387701988220215,
  "248": 7.193836688995361,
  "249": 7.369154691696167,
  "250": 7.338791370391846,
  "251": 7.141270875930786,
  "252": 7.1035826206207275,
  "253": 6.980990409851074,
  "254": 7.070335388183594,
  "255": 7.249647378921509,
  "256": 7.174752473831177,
  "257": 7.211585760116577,
  "258": 7.169760704040527,
  "259": 7.238407373428345,
  "260": 7.102473020553589,
  "261": 6.987928152084351,
  "262": 7.021381378173828,
  "263": 7.039124250411987,
  "264": 7.3918116092681885,
  "265": 6.955733776092529,
  "266": 7.198845624923706,
  "267": 7.331313848495483,
  "268": 7.1079864501953125,
  "269": 5.405683517456055,
  "270": 7.20266580581665,
  "271": 7.1419408321380615,
  "272": 7.315519094467163,
  "273": 7.045318126678467,
  "274": 7.157432317733765,
  "275": 7.010876417160034,
  "276": 7.013156175613403,
  "277": 6.958001136779785,
  "278": 6.90602445602417,
  "279": 7.061800956726074,
  "280": 7.036307096481323,
  "281": 7.157053232192993,
  "282": 7.341328382492065,
  "283": 7.256792783737183,
  "284": 7.195895433425903,
  "285": 7.170277118682861,
  "286": 7.139281272888184,
  "287": 7.089682102203369,
  "288": 7.121595621109009,
  "289": 7.412653923034668,