{
  "1": 10.453205108642578,
  "2": 5.680159568786621,
  "3": 5.702023983001709,
  "4": 5.675617218017578,
  "5": 5.672386169433594,
  "6": 5.668727159500122,
  "7": 5.685001850128174,
  "8": 5.668231010437012,
  "9": 5.6838977336883545,
  "10": 5.7632646560668945,
  "11": 5.690913915634155,
  "12": 5.677225112915039,
  "13": 5.681257247924805,
  "14": 5.697166681289673,
  "15": 5.664078950881958,
  "16": 5.738111257553101,
  "17": 5.7327353954315186,
  "18": 5.726320028305054,
  "19": 5.69541072845459,
  "20": 5.690579414367676,
  "21": 5.677575588226318,
  "22": 5.726086139678955,
  "23": 5.683976650238037,
  "24": 5.723461866378784,
  "25": 5.69261360168457,
  "26": 5.715137481689453,
  "27": 5.714008808135986,
  "28": 5.703196287155151,
  "29": 5.734748363494873,
  "30": 5.684736013412476,
  "31": 5.678459405899048,
  "32": 5.7097790241241455,
  "33": 5.689618349075317,
  "34": 5.701278924942017,
  "35": 5.6710755825042725,
  "36": 5.765915632247925,
  "37": 5.691775560379028,
  "38": 5.694091081619263,
  "39": 5.6950719356536865,
  "40": 5.688714504241943,
  "41": 5.7364702224731445,
  "42": 5.695146322250366,
  "43": 5.683138132095337,
  "44": 5.709812164306641,
  "45": 5.693206071853638,
  "46": 5.715579986572266,
  "47": 5.728239059448242,
  "48": 5.7318503856658936,
  "49": 5.710138320922852,
  "50": 5.694478273391724,
  "51": 5.7045557498931885,
  "52": 5.691810607910156,
  "53": 5.733230352401733,
  "54": 5.73345685005188,
  "55": 5.7038843631744385,
  "56": 5.711405992507935,
  "57": 5.721080780029297,
  "58": 5.709179401397705,
  "59": 5.745624542236328,
  "60": 5.6897454261779785,
  "61": 5.694045305252075,
  "62": 5.7170209884643555,
  "63": 5.721290111541748,
  "64": 5.77156138420105,
  "65": 5.71368145942688,
  "66": 5.6965978145599365,
  "67": 5.712290287017822,
  "68": 5.739761590957642,
  "69": 5.704180002212524,
  "70": 5.709420919418335,
  "71": 5.697057485580444,
  "72": 5.6970508098602295,
  "73": 5.681617736816406,
  "74": 5.693028926849365,
  "75": 5.713695764541626,
  "76": 5.697551727294922,
  "77": 5.718871831893921,
  "78": 5.692389726638794,
  "79": 5.727667331695557,
  "80": 5.712097644805908,
  "81": 5.688781023025513,
  "82": 5.757004737854004,
  "83": 5.778746128082275,
  "84": 5.684306621551514,
  "85": 5.698113441467285,
  "86": 5.700863361358643,
  "87": 5.698919057846069,
  "88": 5.682823896408081,
  "89": 5.722756385803223,
  "90": 5.727065801620483,
  "91": 5.710578441619873,
  "92": 5.7111427783966064,
  "93": 5.69983983039856,
  "94": 5.71469783782959,
  "95": 5.747989654541016,
  "96": 5.671727895736694,
  "97": 5.695573329925537,
  "98": 5.702769041061401,
  "99": 5.700709581375122,
  "100": 5.699334383010864,
  "101": 5.697297096252441,
  "102": 5.69308876991272,
  "103": 5.699552059173584,
  "104": 5.700469493865967,
  "105": 5.72898268699646,
  "106": 5.7306928634643555,
  "107": 5.701547384262085,
  "108": 5.763749122619629,
  "109": 5.662308216094971,
  "110": 5.674790143966675,
  "111": 5.672821283340454,
  "112": 5.719578742980957,
  "113": 5.71911096572876,
  "114": 5.698264122009277,
  "115": 5.673840522766113,
  "116": 5.712666034698486,
  "117": 5.691641807556152,
  "118": 5.747814893722534,
  "119": 5.69351053237915,
  "120": 5.685967683792114,
  "121": 5.71088981628418,
  "122": 5.719986438751221,
  "123": 5.699717998504639,
  "124": 5.717176914215088,
  "125": 5.736166000366211,
  "126": 5.6585211753845215,
  "127": 5.680107116699219,
  "128": 5.716414928436279,
  "129": 5.683196306228638,
  "130": 5.66017484664917,
  "131": 5.689324855804443,
  "132": 5.7369325160980225,
  "133": 5.701209545135498,
  "134": 5.693181991577148,
  "135": 5.678743600845337,
  "136": 5.661790609359741,
  "137": 5.655310153961182,
  "138": 5.693063497543335,
  "139": 5.733196020126343,
  "140": 5.700928449630737,
  "141": 5.696606159210205,
  "142": 5.660813808441162,
  "143": 5.747347116470337,
  "144": 5.663352727890015,
  "145": 5.6636786460876465,
  "146": 5.69442081451416,
  "147": 5.71373438835144,
  "148": 5.730343580245972,
  "149": 5.666155576705933,
  "150": 5.697507381439209,
  "151": 5.696880578994751,
  "152": 5.696124315261841,
  "153": 5.735759019851685,
  "154": 5.708518028259277,
  "155": 5.711437225341797,
  "156": 5.683656215667725,
  "157": 5.716540336608887,
  "158": 5.679541110992432,
  "159": 5.706930160522461,
  "160": 5.679330587387085,
  "161": 5.703046798706055,
  "162": 5.731687545776367,
  "163": 5.697534561157227,
  "164": 5.6990437507629395,
  "165": 5.688024282455444,
  "166": 5.69268798828125,
  "167": 5.696401596069336,
  "168": 5.674462080001831,
  "169": 5.710225582122803,
  "170": 5.684557914733887,
  "171": 5.691935777664185,
  "172": 5.749206781387329,
  "173": 5.69659161567688,
  "174": 5.759702444076538,
  "175": 5.749685525894165,
  "176": 5.721377372741699,
  "177": 5.704722881317139,
  "178": 5.701137065887451,
  "179": 5.6920130252838135,
  "180": 5.7564990520477295,
  "181": 5.673072338104248,
  "182": 5.698060512542725,
  "183": 5.646210432052612,
  "184": 5.668825387954712,
  "185": 5.674616098403931,
  "186": 5.691136360168457,
  "187": 5.679953575134277,
  "188": 5.698392391204834,
  "189": 5.693296194076538,
  "190": 5.691189289093018,
  "191": 5.67090106010437,
  "192": 5.683248281478882,
  "193": 5.758126974105835,
  "194": 5.677710056304932,
  "195": 5.729425668716431,
  "196": 5.660590171813965,
  "197": 5.706502437591553,
  "198": 5.680386543273926,
  "199": 5.691065073013306,
  "200": 5.68266224861145,
  "201": 5.6674888134002686,
  "202": 5.727822780609131,
  "203": 5.699138402938843,
  "204": 5.73476243019104,
  "205": 5.6997246742248535,
  "206": 5.6868696212768555,
  "207": 5.696605920791626,
  "208": 5.701673984527588,
  "209": 5.68735671043396,
  "210": 5.688756704330444,
  "211": 5.690124988555908,
  "212": 5.677839040756226,
  "213": 5.693720817565918,
  "214": 5.719570159912109,
  "215": 5.69209623336792,
  "216": 5.680946350097656,
  "217": 5.692580223083496,
  "218": 5.667121648788452,
  "219": 5.662683963775635,
  "220": 5.729735612869263,
  "221": 5.700076580047607,
  "222": 5.67061448097229,
  "223": 5.702334642410278,
  "224": 5.72731351852417,
  "225": 5.767635345458984,
  "226": 5.720447778701782,
  "227": 5.705869674682617,
  "228": 5.726460933685303,
  "229": 5.665339708328247,
  "230": 5.6920249462127686,
  "231": 5.6917970180511475,
  "232": 5.680065631866455,
  "233": 5.770847320556641,
  "234": 5.753174066543579,
  "235": 5.706892967224121,
  "236": 5.704463958740234,
  "237": 5.7128822803497314,
  "238": 5.677847146987915,
  "239": 5.696160554885864,
  "240": 5.703966379165649,
  "241": 5.726788520812988,
  "242": 5.68788480758667,
  "243": 5.702516078948975,
  "244": 5.669507265090942,
  "245": 5.685968637466431,
  "246": 5.726438760757446,
  "247": 5.729066610336304,
  "248": 5.712975025177002,
  "249": 5.710444211959839,
  "250": 5.722295761108398,
  "251": 5.679901123046875,
  "252": 5.702313661575317,
  "253": 5.688824892044067,
  "254": 5.76355767250061,
  "255": 5.696850776672363,
  "256": 5.687153577804565,
  "257": 5.715737342834473,
  "258": 5.701300859451294,
  "259": 5.727810621261597,
  "260": 5.685006856918335,
  "261": 5.701981782913208,
  "262": 5.691266298294067,
  "263": 5.737220287322998,
  "264": 5.706300258636475,
  "265": 5.688351631164551,
  "266": 5.705687522888184,
  "267": 5.686933279037476,
  "268": 5.691241264343262,
  "269": 5.655173063278198,
  "270": 5.7126359939575195,
  "271": 5.732356309890747,
  "272": 5.730020761489868,
  "273": 5.7234272956848145,
  "274": 5.687726736068726,
  "275": 5.705584764480591,
  "276": 5.7264487743377686,
  "277": 5.689112424850464,
  "278": 5.719568729400635,
  "279": 5.691969394683838,
  "280": 5.7291483879089355,
  "281": 5.697688817977905,
  "282": 5.694880723953247,
  "283": 5.6849751472473145,
  "284": 5.668457984924316,
  "285": 5.679407596588135,
  "286": 5.685189485549927,
  "287": 5.731123924255371,
  "288": 5.6615519523620605,
  "289": 5.712982416152954,