{
  "1": 14.522880792617798,
  "2": 6.73551869392395,
  "3": 6.74797797203064,
  "4": 6.80046272277832,
  "5": 6.7983314990997314,
  "6": 6.752445459365845,
  "7": 6.685256481170654,
  "8": 6.76984429359436,
  "9": 6.68802547454834,
  "10": 6.881210088729858,
  "11": 6.710863351821899,
  "12": 6.702802896499634,
  "13": 6.797784805297852,
  "14": 6.728207349777222,
  "15": 6.754987716674805,
  "16": 6.887264251708984,
  "17": 6.776013374328613,
  "18": 6.752763986587524,
  "19": 6.804555892944336,
  "20": 6.68063759803772,
  "21": 6.640710830688477,
  "22": 6.8190977573394775,
  "23": 6.692194700241089,
  "24": 6.7754552364349365,
  "25": 6.742162704467773,
  "26": 7.027084112167358,
  "27": 6.789436101913452,
  "28": 6.819504976272583,
  "29": 6.864988327026367,
  "30": 6.819739103317261,
  "31": 6.895047903060913,
  "32": 6.823021650314331,
  "33": 6.855058193206787,
  "34": 7.158806562423706,
  "35": 6.770026206970215,
  "36": 6.886011123657227,
  "37": 6.753443479537964,
  "38": 6.994477033615112,
  "39": 6.6787495613098145,
  "40": 7.937887191772461,
  "41": 6.788454532623291,
  "42": 6.9045021533966064,
  "43": 6.75243067741394,
  "44": 6.723570346832275,
  "45": 6.721526861190796,
  "46": 6.843538522720337,
  "47": 6.810314416885376,
  "48": 6.757373571395874,
  "49": 6.767864465713501,
  "50": 6.865786552429199,
  "51": 6.704615354537964,
  "52": 6.799153804779053,
  "53": 6.717211484909058,
  "54": 6.778005361557007,
  "55": 6.91913914680481,
  "56": 6.842104434967041,
  "57": 6.886089563369751,
  "58": 6.797136545181274,
  "59": 6.895760536193848,
  "60": 6.825066328048706,
  "61": 6.840962648391724,
  "62": 6.822102785110474,
  "63": 6.8383989334106445,
  "64": 6.929551601409912,
  "65": 6.824201583862305,
  "66": 6.8937249183654785,
  "67": 6.740246057510376,
  "68": 6.713151216506958,
  "69": 6.78617262840271,
  "70": 6.7567596435546875,
  "71": 6.658559560775757,
  "72": 6.683725595474243,
  "73": 6.765878438949585,
  "74": 6.7547218799591064,
  "75": 6.76655125617981,
  "76": 6.752757549285889,
  "77": 6.661991119384766,
  "78": 6.6998350620269775,
  "79": 6.837313175201416,
  "80": 6.80722975730896,
  "81": 0.911341667175293,
  "82": 6.822460412979126,
  "83": 6.776687383651733,
  "84": 6.8410844802856445,
  "85": 6.707026958465576,
  "86": 6.693020582199097,
  "87": 6.763883829116821,
  "88": 6.743756055831909,
  "89": 6.7931554317474365,
  "90": 6.921889305114746,
  "91": 6.873315334320068,
  "92": 6.7640557289123535,
  "93": 6.7394092082977295,
  "94": 6.833390712738037,
  "95": 6.83336615562439,
  "96": 6.77238655090332,
  "97": 6.884415864944458,
  "98": 6.897071599960327,
  "99": 6.854208946228027,
  "100": 7.197933197021484,
  "101": 8.246249198913574,
  "102": 6.827025890350342,
  "103": 6.769067287445068,
  "104": 6.888136863708496,
  "105": 6.757739305496216,
  "106": 6.732503414154053,
  "107": 6.736857891082764,
  "108": 6.773746013641357,
  "109": 6.6533026695251465,
  "110": 6.642599821090698,
  "111": 6.685257196426392,
  "112": 6.744217157363892,
  "113": 6.795135974884033,
  "114": 6.758117914199829,
  "115": 6.8045690059661865,
  "116": 6.703576326370239,
  "117": 6.796301603317261,
  "118": 6.875656843185425,
  "119": 6.7355406284332275,
  "120": 6.6636130809783936,
  "121": 6.893965721130371,
  "122": 6.8875203132629395,
  "123": 6.684565305709839,
  "124": 6.785992383956909,
  "125": 6.806379079818726,
  "126": 6.687808513641357,
  "127": 6.658689737319946,
  "128": 6.759204387664795,
  "129": 6.691158056259155,
  "130": 6.683727025985718,
  "131": 6.708757400512695,
  "132": 6.850130796432495,
  "133": 6.756494045257568,
  "134": 6.839054107666016,
  "135": 6.755307674407959,
  "136": 6.810418367385864,
  "137": 6.7378315925598145,
  "138": 6.825940847396851,
  "139": 6.758537292480469,
  "140": 6.699443817138672,
  "141": 6.696697473526001,
  "142": 6.678471088409424,
  "143": 6.838560581207275,
  "144": 7.340630054473877,
  "145": 6.772955417633057,
  "146": 6.945206165313721,
  "147": 8.24736213684082,
  "148": 6.970308780670166,
  "149": 6.775822639465332,
  "150": 6.765588998794556,
  "151": 6.65187668800354,
  "152": 6.693173408508301,
  "153": 6.720553636550903,
  "154": 6.686921119689941,
  "155": 6.698878049850464,
  "156": 6.7174036502838135,
  "157": 6.759150743484497,
  "158": 6.701074123382568,
  "159": 6.750269412994385,
  "160": 6.701904773712158,
  "161": 6.7913172245025635,
  "162": 6.715928554534912,
  "163": 6.662744522094727,
  "164": 6.654673099517822,
  "165": 6.665724277496338,
  "166": 6.7286810874938965,
  "167": 6.671476125717163,
  "168": 6.63334059715271,
  "169": 6.680668592453003,
  "170": 6.65825891494751,
  "171": 6.656839847564697,
  "172": 6.73829197883606,
  "173": 6.733787775039673,
  "174": 6.753984689712524,
  "175": 6.744542360305786,
  "176": 6.696246862411499,
  "177": 1.5210533142089844,
  "178": 6.669505596160889,
  "179": 6.792935132980347,
  "180": 6.869956731796265,
  "181": 6.735175848007202,
  "182": 6.766143798828125,
  "183": 6.808861255645752,
  "184": 6.709856271743774,
  "185": 6.748190879821777,
  "186": 6.725150108337402,
  "187": 6.723937749862671,
  "188": 6.908817291259766,
  "189": 6.892855644226074,
  "190": 6.873127460479736,
  "191": 7.997420310974121,
  "192": 7.233766555786133,
  "193": 6.985038995742798,
  "194": 6.78804087638855,
  "195": 6.791968822479248,
  "196": 6.7686240673065186,
  "197": 6.680557012557983,
  "198": 6.825272560119629,
  "199": 6.810681343078613,
  "200": 6.684399366378784,
  "201": 6.770043611526489,
  "202": 6.713273286819458,
  "203": 6.751472234725952,
  "204": 6.71942663192749,
  "205": 6.781033515930176,
  "206": 6.732417821884155,
  "207": 6.684165000915527,
  "208": 6.7593138217926025,
  "209": 6.6393561363220215,
  "210": 6.661952018737793,
  "211": 6.687185525894165,
  "212": 6.722430467605591,
  "213": 6.671310901641846,
  "214": 6.757063627243042,
  "215": 6.712076187133789,
  "216": 6.774072170257568,
  "217": 6.75666618347168,
  "218": 6.705632448196411,
  "219": 6.653540849685669,
  "220": 6.748152494430542,
  "221": 6.690127372741699,
  "222": 6.670984268188477,
  "223": 6.779427528381348,
  "224": 6.765365123748779,
  "225": 6.817076921463013,
  "226": 6.780543327331543,
  "227": 6.861793279647827,
  "228": 6.787168979644775,
  "229": 6.706259250640869,
  "230": 6.816807746887207,
  "231": 6.913700342178345,
  "232": 6.956712245941162,
  "233": 6.870309591293335,
  "234": 6.858772277832031,
  "235": 6.824601411819458,
  "236": 6.793039083480835,
  "237": 6.737806081771851,
  "238": 6.759281873703003,
  "239": 6.751281261444092,
  "240": 6.752013921737671,
  "241": 6.780333518981934,
  "242": 6.879536390304565,
  "243": 6.732553482055664,
  "244": 6.7954795360565186,
  "245": 6.757056951522827,
  "246": 6.854218244552612,
  "247": 6.859080791473389,
  "248": 1.1159863471984863,
  "249": 6.828230381011963,
  "250": 6.847275495529175,
  "251": 6.8214452266693115,
  "252": 6.79347562789917,
  "253": 6.841249942779541,
  "254": 6.8347327709198,
  "255": 6.800422668457031,
  "256": 6.834186553955078,
  "257": 6.688668251037598,
  "258": 6.812186002731323,
  "259": 6.918260812759399,
  "260": 6.9055657386779785,
  "261": 6.739421129226685,
  "262": 6.794497489929199,
  "263": 6.744624376296997,
  "264": 6.766578435897827,
  "265": 6.736650228500366,
  "266": 6.858593463897705,
  "267": 6.8333985805511475,
  "268": 6.9139909744262695,
  "269": 6.741723299026489,
  "270": 6.7376389503479,
  "271": 6.76788330078125,
  "272": 6.826996564865112,
  "273": 6.749399662017822,
  "274": 6.730960130691528,
  "275": 6.723658561706543,
  "276": 6.962011098861694,
  "277": 6.719249963760376,
  "278": 6.778908729553223,
  "279": 6.676039457321167,
  "280": 6.788808345794678,
  "281": 6.824413776397705,
  "282": 6.784554719924927,
  "283": 6.750466823577881,
  "284": 6.748613595962524,
  "285": 6.847485780715942,
  "286": 6.74075984954834,
  "287": 6.797652006149292,
  "288": 6.786770820617676,
  "289": 6.89358377456665,