{
  "average_f1": 0.27341031254607107,
  "average_f1_percent": 27.34,
  "total_evaluated": 500,
  "per_super_category": {
    "2hop": {
      "average_f1": 0.2748719918074757,
      "average_f1_percent": 27.49,
      "total_evaluated": 248
    },
    "answerable": {
      "average_f1": 0.19901718757678508,
      "average_f1_percent": 19.9,
      "total_evaluated": 300
    },
    "3hop": {
      "average_f1": 0.3124699930971981,
      "average_f1_percent": 31.25,
      "total_evaluated": 172
    },
    "4hop": {
      "average_f1": 0.18490079365079365,
      "average_f1_percent": 18.49,
      "total_evaluated": 80
    },
    "unanswerable": {
      "average_f1": 0.385,
      "average_f1_percent": 38.5,
      "total_evaluated": 200
    }
  }
}