{
  "1": 13.424771308898926,
  "2": 4.634486198425293,
  "3": 4.707414150238037,
  "4": 5.032934188842773,
  "5": 4.673139333724976,
  "6": 4.667829751968384,
  "7": 4.6245715618133545,
  "8": 4.677198886871338,
  "9": 5.098944902420044,
  "10": 4.736335039138794,
  "11": 4.635554313659668,
  "12": 4.641191005706787,
  "13": 4.629712343215942,
  "14": 4.68407416343689,
  "15": 4.634711265563965,
  "16": 4.706730127334595,
  "17": 4.86541223526001,
  "18": 4.6604650020599365,
  "19": 4.628987073898315,
  "20": 4.66080904006958,
  "21": 5.19637131690979,
  "22": 4.6542816162109375,
  "23": 4.621587753295898,
  "24": 4.685045480728149,
  "25": 4.655626535415649,
  "26": 4.6484973430633545,
  "27": 4.6495654582977295,
  "28": 4.639699220657349,
  "29": 4.890371084213257,
  "30": 4.641831636428833,
  "31": 4.635313034057617,
  "32": 4.65784478187561,
  "33": 5.10596489906311,
  "34": 4.682245254516602,
  "35": 4.643028974533081,
  "36": 4.694591045379639,
  "37": 4.635394334793091,
  "38": 4.6408421993255615,
  "39": 4.605456590652466,
  "40": 4.5877366065979,
  "41": 4.811061143875122,
  "42": 4.679333686828613,
  "43": 4.623683214187622,
  "44": 4.685500383377075,
  "45": 5.227192163467407,
  "46": 4.6455254554748535,
  "47": 4.665186166763306,
  "48": 4.654901027679443,
  "49": 4.673765420913696,
  "50": 4.666208028793335,
  "51": 4.678602457046509,
  "52": 4.684812307357788,
  "53": 4.7911248207092285,
  "54": 4.671812534332275,
  "55": 4.671971797943115,
  "56": 4.679440498352051,
  "57": 4.921243906021118,
  "58": 4.661700010299683,
  "59": 4.702978610992432,
  "60": 4.6543824672698975,
  "61": 4.646992206573486,
  "62": 4.673929691314697,
  "63": 4.660725355148315,
  "64": 4.702314853668213,
  "65": 4.826261758804321,
  "66": 4.649940252304077,
  "67": 4.638800382614136,
  "68": 4.650961399078369,
  "69": 5.025728702545166,
  "70": 4.661621570587158,
  "71": 4.687848329544067,
  "72": 4.6880552768707275,
  "73": 4.657476186752319,
  "74": 4.662102222442627,
  "75": 4.679050445556641,
  "76": 4.723099708557129,
  "77": 4.8416924476623535,
  "78": 4.692126750946045,
  "79": 4.71868896484375,
  "80": 4.670565605163574,
  "81": 4.860377311706543,
  "82": 4.740161418914795,
  "83": 4.731327056884766,
  "84": 4.700999975204468,
  "85": 4.670969724655151,
  "86": 4.665565490722656,
  "87": 4.680728435516357,
  "88": 4.677739381790161,
  "89": 4.823399305343628,
  "90": 4.695995569229126,
  "91": 4.688514471054077,
  "92": 4.730491638183594,
  "93": 4.953986883163452,
  "94": 4.7828826904296875,
  "95": 4.7560625076293945,
  "96": 4.635132312774658,
  "97": 4.683274984359741,
  "98": 4.691551685333252,
  "99": 4.665026903152466,
  "100": 4.742689371109009,
  "101": 4.755388021469116,
  "102": 4.705023288726807,
  "103": 4.70864725112915,
  "104": 4.695005416870117,
  "105": 4.838669776916504,
  "106": 4.728966474533081,
  "107": 4.7203662395477295,
  "108": 4.766592741012573,
  "109": 4.692172050476074,
  "110": 4.686428546905518,
  "111": 4.685597896575928,
  "112": 4.824846029281616,
  "113": 4.693696975708008,
  "114": 4.710543394088745,
  "115": 4.7567925453186035,
  "116": 4.757639169692993,
  "117": 4.921708583831787,
  "118": 4.687004804611206,
  "119": 4.6313042640686035,
  "120": 4.633749485015869,
  "121": 4.635378837585449,
  "122": 4.662185192108154,
  "123": 4.657235622406006,
  "124": 4.932694911956787,
  "125": 4.669304132461548,
  "126": 4.627096891403198,
  "127": 4.630144834518433,
  "128": 4.700979471206665,
  "129": 5.0256030559539795,
  "130": 4.618875741958618,
  "131": 4.654712915420532,
  "132": 4.657319784164429,
  "133": 4.668473958969116,
  "134": 4.622152090072632,
  "135": 4.631415843963623,
  "136": 4.806988716125488,
  "137": 4.614549875259399,
  "138": 4.647079229354858,
  "139": 4.701472282409668,
  "140": 4.65624737739563,
  "141": 5.285892724990845,
  "142": 4.637318134307861,
  "143": 4.707316875457764,
  "144": 4.691544771194458,
  "145": 4.655894994735718,
  "146": 4.6831374168396,
  "147": 4.738001823425293,
  "148": 4.944388389587402,
  "149": 4.699503660202026,
  "150": 4.711655378341675,
  "151": 4.760122776031494,
  "152": 4.770613670349121,
  "153": 5.35195255279541,
  "154": 4.725200891494751,
  "155": 4.720712184906006,
  "156": 4.6939239501953125,
  "157": 4.699552059173584,
  "158": 4.697894096374512,
  "159": 4.6501734256744385,
  "160": 4.887255907058716,
  "161": 4.720487356185913,
  "162": 4.756105899810791,
  "163": 4.693923234939575,
  "164": 4.6684815883636475,
  "165": 4.9525840282440186,
  "166": 4.677370071411133,
  "167": 4.675036668777466,
  "168": 4.642559289932251,
  "169": 4.691548109054565,
  "170": 4.646498441696167,
  "171": 4.655510425567627,
  "172": 4.908124923706055,
  "173": 4.631354570388794,
  "174": 4.69443941116333,
  "175": 4.754565000534058,
  "176": 4.714703321456909,
  "177": 4.942698955535889,
  "178": 4.682185411453247,
  "179": 4.663856506347656,
  "180": 4.677646160125732,
  "181": 4.618976831436157,
  "182": 4.63877010345459,
  "183": 4.6259543895721436,
  "184": 4.825409173965454,
  "185": 4.740904808044434,
  "186": 4.752412796020508,
  "187": 4.760421991348267,
  "188": 4.767934322357178,
  "189": 4.88552188873291,
  "190": 4.714888334274292,
  "191": 4.68206787109375,
  "192": 4.6930296421051025,
  "193": 4.804043769836426,
  "194": 4.7483062744140625,
  "195": 4.809906005859375,
  "196": 4.755358695983887,
  "197": 4.7242231369018555,
  "198": 4.712608337402344,
  "199": 4.698134183883667,
  "200": 4.7530670166015625,
  "201": 4.86066460609436,
  "202": 4.700461387634277,
  "203": 4.708538293838501,
  "204": 4.753370761871338,
  "205": 4.719257354736328,
  "206": 4.686729192733765,
  "207": 4.777801990509033,
  "208": 6.123529672622681,
  "209": 6.098755836486816,
  "210": 6.06163763999939,
  "211": 6.1150898933410645,
  "212": 5.959820985794067,
  "213": 6.00882887840271,
  "214": 6.010312080383301,
  "215": 5.925931215286255,
  "216": 5.841046094894409,
  "217": 6.12988018989563,
  "218": 6.055792331695557,
  "219": 6.045147895812988,
  "220": 6.21669602394104,
  "221": 6.086086273193359,
  "222": 4.8622167110443115,
  "223": 4.679769515991211,
  "224": 4.667621374130249,
  "225": 4.749142169952393,
  "226": 4.904399633407593,
  "227": 4.647249221801758,
  "228": 4.649879693984985,
  "229": 4.627121925354004,
  "230": 4.615321159362793,
  "231": 4.6435182094573975,
  "232": 4.6446449756622314,
  "233": 4.74802565574646,
  "234": 4.697105169296265,
  "235": 4.690067291259766,
  "236": 4.62982177734375,
  "237": 4.689892292022705,
  "238": 5.116121530532837,
  "239": 4.689958095550537,
  "240": 4.653526782989502,
  "241": 4.693702697753906,
  "242": 4.65310263633728,
  "243": 4.659253120422363,
  "244": 4.663271427154541,
  "245": 4.764294624328613,
  "246": 4.673022747039795,
  "247": 4.677188158035278,
  "248": 4.701221704483032,
  "249": 4.656869411468506,
  "250": 4.8299150466918945,
  "251": 4.717181205749512,
  "252": 4.7246739864349365,
  "253": 4.708136320114136,
  "254": 4.731041431427002,
  "255": 4.651164293289185,
  "256": 4.612060308456421,
  "257": 4.720093488693237,
  "258": 4.66299295425415,
  "259": 4.682101488113403,
  "260": 4.618728876113892,
  "261": 4.631993770599365,
  "262": 4.878295183181763,
  "263": 4.871840953826904,
  "264": 4.6383891105651855,
  "265": 4.621781349182129,
  "266": 4.651329278945923,
  "267": 4.617406845092773,
  "268": 4.65711522102356,
  "269": 4.796529531478882,
  "270": 4.647968769073486,
  "271": 4.737091302871704,
  "272": 4.654326438903809,
  "273": 4.703807592391968,
  "274": 4.763167381286621,
  "275": 6.017766237258911,
  "276": 6.201199054718018,
  "277": 6.00824236869812,
  "278": 7.205449104309082,
  "279": 7.15110445022583,
  "280": 6.182718276977539,
  "281": 6.307420969009399,
  "282": 5.854135036468506,
  "283": 6.103626012802124,
  "284": 6.4021594524383545,
  "285": 6.187101364135742,
  "286": 6.3113720417022705,
  "287": 6.7703399658203125,
  "288": 7.49001145362854,
  "289": 7.007534503936768,