{
  "1": 13.685691595077515,
  "2": 5.52347469329834,
  "3": 5.543301820755005,
  "4": 5.5080976486206055,
  "5": 5.515681982040405,
  "6": 5.514461517333984,
  "7": 5.538216829299927,
  "8": 5.534106016159058,
  "9": 5.536255836486816,
  "10": 5.616424322128296,
  "11": 5.532498121261597,
  "12": 5.537119150161743,
  "13": 5.533992767333984,
  "14": 5.5355284214019775,
  "15": 5.530915975570679,
  "16": 5.578496217727661,
  "17": 5.592223405838013,
  "18": 5.572160482406616,
  "19": 5.528726816177368,
  "20": 5.531526565551758,
  "21": 5.538315057754517,
  "22": 5.572080135345459,
  "23": 5.531504154205322,
  "24": 5.577166318893433,
  "25": 5.546203136444092,
  "26": 5.571153879165649,
  "27": 5.574966669082642,
  "28": 5.540480852127075,
  "29": 5.586590051651001,
  "30": 5.553459167480469,
  "31": 5.527178049087524,
  "32": 5.564419746398926,
  "33": 5.536317586898804,
  "34": 5.560926198959351,
  "35": 5.521545648574829,
  "36": 5.611656665802002,
  "37": 5.525075912475586,
  "38": 5.539321184158325,
  "39": 5.528727054595947,
  "40": 5.53110933303833,
  "41": 5.575971603393555,
  "42": 5.541122913360596,
  "43": 5.527781009674072,
  "44": 5.5544304847717285,
  "45": 5.524275302886963,
  "46": 5.543712139129639,
  "47": 5.554715633392334,
  "48": 5.556400537490845,
  "49": 5.54458212852478,
  "50": 5.54317307472229,
  "51": 5.540716886520386,
  "52": 5.5386061668396,
  "53": 5.577407360076904,
  "54": 5.563369989395142,
  "55": 5.551191806793213,
  "56": 5.5646984577178955,
  "57": 5.577253580093384,
  "58": 5.5415260791778564,
  "59": 5.58190393447876,
  "60": 5.548085927963257,
  "61": 5.52726674079895,
  "62": 5.549336671829224,
  "63": 5.575732707977295,
  "64": 5.629505395889282,
  "65": 5.557636737823486,
  "66": 5.53858208656311,
  "67": 5.543374061584473,
  "68": 5.574969053268433,
  "69": 5.544654846191406,
  "70": 5.548896551132202,
  "71": 5.520878314971924,
  "72": 5.207838535308838,
  "73": 5.522513389587402,
  "74": 5.551920652389526,
  "75": 5.566558599472046,
  "76": 5.550636529922485,
  "77": 5.574454307556152,
  "78": 5.542337417602539,
  "79": 5.58016562461853,
  "80": 5.5377037525177,
  "81": 5.536896705627441,
  "82": 5.603113889694214,
  "83": 5.606976509094238,
  "84": 5.526190996170044,
  "85": 5.536132097244263,
  "86": 5.537956237792969,
  "87": 5.5416319370269775,
  "88": 5.531549453735352,
  "89": 5.579641580581665,
  "90": 5.58228611946106,
  "91": 5.5573952198028564,
  "92": 5.559019565582275,
  "93": 5.5400402545928955,
  "94": 5.576792478561401,
  "95": 5.586819171905518,
  "96": 5.512408256530762,
  "97": 5.535177707672119,
  "98": 5.540406227111816,
  "99": 5.549109697341919,
  "100": 5.543686389923096,
  "101": 5.54614782333374,
  "102": 5.550722122192383,
  "103": 5.548610210418701,
  "104": 5.554933309555054,
  "105": 5.577077388763428,
  "106": 5.596531391143799,
  "107": 5.546297311782837,
  "108": 5.622435808181763,
  "109": 5.516856670379639,
  "110": 5.518487215042114,
  "111": 5.5217835903167725,
  "112": 5.556501865386963,
  "113": 5.549050569534302,
  "114": 5.548266887664795,
  "115": 5.537286043167114,
  "116": 5.560248136520386,
  "117": 5.537268877029419,
  "118": 5.588032960891724,
  "119": 5.547161340713501,
  "120": 5.541940450668335,
  "121": 5.559069633483887,
  "122": 5.573091745376587,
  "123": 5.54665470123291,
  "124": 5.550006866455078,
  "125": 5.5780930519104,
  "126": 5.511559247970581,
  "127": 5.541766166687012,
  "128": 5.55779767036438,
  "129": 5.530293941497803,
  "130": 5.514378786087036,
  "131": 5.552438735961914,
  "132": 5.580891132354736,
  "133": 5.552862882614136,
  "134": 5.550610542297363,
  "135": 5.533181190490723,
  "136": 5.516464710235596,
  "137": 5.516293525695801,
  "138": 5.536011457443237,
  "139": 5.592306613922119,
  "140": 5.548074960708618,
  "141": 5.545290470123291,
  "142": 5.500152349472046,
  "143": 5.5767786502838135,
  "144": 5.526554107666016,
  "145": 5.5178916454315186,
  "146": 5.546953201293945,
  "147": 5.560851573944092,
  "148": 5.583594799041748,
  "149": 5.521906852722168,
  "150": 5.555729389190674,
  "151": 5.539074182510376,
  "152": 5.5509724617004395,
  "153": 5.58317232131958,
  "154": 5.547015905380249,
  "155": 5.552737712860107,
  "156": 5.534037828445435,
  "157": 5.567934036254883,
  "158": 5.5227062702178955,
  "159": 5.55045223236084,
  "160": 5.542852878570557,
  "161": 5.568193435668945,
  "162": 5.590842247009277,
  "163": 5.542669773101807,
  "164": 5.54659366607666,
  "165": 5.547633171081543,
  "166": 5.548111915588379,
  "167": 5.542831659317017,
  "168": 5.529231786727905,
  "169": 5.5579798221588135,
  "170": 5.531275272369385,
  "171": 5.533980369567871,
  "172": 5.5816240310668945,
  "173": 5.542590618133545,
  "174": 5.6120452880859375,
  "175": 5.606452226638794,
  "176": 5.591065406799316,
  "177": 5.5659499168396,
  "178": 5.5508363246917725,
  "179": 5.539728403091431,
  "180": 5.610478639602661,
  "181": 5.515638828277588,
  "182": 5.547997236251831,
  "183": 5.500008821487427,
  "184": 5.509035348892212,
  "185": 5.5160932540893555,
  "186": 5.53240704536438,
  "187": 5.528433322906494,
  "188": 5.552286624908447,
  "189": 5.547275543212891,
  "190": 5.551649570465088,
  "191": 5.521608829498291,
  "192": 5.535784006118774,
  "193": 5.611676454544067,
  "194": 5.512811183929443,
  "195": 5.584308385848999,
  "196": 5.521439075469971,
  "197": 5.549256324768066,
  "198": 5.536499261856079,
  "199": 5.536933183670044,
  "200": 5.534903287887573,
  "201": 5.502567529678345,
  "202": 5.54889988899231,
  "203": 5.5388023853302,
  "204": 5.5762269496917725,
  "205": 5.547203779220581,
  "206": 5.540384769439697,
  "207": 5.553866624832153,
  "208": 5.561306476593018,
  "209": 5.522577524185181,
  "210": 5.532730579376221,
  "211": 5.536015272140503,
  "212": 5.534000873565674,
  "213": 5.533001661300659,
  "214": 5.571495056152344,
  "215": 5.541869401931763,
  "216": 5.531876087188721,
  "217": 5.52983021736145,
  "218": 5.5260608196258545,
  "219": 5.5042219161987305,
  "220": 5.58560585975647,
  "221": 5.539688587188721,
  "222": 5.51573634147644,
  "223": 5.55694842338562,
  "224": 5.565534591674805,
  "225": 5.605915307998657,
  "226": 5.562734365463257,
  "227": 5.550552606582642,
  "228": 5.573440790176392,
  "229": 5.5127012729644775,
  "230": 5.532692909240723,
  "231": 5.537154912948608,
  "232": 5.529382228851318,
  "233": 5.610084056854248,
  "234": 5.586886167526245,
  "235": 5.5476672649383545,
  "236": 5.532918930053711,
  "237": 5.533254861831665,
  "238": 5.511067628860474,
  "239": 5.524950265884399,
  "240": 5.563900470733643,
  "241": 5.564654350280762,
  "242": 5.535705327987671,
  "243": 5.541443824768066,
  "244": 5.507504940032959,
  "245": 5.531461000442505,
  "246": 5.568187713623047,
  "247": 5.567407608032227,
  "248": 5.545209884643555,
  "249": 5.5347089767456055,
  "250": 5.556078195571899,
  "251": 5.5403220653533936,
  "252": 5.543944835662842,
  "253": 5.543022155761719,
  "254": 5.599394083023071,
  "255": 5.542373895645142,
  "256": 5.5297911167144775,
  "257": 5.542255878448486,
  "258": 5.799037218093872,
  "259": 5.9322896003723145,
  "260": 5.908488512039185,
  "261": 5.764024972915649,
  "262": 5.8634326457977295,
  "263": 5.884193181991577,
  "264": 6.542651414871216,
  "265": 6.625171184539795,
  "266": 6.383791208267212,
  "267": 6.276971340179443,
  "268": 6.294582843780518,
  "269": 6.395034551620483,
  "270": 6.394123077392578,
  "271": 6.688912630081177,
  "272": 7.114566802978516,
  "273": 6.4327569007873535,
  "274": 6.760589361190796,
  "275": 6.325242757797241,
  "276": 5.961781024932861,
  "277": 5.835877895355225,
  "278": 6.001991033554077,
  "279": 5.804458379745483,
  "280": 5.805197477340698,
  "281": 5.75023889541626,
  "282": 6.000090837478638,
  "283": 6.120182752609253,
  "284": 6.06924033164978,
  "285": 6.0925538539886475,
  "286": 6.169227361679077,
  "287": 6.372338533401489,
  "288": 6.0804901123046875,
  "289": 6.223009347915649,