{
  "1": 6.839354753494263,
  "2": 4.492164373397827,
  "3": 4.5515501499176025,
  "4": 4.324451446533203,
  "5": 4.354565858840942,
  "6": 4.35892391204834,
  "7": 4.511890172958374,
  "8": 4.906330108642578,
  "9": 6.633624315261841,
  "10": 5.512993812561035,
  "11": 5.482522964477539,
  "12": 5.4321558475494385,
  "13": 5.457960605621338,
  "14": 9.246626853942871,
  "15": 6.2396931648254395,
  "16": 0.5757358074188232,
  "17": 0.6564276218414307,
  "18": 5.594148397445679,
  "19": 5.228423595428467,
  "20": 0.46892857551574707,
  "21": 5.255718469619751,
  "22": 4.988752841949463,
  "23": 4.641958475112915,
  "24": 4.735088109970093,
  "25": 4.581015586853027,
  "26": 4.68418025970459,
  "27": 4.931493043899536,
  "28": 6.332913637161255,
  "29": 6.933726072311401,
  "30": 6.382687091827393,
  "31": 0.5463900566101074,
  "32": 6.085405588150024,
  "33": 0.5039231777191162,
  "34": 8.220974922180176,
  "35": 8.327289581298828,
  "36": 5.748115062713623,
  "37": 5.304708957672119,
  "38": 5.513925552368164,
  "39": 5.3553147315979,
  "40": 4.7802205085754395,
  "41": 4.70968770980835,
  "42": 4.572642803192139,
  "43": 4.470293283462524,
  "44": 4.527448892593384,
  "45": 4.815028190612793,
  "46": 6.111937522888184,
  "47": 7.066220998764038,
  "48": 5.961078405380249,
  "49": 4.968628883361816,
  "50": 6.916402816772461,
  "51": 9.228110790252686,
  "52": 5.76800799369812,
  "53": 5.587075233459473,
  "54": 5.292994022369385,
  "55": 5.215616464614868,
  "56": 4.881831884384155,
  "57": 4.695103168487549,
  "58": 4.510101795196533,
  "59": 4.768566846847534,
  "60": 4.467875242233276,
  "61": 4.406369209289551,
  "62": 7.154906511306763,
  "63": 0.6513402462005615,
  "64": 6.6799516677856445,
  "65": 6.772371053695679,
  "66": 6.270782232284546,
  "67": 12.02472472190857,
  "68": 7.948114395141602,
  "69": 5.610361099243164,
  "70": 5.334195852279663,
  "71": 5.200754642486572,
  "72": 5.020554780960083,
  "73": 4.679182767868042,
  "74": 4.542201995849609,
  "75": 4.64806604385376,
  "76": 4.50635552406311,
  "77": 4.584526538848877,
  "78": 4.677002429962158,
  "79": 0.7764205932617188,
  "80": 6.782418251037598,
  "81": 6.618772268295288,
  "82": 5.318319797515869,
  "83": 5.385191202163696,
  "84": 6.051074504852295,
  "85": 11.842386722564697,
  "86": 5.755533695220947,
  "87": 5.593903064727783,
  "88": 5.2395384311676025,
  "89": 5.339761734008789,
  "90": 4.922708034515381,
  "91": 4.675691604614258,
  "92": 4.664768934249878,
  "93": 4.494605541229248,
  "94": 4.658197402954102,
  "95": 0.6777913570404053,
  "96": 4.3598809242248535,
  "97": 4.410167932510376,
  "98": 4.473840951919556,
  "99": 5.906545877456665,
  "100": 5.944348335266113,
  "101": 6.7180256843566895,
  "102": 6.355892658233643,
  "103": 8.621839046478271,
  "104": 7.993534326553345,
  "105": 5.907760858535767,
  "106": 0.6593830585479736,
  "107": 5.725397348403931,
  "108": 5.518526077270508,
  "109": 5.27897047996521,
  "110": 4.869849681854248,
  "111": 4.559847831726074,
  "112": 4.6201183795928955,
  "113": 4.5258331298828125,
  "114": 4.521291971206665,
  "115": 5.238991737365723,
  "116": 6.98488187789917,
  "117": 6.310864448547363,
  "118": 0.6446011066436768,
  "119": 5.577384948730469,
  "120": 5.796421527862549,
  "121": 7.718909025192261,
  "122": 6.69589638710022,
  "123": 5.78685998916626,
  "124": 5.652410268783569,
  "125": 5.363605499267578,
  "126": 5.183457374572754,
  "127": 4.870920419692993,
  "128": 4.707028150558472,
  "129": 4.58554744720459,
  "130": 4.525986194610596,
  "131": 4.549853086471558,
  "132": 4.590230941772461,
  "133": 4.559675216674805,
  "134": 4.392377614974976,
  "135": 4.774852991104126,
  "136": 5.436797618865967,
  "137": 0.43355393409729004,
  "138": 6.400070905685425,
  "139": 6.878165245056152,
  "140": 5.484033584594727,
  "141": 5.463622331619263,
  "142": 5.352566242218018,
  "143": 5.514799118041992,
  "144": 4.5384440422058105,
  "145": 5.417611360549927,
  "146": 6.786292791366577,
  "147": 0.7938804626464844,
  "148": 11.003641843795776,
  "149": 9.025906801223755,
  "150": 5.766506671905518,
  "151": 5.584232330322266,
  "152": 5.377394437789917,
  "153": 5.267392873764038,
  "154": 4.828766584396362,
  "155": 4.728334665298462,
  "156": 4.553961992263794,
  "157": 4.657750844955444,
  "158": 4.417971611022949,
  "159": 4.539564609527588,
  "160": 6.463579416275024,
  "161": 6.496509313583374,
  "162": 6.815966606140137,
  "163": 6.10132908821106,
  "164": 7.391448736190796,
  "165": 11.247835159301758,
  "166": 5.763696193695068,
  "167": 5.651551246643066,
  "168": 5.291425704956055,
  "169": 5.288650035858154,
  "170": 4.877099275588989,
  "171": 4.564788341522217,
  "172": 0.627617359161377,
  "173": 4.871359825134277,
  "174": 5.59438157081604,
  "175": 4.6974756717681885,
  "176": 5.928047180175781,
  "177": 7.67147421836853,
  "178": 7.278475999832153,
  "179": 5.388293743133545,
  "180": 5.205180406570435,
  "181": 11.184767723083496,
  "182": 6.078562498092651,
  "183": 5.637646675109863,
  "184": 5.450246095657349,
  "185": 5.29118013381958,
  "186": 4.995500087738037,
  "187": 4.7183003425598145,
  "188": 4.6036598682403564,
  "189": 4.536744832992554,
  "190": 4.582095384597778,
  "191": 4.477397203445435,
  "192": 5.550081491470337,
  "193": 0.7807512283325195,
  "194": 6.499243259429932,
  "195": 7.899815559387207,
  "196": 8.33419156074524,
  "197": 12.50840973854065,
  "198": 6.419085741043091,
  "199": 5.6904497146606445,
  "200": 5.3248796463012695,
  "201": 5.195263862609863,
  "202": 4.953351259231567,
  "203": 4.743736028671265,
  "204": 4.697681665420532,
  "205": 4.545915842056274,
  "206": 4.477779388427734,
  "207": 4.635375261306763,
  "208": 5.339010715484619,
  "209": 0.5986790657043457,
  "210": 5.014150619506836,
  "211": 5.025578260421753,
  "212": 5.233277082443237,
  "213": 4.9489946365356445,
  "214": 5.676893472671509,
  "215": 6.906619071960449,
  "216": 7.092839479446411,
  "217": 5.807512998580933,
  "218": 5.407037258148193,
  "219": 5.227973222732544,
  "220": 5.11986231803894,
  "221": 4.69652247428894,
  "222": 4.5715012550354,
  "223": 4.627814054489136,
  "224": 4.614286422729492,
  "225": 4.709890127182007,
  "226": 5.3800928592681885,
  "227": 5.9245312213897705,
  "228": 7.177245140075684,
  "229": 5.228825807571411,
  "230": 4.98130202293396,
  "231": 7.030481576919556,
  "232": 7.0687172412872314,
  "233": 6.025707960128784,
  "234": 5.814482688903809,
  "235": 5.374791860580444,
  "236": 5.254018068313599,
  "237": 4.869101047515869,
  "238": 4.612988710403442,
  "239": 4.664398193359375,
  "240": 4.648187637329102,
  "241": 4.624308824539185,
  "242": 4.8070762157440186,
  "243": 6.694950103759766,
  "244": 5.286101818084717,
  "245": 6.719959497451782,
  "246": 6.663586378097534,
  "247": 9.224364757537842,
  "248": 6.904345512390137,
  "249": 5.621042251586914,
  "250": 5.682972192764282,
  "251": 5.327569961547852,
  "252": 5.231518745422363,
  "253": 4.801580190658569,
  "254": 4.847297668457031,
  "255": 4.570572137832642,
  "256": 4.519567966461182,
  "257": 4.513673543930054,
  "258": 4.8109447956085205,
  "259": 5.699346303939819,
  "260": 6.404942512512207,
  "261": 6.7427825927734375,
  "262": 6.751356840133667,
  "263": 9.872239351272583,
  "264": 6.746422052383423,
  "265": 5.831282138824463,
  "266": 5.7092108726501465,
  "267": 5.2451112270355225,
  "268": 5.1756696701049805,
  "269": 4.630991220474243,
  "270": 4.67596435546875,
  "271": 4.790977478027344,
  "272": 4.639813184738159,
  "273": 4.617777585983276,
  "274": 5.046705007553101,
  "275": 6.6944520473480225,
  "276": 5.288342714309692,
  "277": 6.73269510269165,
  "278": 6.5741658210754395,
  "279": 11.425787448883057,
  "280": 7.801448583602905,
  "281": 5.743676424026489,
  "282": 5.454738140106201,
  "283": 5.323800086975098,
  "284": 4.940239191055298,
  "285": 4.588010549545288,
  "286": 0.4861752986907959,
  "287": 0.5579872131347656,
  "288": 4.455211400985718,