{
  "average_f1": 0.3423880154932787,
  "average_f1_percent": 34.24,
  "total_evaluated": 500,
  "per_super_category": {
    "2hop": {
      "average_f1": 0.30861262393520456,
      "average_f1_percent": 30.86,
      "total_evaluated": 248
    },
    "answerable": {
      "average_f1": 0.24731335915546443,
      "average_f1_percent": 24.73,
      "total_evaluated": 300
    },
    "3hop": {
      "average_f1": 0.3807640136281507,
      "average_f1_percent": 38.08,
      "total_evaluated": 172
    },
    "4hop": {
      "average_f1": 0.3645833333333333,
      "average_f1_percent": 36.46,
      "total_evaluated": 80
    },
    "unanswerable": {
      "average_f1": 0.485,
      "average_f1_percent": 48.5,
      "total_evaluated": 200
    }
  }
}