,model,average_f1,average_f1_percent,total_evaluated
,gemma-2-2b,0.3571937102113573,35.72,500
,"gemma-2-2b_duplication_[(0,1),(25,1)]",0.1811289204757938,18.11,500
,"gemma-2-2b_duplication_[(12,1),(13,1)]",0.2740531696889282,27.41,500
,"gemma-2-2b_duplication_[(0,1),(12,1),(25,1)]",0.16284621898044732,16.28,500
,gemma-2-9b,0.42409227994227994,42.41,500
