,model,average_f1,average_f1_percent,total_evaluated
,gemma-2-2b,0.20785633647398366,20.79,500
,"gemma-2-2b_duplication_[(0,1),(25,1)]",0.13876165982946342,13.88,500
,"gemma-2-2b_duplication_[(12,1),(13,1)]",0.15297092031194207,15.3,500
,"gemma-2-2b_duplication_[(0,1),(12,1),(25,1)]",0.13060304126872616,13.06,500
,gemma-2-9b,0.32624148629148625,32.62,500
