{
  "1": 11.891037225723267,
  "2": 5.944152116775513,
  "3": 5.970988988876343,
  "4": 5.928125381469727,
  "5": 6.0802624225616455,
  "6": 5.914030075073242,
  "7": 5.957263946533203,
  "8": 6.171050548553467,
  "9": 5.834553241729736,
  "10": 5.809117317199707,
  "11": 6.145224094390869,
  "12": 6.0554399490356445,
  "13": 6.000564336776733,
  "14": 5.84177041053772,
  "15": 5.686866760253906,
  "16": 6.105341672897339,
  "17": 6.014455318450928,
  "18": 5.727027654647827,
  "19": 5.959051847457886,
  "20": 6.073501825332642,
  "21": 6.01141357421875,
  "22": 5.917487621307373,
  "23": 5.673896551132202,
  "24": 6.004979372024536,
  "25": 5.907873630523682,
  "26": 5.71058201789856,
  "27": 6.106773853302002,
  "28": 6.089959383010864,
  "29": 6.063939332962036,
  "30": 5.896377325057983,
  "31": 5.767578840255737,
  "32": 5.935761213302612,
  "33": 5.667941570281982,
  "34": 5.98713755607605,
  "35": 6.0366294384002686,
  "36": 6.14746356010437,
  "37": 6.026445627212524,
  "38": 5.771754264831543,
  "39": 6.122468948364258,
  "40": 5.71172571182251,
  "41": 5.917112588882446,
  "42": 6.07133674621582,
  "43": 6.1409759521484375,
  "44": 6.092179536819458,
  "45": 5.9863293170928955,
  "46": 5.974818706512451,
  "47": 6.186262369155884,
  "48": 6.283983945846558,
  "49": 6.377941608428955,
  "50": 6.3552565574646,
  "51": 6.217154502868652,
  "52": 6.172760248184204,
  "53": 6.333012580871582,
  "54": 6.870947599411011,
  "55": 6.340893268585205,
  "56": 6.276545286178589,
  "57": 6.269773721694946,
  "58": 6.329214572906494,
  "59": 6.192655324935913,
  "60": 6.0302722454071045,
  "61": 6.021528720855713,
  "62": 6.1197052001953125,
  "63": 6.205440521240234,
  "64": 6.079305410385132,
  "65": 5.915650129318237,
  "66": 5.921650171279907,
  "67": 6.102357625961304,
  "68": 6.2671167850494385,
  "69": 6.134340763092041,
  "70": 6.065216064453125,
  "71": 5.976335048675537,
  "72": 6.095482587814331,
  "73": 6.180058717727661,
  "74": 6.1890549659729,
  "75": 6.115373849868774,
  "76": 6.109760761260986,
  "77": 6.109432220458984,
  "78": 6.143923997879028,
  "79": 6.310786485671997,
  "80": 6.1382691860198975,
  "81": 6.14428448677063,
  "82": 6.244938850402832,
  "83": 6.376942873001099,
  "84": 6.107733249664307,
  "85": 6.357318639755249,
  "86": 6.34391188621521,
  "87": 6.258010625839233,
  "88": 6.2115559577941895,
  "89": 6.310485124588013,
  "90": 6.364083290100098,
  "91": 6.179087400436401,
  "92": 6.2117695808410645,
  "93": 6.188461780548096,
  "94": 6.5235865116119385,
  "95": 6.196061372756958,
  "96": 6.135393857955933,
  "97": 6.17885947227478,
  "98": 6.273828744888306,
  "99": 6.1397223472595215,
  "100": 6.088823556900024,
  "101": 6.155247688293457,
  "102": 6.154641628265381,
  "103": 6.194333791732788,
  "104": 6.135701656341553,
  "105": 6.1021082401275635,
  "106": 6.212610960006714,
  "107": 6.088045120239258,
  "108": 6.197950839996338,
  "109": 6.051198482513428,
  "110": 6.098562955856323,
  "111": 6.154538154602051,
  "112": 6.167051076889038,
  "113": 6.03698468208313,
  "114": 5.970547676086426,
  "115": 6.037588834762573,
  "116": 5.915358781814575,
  "117": 5.977178335189819,
  "118": 5.991876602172852,
  "119": 5.894569158554077,
  "120": 5.8612611293792725,
  "121": 5.9268035888671875,
  "122": 5.909788370132446,
  "123": 5.900454521179199,
  "124": 5.898877859115601,
  "125": 5.866362810134888,
  "126": 5.788244724273682,
  "127": 5.976680517196655,
  "128": 6.023658514022827,
  "129": 5.9664061069488525,
  "130": 5.906400442123413,
  "131": 5.938088893890381,
  "132": 5.916333913803101,
  "133": 5.879746913909912,
  "134": 5.790800333023071,
  "135": 5.906126499176025,
  "136": 5.949597597122192,
  "137": 5.903111696243286,
  "138": 5.9855616092681885,
  "139": 6.049127817153931,
  "140": 5.811671495437622,
  "141": 5.81088399887085,
  "142": 5.918464422225952,
  "143": 5.984349966049194,
  "144": 5.955678224563599,
  "145": 6.005847454071045,
  "146": 6.2959206104278564,
  "147": 6.415442228317261,
  "148": 6.162665843963623,
  "149": 6.146773338317871,
  "150": 6.190773963928223,
  "151": 6.239003419876099,
  "152": 6.172792434692383,
  "153": 6.236803770065308,
  "154": 6.224565267562866,
  "155": 6.199366092681885,
  "156": 6.282420635223389,
  "157": 6.278621435165405,
  "158": 6.1589884757995605,
  "159": 6.18427038192749,
  "160": 6.232184886932373,
  "161": 6.3350982666015625,
  "162": 6.445054769515991,
  "163": 6.309267997741699,
  "164": 6.549726963043213,
  "165": 6.879448890686035,
  "166": 6.173787593841553,
  "167": 5.998252630233765,
  "168": 6.044986009597778,
  "169": 6.337112903594971,
  "170": 6.148885011672974,
  "171": 6.104647159576416,
  "172": 6.181223630905151,
  "173": 6.137641668319702,
  "174": 6.337688207626343,
  "175": 6.355238914489746,
  "176": 6.223999977111816,
  "177": 6.388080835342407,
  "178": 6.252625942230225,
  "179": 6.2281882762908936,
  "180": 6.093075275421143,
  "181": 6.1431214809417725,
  "182": 6.942460775375366,
  "183": 8.052992105484009,
  "184": 8.191195249557495,
  "185": 8.15150761604309,
  "186": 8.141197681427002,
  "187": 8.156956195831299,
  "188": 8.022083759307861,
  "189": 8.104849100112915,
  "190": 8.137532234191895,
  "191": 8.080378770828247,
  "192": 8.03354001045227,
  "193": 8.058820009231567,
  "194": 8.132834434509277,
  "195": 8.123057126998901,
  "196": 8.169283866882324,
  "197": 8.068949937820435,
  "198": 8.052221059799194,
  "199": 8.121250867843628,
  "200": 8.111639261245728,
  "201": 7.847407341003418,
  "202": 7.96194863319397,
  "203": 7.966963529586792,
  "204": 7.887420415878296,
  "205": 8.029120445251465,
  "206": 8.143266916275024,
  "207": 8.037729978561401,
  "208": 8.069802284240723,
  "209": 7.9766247272491455,
  "210": 7.785043954849243,
  "211": 8.100663185119629,
  "212": 8.127071619033813,
  "213": 7.921168327331543,
  "214": 8.274445533752441,
  "215": 8.064963102340698,
  "216": 8.15349555015564,
  "217": 8.110124588012695,
  "218": 8.119291067123413,
  "219": 8.09859323501587,
  "220": 7.88877534866333,
  "221": 7.961007118225098,
  "222": 8.101426839828491,
  "223": 7.91594386100769,
  "224": 8.114957809448242,
  "225": 7.873378753662109,
  "226": 7.911978006362915,
  "227": 7.819766998291016,
  "228": 8.18088436126709,
  "229": 8.143805980682373,
  "230": 8.095233678817749,
  "231": 7.904442071914673,
  "232": 8.027655601501465,
  "233": 7.824399471282959,
  "234": 8.075862407684326,
  "235": 8.162631511688232,
  "236": 8.119920492172241,
  "237": 8.172318696975708,
  "238": 8.068874835968018,
  "239": 8.06464171409607,
  "240": 8.137802600860596,
  "241": 8.118629217147827,
  "242": 8.183439016342163,
  "243": 8.107011079788208,
  "244": 8.157605648040771,
  "245": 8.060962677001953,
  "246": 7.902042388916016,
  "247": 8.146352529525757,
  "248": 8.080310344696045,
  "249": 8.170178174972534,
  "250": 8.164523363113403,
  "251": 8.110112190246582,
  "252": 8.113494634628296,
  "253": 8.136075258255005,
  "254": 8.285216331481934,
  "255": 8.081318140029907,
  "256": 8.106675624847412,
  "257": 8.115508794784546,
  "258": 8.14509892463684,
  "259": 8.026193141937256,
  "260": 8.09299087524414,
  "261": 7.933857202529907,
  "262": 8.107449531555176,
  "263": 8.090565204620361,
  "264": 8.146561861038208,
  "265": 8.12812066078186,
  "266": 8.122989177703857,
  "267": 8.10616946220398,
  "268": 8.06031084060669,
  "269": 8.046159267425537,
  "270": 8.100335359573364,
  "271": 8.11246395111084,
  "272": 8.022847652435303,
  "273": 8.010981559753418,
  "274": 7.950169324874878,
  "275": 7.998358964920044,
  "276": 8.087120771408081,
  "277": 8.115904331207275,
  "278": 8.115782260894775,
  "279": 7.928093671798706,
  "280": 7.994253635406494,
  "281": 7.992238998413086,
  "282": 7.958359479904175,
  "283": 8.232342720031738,
  "284": 7.921933174133301,
  "285": 8.10349702835083,
  "286": 7.991477727890015,
  "287": 8.072577953338623,
  "288": 7.914458513259888,
  "289": 7.96353554725647,