{
  "average_f1": 0.2830886539499115,
  "average_f1_percent": 28.31,
  "total_evaluated": 500,
  "per_super_category": {
    "2hop": {
      "average_f1": 0.26897564010941616,
      "average_f1_percent": 26.9,
      "total_evaluated": 248
    },
    "answerable": {
      "average_f1": 0.2984810899165193,
      "average_f1_percent": 29.85,
      "total_evaluated": 300
    },
    "3hop": {
      "average_f1": 0.3087399465306442,
      "average_f1_percent": 30.87,
      "total_evaluated": 172
    },
    "4hop": {
      "average_f1": 0.271688717806872,
      "average_f1_percent": 27.17,
      "total_evaluated": 80
    },
    "unanswerable": {
      "average_f1": 0.26,
      "average_f1_percent": 26.0,
      "total_evaluated": 200
    }
  }
}