{
  "1": 5.4326012134552,
  "2": 4.739261150360107,
  "3": 4.727591514587402,
  "4": 4.735802173614502,
  "5": 4.690777063369751,
  "6": 4.746462821960449,
  "7": 4.737297296524048,
  "8": 4.738176107406616,
  "9": 4.731266260147095,
  "10": 4.865337610244751,
  "11": 4.709907293319702,
  "12": 4.747271776199341,
  "13": 4.739563465118408,
  "14": 4.761066436767578,
  "15": 4.720784425735474,
  "16": 4.785307168960571,
  "17": 4.797391414642334,
  "18": 4.788285970687866,
  "19": 4.716268539428711,
  "20": 4.742488622665405,
  "21": 4.746048927307129,
  "22": 4.782117128372192,
  "23": 4.711721420288086,
  "24": 4.78779149055481,
  "25": 4.746296644210815,
  "26": 4.795362949371338,
  "27": 4.79658842086792,
  "28": 4.782958507537842,
  "29": 4.7299964427948,
  "30": 4.826359272003174,
  "31": 4.741289138793945,
  "32": 4.807969808578491,
  "33": 4.7137932777404785,
  "34": 4.737931966781616,
  "35": 4.688655614852905,
  "36": 4.815211534500122,
  "37": 4.718937635421753,
  "38": 4.7636778354644775,
  "39": 4.753988981246948,
  "40": 4.7371275424957275,
  "41": 4.808706521987915,
  "42": 4.780058860778809,
  "43": 4.738130807876587,
  "44": 4.75466775894165,
  "45": 4.755114316940308,
  "46": 4.776310682296753,
  "47": 4.737340688705444,
  "48": 4.734914779663086,
  "49": 4.7306227684021,
  "50": 4.7656090259552,
  "51": 4.742228746414185,
  "52": 4.80983567237854,
  "53": 4.748435735702515,
  "54": 4.781754016876221,
  "55": 4.7068376541137695,
  "56": 4.787539958953857,
  "57": 4.734283447265625,
  "58": 2.5701441764831543,
  "59": 4.7638959884643555,
  "60": 4.729024887084961,
  "61": 4.7269127368927,
  "62": 4.733563423156738,
  "63": 4.7848334312438965,
  "64": 4.782644510269165,
  "65": 4.766564130783081,
  "66": 4.73477578163147,
  "67": 4.789015769958496,
  "68": 4.739440202713013,
  "69": 4.809165000915527,
  "70": 4.726414203643799,
  "71": 4.775834321975708,
  "72": 4.754033088684082,
  "73": 4.783003330230713,
  "74": 4.744646310806274,
  "75": 4.8230531215667725,
  "76": 4.745345115661621,
  "77": 4.821834087371826,
  "78": 4.769442081451416,
  "79": 4.842563629150391,
  "80": 4.762474775314331,
  "81": 4.7567138671875,
  "82": 4.807247638702393,
  "83": 4.79113245010376,
  "84": 4.767287969589233,
  "85": 4.70630145072937,
  "86": 4.750339031219482,
  "87": 4.723994255065918,
  "88": 4.726759672164917,
  "89": 4.80440092086792,
  "90": 4.754594326019287,
  "91": 4.781589031219482,
  "92": 4.746806621551514,
  "93": 3.1551501750946045,
  "94": 4.813203811645508,
  "95": 4.8375654220581055,
  "96": 4.734917640686035,
  "97": 4.745206117630005,
  "98": 4.739958047866821,
  "99": 4.758368730545044,
  "100": 4.751563310623169,
  "101": 4.7291998863220215,
  "102": 4.788109540939331,
  "103": 4.767831325531006,
  "104": 4.740171194076538,
  "105": 4.8021934032440186,
  "106": 4.775430917739868,
  "107": 4.789557695388794,
  "108": 4.809717178344727,
  "109": 4.746530055999756,
  "110": 4.715358257293701,
  "111": 4.7279040813446045,
  "112": 4.7345805168151855,
  "113": 4.803049564361572,
  "114": 4.753893613815308,
  "115": 4.766225576400757,
  "116": 4.774030923843384,
  "117": 4.782318353652954,
  "118": 4.783941268920898,
  "119": 4.729482650756836,
  "120": 4.733143091201782,
  "121": 4.738628387451172,
  "122": 4.8173463344573975,
  "123": 4.737356901168823,
  "124": 4.744662761688232,
  "125": 4.791353702545166,
  "126": 4.7441322803497314,
  "127": 4.7010273933410645,
  "128": 4.798129081726074,
  "129": 4.6764655113220215,
  "130": 4.749509334564209,
  "131": 4.695749759674072,
  "132": 4.821574926376343,
  "133": 4.742022752761841,
  "134": 4.720792531967163,
  "135": 4.713681936264038,
  "136": 4.741152763366699,
  "137": 4.708629369735718,
  "138": 4.802131414413452,
  "139": 4.756044387817383,
  "140": 4.754993438720703,
  "141": 4.737937927246094,
  "142": 4.74696946144104,
  "143": 4.763823509216309,
  "144": 4.729418754577637,
  "145": 4.567958116531372,
  "146": 4.768234968185425,
  "147": 4.744042158126831,
  "148": 4.799041748046875,
  "149": 4.71372652053833,
  "150": 4.819135665893555,
  "151": 4.690264701843262,
  "152": 4.838258981704712,
  "153": 4.796489715576172,
  "154": 4.793918609619141,
  "155": 4.745636463165283,
  "156": 4.775094509124756,
  "157": 4.740166902542114,
  "158": 4.764853000640869,
  "159": 4.7997894287109375,
  "160": 4.729047536849976,
  "161": 4.821804046630859,
  "162": 4.743197679519653,
  "163": 4.809234380722046,
  "164": 4.687722206115723,
  "165": 4.755666017532349,
  "166": 4.826176166534424,
  "167": 4.696483612060547,
  "168": 4.770752191543579,
  "169": 4.7463977336883545,
  "170": 4.76483941078186,
  "171": 4.748797178268433,
  "172": 4.773881673812866,
  "173": 4.783445119857788,
  "174": 4.7457520961761475,
  "175": 4.843189239501953,
  "176": 4.700087547302246,
  "177": 4.806836128234863,
  "178": 4.693660259246826,
  "179": 4.759613513946533,
  "180": 4.787579774856567,
  "181": 4.775602340698242,
  "182": 4.696245908737183,
  "183": 4.778203725814819,
  "184": 4.6717212200164795,
  "185": 4.8274009227752686,
  "186": 4.707656383514404,
  "187": 4.8085901737213135,
  "188": 4.762827396392822,
  "189": 4.783330678939819,
  "190": 4.771384954452515,
  "191": 4.8015336990356445,
  "192": 4.756294012069702,
  "193": 4.8287177085876465,
  "194": 4.687036037445068,
  "195": 4.865399360656738,
  "196": 4.71358323097229,
  "197": 4.8395020961761475,
  "198": 4.708004474639893,
  "199": 4.787209749221802,
  "200": 4.736298322677612,
  "201": 4.734025955200195,
  "202": 4.733701229095459,
  "203": 4.72398042678833,
  "204": 4.785989761352539,
  "205": 4.721140384674072,
  "206": 4.770018100738525,
  "207": 4.7251057624816895,
  "208": 4.753687143325806,
  "209": 4.6654558181762695,
  "210": 4.804701805114746,
  "211": 4.702320098876953,
  "212": 4.8275322914123535,
  "213": 4.71146821975708,
  "214": 4.783013343811035,
  "215": 4.735492706298828,
  "216": 4.76702094078064,
  "217": 4.721289157867432,
  "218": 4.724492788314819,
  "219": 4.732555866241455,
  "220": 4.762786865234375,
  "221": 4.784881591796875,
  "222": 4.705566644668579,
  "223": 4.778050899505615,
  "224": 4.759915351867676,
  "225": 4.823976039886475,
  "226": 4.767267465591431,
  "227": 4.780704975128174,
  "228": 4.74888277053833,
  "229": 4.733438491821289,
  "230": 4.755575895309448,
  "231": 4.732572317123413,
  "232": 4.7507994174957275,
  "233": 4.79758620262146,
  "234": 4.800849914550781,
  "235": 4.741730690002441,
  "236": 4.769555330276489,
  "237": 4.732525825500488,
  "238": 4.750481605529785,
  "239": 4.728105783462524,
  "240": 3.7722935676574707,
  "241": 4.807955026626587,
  "242": 4.753777980804443,
  "243": 4.738631725311279,
  "244": 4.69536280632019,
  "245": 4.754887342453003,
  "246": 4.743402719497681,
  "247": 4.744948625564575,
  "248": 4.766842603683472,
  "249": 4.757653713226318,
  "250": 4.743640422821045,
  "251": 2.787605047225952,
  "252": 4.73838210105896,
  "253": 4.781731843948364,
  "254": 4.7885613441467285,
  "255": 4.807265043258667,
  "256": 4.705713748931885,
  "257": 4.784197092056274,
  "258": 4.700689792633057,
  "259": 4.798908710479736,
  "260": 4.728810548782349,
  "261": 2.6993725299835205,
  "262": 4.725427627563477,
  "263": 4.751916408538818,
  "264": 2.9341506958007812,
  "265": 4.655312538146973,
  "266": 3.013212203979492,
  "267": 4.691948413848877,
  "268": 4.693776369094849,
  "269": 4.706145763397217,
  "270": 4.716363191604614,
  "271": 4.766053915023804,
  "272": 4.718596458435059,
  "273": 4.7877867221832275,
  "274": 4.655306339263916,
  "275": 4.774563312530518,
  "276": 4.6791205406188965,
  "277": 4.719401121139526,
  "278": 4.699127912521362,
  "279": 4.730010986328125,
  "280": 4.726729393005371,
  "281": 4.745498418807983,
  "282": 4.710245609283447,
  "283": 4.742471933364868,
  "284": 4.6397106647491455,
  "285": 4.731645345687866,
  "286": 4.7336883544921875,
  "287": 4.71759295463562,
  "288": 4.711964845657349,
  "289": 4.697392702102661,