{
  "1": 7.483576536178589,
  "2": 6.307878255844116,
  "3": 6.1963841915130615,
  "4": 6.195729970932007,
  "5": 5.9710164070129395,
  "6": 6.176707029342651,
  "7": 6.173221111297607,
  "8": 6.267125129699707,
  "9": 6.2221338748931885,
  "10": 6.42570161819458,
  "11": 6.291924953460693,
  "12": 6.243686676025391,
  "13": 6.348278045654297,
  "14": 6.270458221435547,
  "15": 6.149203538894653,
  "16": 6.218481779098511,
  "17": 6.313714027404785,
  "18": 6.235839128494263,
  "19": 6.319257736206055,
  "20": 6.205665588378906,
  "21": 6.247231960296631,
  "22": 6.219736814498901,
  "23": 6.216970682144165,
  "24": 6.328537225723267,
  "25": 6.212321996688843,
  "26": 6.365245342254639,
  "27": 6.207868576049805,
  "28": 6.218971252441406,
  "29": 6.225680589675903,
  "30": 6.315282821655273,
  "31": 6.324361085891724,
  "32": 6.300691843032837,
  "33": 6.227975130081177,
  "34": 6.191366672515869,
  "35": 6.241659164428711,
  "36": 6.24739146232605,
  "37": 6.362022161483765,
  "38": 6.2028467655181885,
  "39": 6.247457981109619,
  "40": 6.227485656738281,
  "41": 6.297694206237793,
  "42": 6.20884370803833,
  "43": 6.20327615737915,
  "44": 6.30203652381897,
  "45": 6.221098184585571,
  "46": 6.372665166854858,
  "47": 6.299967050552368,
  "48": 6.2270941734313965,
  "49": 6.20681357383728,
  "50": 6.316176652908325,
  "51": 6.210678339004517,
  "52": 6.200300455093384,
  "53": 6.309217929840088,
  "54": 6.180537462234497,
  "55": 6.291620492935181,
  "56": 6.181118011474609,
  "57": 6.343518257141113,
  "58": 6.202561616897583,
  "59": 6.323004961013794,
  "60": 6.251310586929321,
  "61": 6.158773422241211,
  "62": 6.208824396133423,
  "63": 6.350615501403809,
  "64": 6.258298873901367,
  "65": 6.182414770126343,
  "66": 6.297681570053101,
  "67": 6.207284927368164,
  "68": 6.204710960388184,
  "69": 6.236562013626099,
  "70": 6.172357082366943,
  "71": 6.144416332244873,
  "72": 6.218292713165283,
  "73": 6.205264329910278,
  "74": 6.288317441940308,
  "75": 6.203141450881958,
  "76": 6.275114059448242,
  "77": 6.312476634979248,
  "78": 6.292847394943237,
  "79": 6.28241753578186,
  "80": 6.294888973236084,
  "81": 6.4408910274505615,
  "82": 6.2696144580841064,
  "83": 6.216899871826172,
  "84": 6.178377866744995,
  "85": 6.129775762557983,
  "86": 6.12920618057251,
  "87": 6.231268882751465,
  "88": 6.110470771789551,
  "89": 6.204777956008911,
  "90": 6.150465965270996,
  "91": 6.143070459365845,
  "92": 6.242835998535156,
  "93": 6.172025918960571,
  "94": 1.5705926418304443,
  "95": 6.174309492111206,
  "96": 6.096891403198242,
  "97": 6.109526872634888,
  "98": 6.208225250244141,
  "99": 6.224991321563721,
  "100": 6.1822779178619385,
  "101": 6.213763236999512,
  "102": 6.136557340621948,
  "103": 6.225458383560181,
  "104": 6.136949062347412,
  "105": 6.238306999206543,
  "106": 6.18373441696167,
  "107": 6.1473705768585205,
  "108": 6.2301952838897705,
  "109": 6.238525867462158,
  "110": 6.125040769577026,
  "111": 6.104172468185425,
  "112": 6.242477893829346,
  "113": 6.126092433929443,
  "114": 6.224146842956543,
  "115": 6.112814426422119,
  "116": 6.1334006786346436,
  "117": 6.115918874740601,
  "118": 6.183730125427246,
  "119": 6.122669219970703,
  "120": 0.35512614250183105,
  "121": 6.140292406082153,
  "122": 6.155988454818726,
  "123": 6.200175762176514,
  "124": 6.132514238357544,
  "125": 6.173515319824219,
  "126": 6.08525538444519,
  "127": 6.116157531738281,
  "128": 6.139241695404053,
  "129": 6.166302680969238,
  "130": 6.163248062133789,
  "131": 6.187014102935791,
  "132": 6.2144739627838135,
  "133": 6.1197710037231445,
  "134": 6.115248203277588,
  "135": 6.100359916687012,
  "136": 6.08782172203064,
  "137": 6.085063934326172,
  "138": 6.117591381072998,
  "139": 6.211334228515625,
  "140": 6.1368727684021,
  "141": 6.132070302963257,
  "142": 6.16437840461731,
  "143": 6.158299446105957,
  "144": 6.106424570083618,
  "145": 6.083209276199341,
  "146": 6.120575904846191,
  "147": 6.130551815032959,
  "148": 6.2127931118011475,
  "149": 6.097194194793701,
  "150": 6.135091304779053,
  "151": 6.108949899673462,
  "152": 6.207578897476196,
  "153": 6.15658712387085,
  "154": 6.112811803817749,
  "155": 6.119580984115601,
  "156": 6.108888149261475,
  "157": 6.167587518692017,
  "158": 6.104475021362305,
  "159": 6.159020185470581,
  "160": 6.248028993606567,
  "161": 6.134261846542358,
  "162": 6.215953350067139,
  "163": 6.116134405136108,
  "164": 6.3511974811553955,
  "165": 6.272849082946777,
  "166": 6.185302972793579,
  "167": 6.181105375289917,
  "168": 6.219315052032471,
  "169": 6.3058013916015625,
  "170": 6.236079931259155,
  "171": 6.1981165409088135,
  "172": 6.278862237930298,
  "173": 6.341660261154175,
  "174": 6.338247776031494,
  "175": 6.2814836502075195,
  "176": 6.323448181152344,
  "177": 6.292832374572754,
  "178": 6.272299289703369,
  "179": 6.162732124328613,
  "180": 6.31981348991394,
  "181": 6.290633678436279,
  "182": 6.145320415496826,
  "183": 6.236078500747681,
  "184": 6.18626594543457,
  "185": 6.148730516433716,
  "186": 6.188318967819214,
  "187": 6.176342248916626,
  "188": 6.17388391494751,
  "189": 6.2187819480896,
  "190": 6.357918739318848,
  "191": 6.272798776626587,
  "192": 6.275553464889526,
  "193": 6.219319820404053,
  "194": 6.1619133949279785,
  "195": 6.379733085632324,
  "196": 6.135351657867432,
  "197": 6.090741872787476,
  "198": 6.501227617263794,
  "199": 6.13062047958374,
  "200": 6.376703977584839,
  "201": 6.341807842254639,
  "202": 6.26633095741272,
  "203": 6.36408805847168,
  "204": 6.262014627456665,
  "205": 6.268794536590576,
  "206": 6.316979885101318,
  "207": 6.150383472442627,
  "208": 6.313311815261841,
  "209": 6.219851016998291,
  "210": 6.316020727157593,
  "211": 6.337670803070068,
  "212": 6.349237680435181,
  "213": 6.314329147338867,
  "214": 6.307708978652954,
  "215": 6.443568468093872,
  "216": 6.316603899002075,
  "217": 6.189351320266724,
  "218": 6.221707582473755,
  "219": 6.220219373703003,
  "220": 6.591175317764282,
  "221": 6.3347837924957275,
  "222": 6.4181976318359375,
  "223": 6.3614583015441895,
  "224": 6.409651279449463,
  "225": 6.434536695480347,
  "226": 6.307154417037964,
  "227": 6.326848030090332,
  "228": 6.525252819061279,
  "229": 6.182579517364502,
  "230": 6.353510618209839,
  "231": 6.370342254638672,
  "232": 6.388249158859253,
  "233": 6.4174277782440186,
  "234": 6.316694498062134,
  "235": 6.453774690628052,
  "236": 6.3268046379089355,
  "237": 6.361400604248047,
  "238": 6.250054597854614,
  "239": 6.514956951141357,
  "240": 6.310547351837158,
  "241": 6.42907452583313,
  "242": 6.3392250537872314,
  "243": 6.34661340713501,
  "244": 6.23364520072937,
  "245": 6.157439470291138,
  "246": 6.28292441368103,
  "247": 6.339139461517334,
  "248": 6.346885442733765,
  "249": 6.117859601974487,
  "250": 6.289251327514648,
  "251": 6.313309907913208,
  "252": 6.285086154937744,
  "253": 6.246962785720825,
  "254": 6.347141265869141,
  "255": 6.231595277786255,
  "256": 6.153171539306641,
  "257": 6.21460747718811,
  "258": 6.212638854980469,
  "259": 6.376195430755615,
  "260": 6.409301280975342,
  "261": 6.247361660003662,
  "262": 6.258509874343872,
  "263": 6.361621618270874,
  "264": 6.300953149795532,
  "265": 6.305799961090088,
  "266": 6.188631057739258,
  "267": 6.397196292877197,
  "268": 6.359484672546387,
  "269": 0.23565673828125,
  "270": 6.25256085395813,
  "271": 6.3062028884887695,
  "272": 6.319735050201416,
  "273": 6.342228174209595,
  "274": 6.295419931411743,
  "275": 6.2952165603637695,
  "276": 6.40418553352356,
  "277": 6.285765886306763,
  "278": 6.41638708114624,
  "279": 6.381945371627808,
  "280": 6.296267509460449,
  "281": 6.2811431884765625,
  "282": 6.254934787750244,
  "283": 6.033214330673218,
  "284": 5.994109153747559,
  "285": 6.064383268356323,
  "286": 6.23173189163208,
  "287": 6.270922899246216,
  "288": 6.123510360717773,
  "289": 6.11467719078064,