{
  "1": 1.730093002319336,
  "2": 6.664645671844482,
  "3": 0.36148834228515625,
  "4": 6.424191474914551,
  "5": 6.585049390792847,
  "6": 6.510321855545044,
  "7": 6.7010626792907715,
  "8": 6.692514657974243,
  "9": 6.467660903930664,
  "10": 1.5983858108520508,
  "11": 6.58540940284729,
  "12": 6.464686155319214,
  "13": 6.646269083023071,
  "14": 0.33042001724243164,
  "15": 6.610372304916382,
  "16": 6.77489972114563,
  "17": 6.676702976226807,
  "18": 6.774420738220215,
  "19": 6.482074737548828,
  "20": 6.5424275398254395,
  "21": 6.498270750045776,
  "22": 6.56981635093689,
  "23": 6.670238971710205,
  "24": 1.4246587753295898,
  "25": 6.706453800201416,
  "26": 6.646629571914673,
  "27": 6.658686876296997,
  "28": 6.675578355789185,
  "29": 6.645759105682373,
  "30": 6.65459132194519,
  "31": 6.53788423538208,
  "32": 6.638284206390381,
  "33": 6.521836280822754,
  "34": 6.678325176239014,
  "35": 6.634822607040405,
  "36": 6.584002256393433,
  "37": 6.589482069015503,
  "38": 6.675278186798096,
  "39": 6.725419759750366,
  "40": 6.631477117538452,
  "41": 6.842287063598633,
  "42": 6.569665431976318,
  "43": 6.612581014633179,
  "44": 6.67118239402771,
  "45": 6.573100328445435,
  "46": 6.535108804702759,
  "47": 6.562047004699707,
  "48": 0.42553019523620605,
  "49": 6.607490301132202,
  "50": 1.2668886184692383,
  "51": 6.5230560302734375,
  "52": 6.580307722091675,
  "53": 6.618392467498779,
  "54": 6.575322151184082,
  "55": 6.624882936477661,
  "56": 6.974609136581421,
  "57": 8.18566107749939,
  "58": 7.388267993927002,
  "59": 6.951427698135376,
  "60": 6.661711692810059,
  "61": 6.655379772186279,
  "62": 0.3766510486602783,
  "63": 6.602808713912964,
  "64": 6.756260395050049,
  "65": 6.746864080429077,
  "66": 0.36539125442504883,
  "67": 6.69675612449646,
  "68": 6.687914133071899,
  "69": 6.726757764816284,
  "70": 6.708473443984985,
  "71": 6.746990442276001,
  "72": 6.76330041885376,
  "73": 6.539575576782227,
  "74": 6.64008355140686,
  "75": 6.612043857574463,
  "76": 0.4824552536010742,
  "77": 6.728101491928101,
  "78": 0.3648860454559326,
  "79": 6.702315092086792,
  "80": 6.7785325050354,
  "81": 6.734336614608765,
  "82": 6.727134704589844,
  "83": 6.809345722198486,
  "84": 6.551398992538452,
  "85": 6.4751245975494385,
  "86": 6.535980939865112,
  "87": 6.636708974838257,
  "88": 6.663516283035278,
  "89": 1.1638269424438477,
  "90": 6.540711402893066,
  "91": 6.681755065917969,
  "92": 6.874200344085693,
  "93": 6.6532065868377686,
  "94": 6.593784809112549,
  "95": 1.1340246200561523,
  "96": 0.3409895896911621,
  "97": 6.4738500118255615,
  "98": 6.480921745300293,
  "99": 6.469698190689087,
  "100": 6.551815509796143,
  "101": 1.7847318649291992,
  "102": 6.828476667404175,
  "103": 6.540533542633057,
  "104": 6.555626630783081,
  "105": 6.658007621765137,
  "106": 6.655802488327026,
  "107": 0.37389159202575684,
  "108": 6.6801159381866455,
  "109": 6.577488422393799,
  "110": 6.574821710586548,
  "111": 0.3467590808868408,
  "112": 6.643440246582031,
  "113": 6.566130876541138,
  "114": 6.731105089187622,
  "115": 6.493823766708374,
  "116": 6.6437835693359375,
  "117": 6.606477737426758,
  "118": 6.683361768722534,
  "119": 6.679025173187256,
  "120": 6.557111501693726,
  "121": 6.610535383224487,
  "122": 6.661535263061523,
  "123": 0.37875866889953613,
  "124": 6.4862542152404785,
  "125": 6.643004417419434,
  "126": 6.763052225112915,
  "127": 0.9418714046478271,
  "128": 6.654417037963867,
  "129": 6.537446975708008,
  "130": 6.660381317138672,
  "131": 6.6545751094818115,
  "132": 6.5672523975372314,
  "133": 6.50752329826355,
  "134": 6.8348588943481445,
  "135": 6.488077640533447,
  "136": 6.5198657512664795,
  "137": 6.543290615081787,
  "138": 6.481823205947876,
  "139": 6.565965175628662,
  "140": 6.603915214538574,
  "141": 6.618340492248535,
  "142": 6.696076393127441,
  "143": 6.710859775543213,
  "144": 6.614076614379883,
  "145": 6.504673004150391,
  "146": 6.604792833328247,
  "147": 6.583693981170654,
  "148": 6.6259987354278564,
  "149": 6.715271949768066,
  "150": 6.727850437164307,
  "151": 6.706003904342651,
  "152": 6.790914058685303,
  "153": 6.654412031173706,
  "154": 6.557411193847656,
  "155": 6.509807825088501,
  "156": 0.511103630065918,
  "157": 4.305278539657593,
  "158": 6.6323511600494385,
  "159": 0.33254003524780273,
  "160": 0.3671576976776123,
  "161": 6.7280848026275635,
  "162": 6.668681859970093,
  "163": 6.674373149871826,
  "164": 6.651310443878174,
  "165": 6.706616640090942,
  "166": 0.3828451633453369,
  "167": 6.8491950035095215,
  "168": 6.600149869918823,
  "169": 3.0421202182769775,
  "170": 6.579677581787109,
  "171": 6.642412900924683,
  "172": 6.735383749008179,
  "173": 6.603229522705078,
  "174": 6.741237163543701,
  "175": 6.773987531661987,
  "176": 0.4105050563812256,
  "177": 6.60903787612915,
  "178": 6.650344133377075,
  "179": 6.6184515953063965,
  "180": 6.87962794303894,
  "181": 6.588481903076172,
  "182": 6.668658018112183,
  "183": 6.435711622238159,
  "184": 6.465860843658447,
  "185": 0.3438138961791992,
  "186": 6.6169068813323975,
  "187": 6.66404914855957,
  "188": 3.2787654399871826,
  "189": 6.689321279525757,
  "190": 1.2940008640289307,
  "191": 6.7403647899627686,
  "192": 6.609337329864502,
  "193": 0.8479673862457275,
  "194": 6.711658716201782,
  "195": 6.647614479064941,
  "196": 6.477269411087036,
  "197": 0.528411865234375,
  "198": 6.528846502304077,
  "199": 6.552144527435303,
  "200": 0.43748998641967773,
  "201": 0.5964221954345703,
  "202": 7.390535593032837,
  "203": 6.972220182418823,
  "204": 6.978516101837158,
  "205": 6.7332470417022705,
  "206": 7.011221408843994,
  "207": 7.03104305267334,
  "208": 7.0743889808654785,
  "209": 6.859779357910156,
  "210": 0.41716814041137695,
  "211": 6.8356194496154785,
  "212": 6.729243516921997,
  "213": 6.838351726531982,
  "214": 0.621171236038208,
  "215": 7.71136736869812,
  "216": 7.8440752029418945,
  "217": 0.39233970642089844,
  "218": 8.319737672805786,
  "219": 0.3691689968109131,
  "220": 7.622850656509399,
  "221": 7.767277479171753,
  "222": 7.569138526916504,
  "223": 7.907763481140137,
  "224": 1.730618953704834,
  "225": 7.032933950424194,
  "226": 8.281346559524536,
  "227": 6.832661867141724,
  "228": 6.696070194244385,
  "229": 6.6045777797698975,
  "230": 6.679533958435059,
  "231": 0.380751371383667,
  "232": 6.662726163864136,
  "233": 6.742229461669922,
  "234": 6.661707878112793,
  "235": 6.7098610401153564,
  "236": 6.806190729141235,
  "237": 6.613176345825195,
  "238": 6.659579753875732,
  "239": 6.57921290397644,
  "240": 6.6142683029174805,
  "241": 6.758383750915527,
  "242": 0.46720409393310547,
  "243": 6.664844989776611,
  "244": 6.592910528182983,
  "245": 6.661314487457275,
  "246": 6.633924722671509,
  "247": 6.665784120559692,
  "248": 6.762208461761475,
  "249": 6.609128952026367,
  "250": 6.647387266159058,
  "251": 6.665822267532349,
  "252": 0.37340688705444336,
  "253": 6.611641883850098,
  "254": 6.675426483154297,
  "255": 6.659167528152466,
  "256": 6.575808048248291,
  "257": 0.3212299346923828,
  "258": 6.6236066818237305,
  "259": 6.643281936645508,
  "260": 6.585435390472412,
  "261": 6.743028402328491,
  "262": 7.901927471160889,
  "263": 0.40836119651794434,
  "264": 6.603681802749634,
  "265": 6.690814018249512,
  "266": 6.6276726722717285,
  "267": 6.641149997711182,
  "268": 6.584812879562378,
  "269": 6.687211036682129,
  "270": 0.4537346363067627,
  "271": 6.64845609664917,
  "272": 6.672013282775879,
  "273": 8.00593876838684,
  "274": 6.735965967178345,
  "275": 6.76943302154541,
  "276": 6.633159637451172,
  "277": 6.519461154937744,
  "278": 6.858082056045532,
  "279": 6.576742649078369,
  "280": 6.60158896446228,
  "281": 6.772722005844116,
  "282": 6.709434270858765,
  "283": 6.686368703842163,
  "284": 6.577791213989258,
  "285": 6.493260860443115,
  "286": 6.503190755844116,
  "287": 0.4006330966949463,