{
  "1": 3.686044931411743,
  "2": 2.896458625793457,
  "3": 2.92616605758667,
  "4": 2.912489414215088,
  "5": 2.9744224548339844,
  "6": 2.8789584636688232,
  "7": 2.903024435043335,
  "8": 2.928508758544922,
  "9": 2.9130802154541016,
  "10": 2.9568369388580322,
  "11": 3.0442261695861816,
  "12": 3.111246347427368,
  "13": 2.9800403118133545,
  "14": 3.0014946460723877,
  "15": 2.8565735816955566,
  "16": 2.883441925048828,
  "17": 2.929445743560791,
  "18": 3.002516031265259,
  "19": 2.8420865535736084,
  "20": 2.84440541267395,
  "21": 2.907104015350342,
  "22": 2.96195125579834,
  "23": 2.9358057975769043,
  "24": 2.995448112487793,
  "25": 2.9629526138305664,
  "26": 3.016848564147949,
  "27": 2.907991647720337,
  "28": 2.9046378135681152,
  "29": 2.9098007678985596,
  "30": 2.917316436767578,
  "31": 2.9048192501068115,
  "32": 2.8542115688323975,
  "33": 2.8877460956573486,
  "34": 3.091377019882202,
  "35": 2.8767240047454834,
  "36": 2.8944156169891357,
  "37": 2.873533248901367,
  "38": 2.8382256031036377,
  "39": 2.852348804473877,
  "40": 2.867594003677368,
  "41": 2.848496675491333,
  "42": 2.822528600692749,
  "43": 2.819027900695801,
  "44": 2.893198251724243,
  "45": 2.9069857597351074,
  "46": 2.8264529705047607,
  "47": 2.8298234939575195,
  "48": 2.827409505844116,
  "49": 2.823643684387207,
  "50": 2.8266875743865967,
  "51": 2.8171091079711914,
  "52": 2.81968355178833,
  "53": 2.8565051555633545,
  "54": 2.8750107288360596,
  "55": 3.0932464599609375,
  "56": 2.8703527450561523,
  "57": 2.8538458347320557,
  "58": 2.8637032508850098,
  "59": 2.883209466934204,
  "60": 2.8755557537078857,
  "61": 2.8501691818237305,
  "62": 2.840731143951416,
  "63": 2.8598196506500244,
  "64": 2.8624632358551025,
  "65": 2.8331716060638428,
  "66": 2.8242247104644775,
  "67": 2.8372371196746826,
  "68": 2.842623710632324,
  "69": 2.8333964347839355,
  "70": 2.836519956588745,
  "71": 2.830002546310425,
  "72": 2.832153081893921,
  "73": 2.8293676376342773,
  "74": 2.8339622020721436,
  "75": 2.829094886779785,
  "76": 2.8327138423919678,
  "77": 2.8389928340911865,
  "78": 2.862687826156616,
  "79": 2.8788886070251465,
  "80": 2.8936386108398438,
  "81": 2.97845196723938,
  "82": 3.007690191268921,
  "83": 2.902543067932129,
  "84": 2.8743672370910645,
  "85": 2.876518487930298,
  "86": 2.8612611293792725,
  "87": 2.859647750854492,
  "88": 2.861083507537842,
  "89": 2.8573358058929443,
  "90": 2.838762044906616,
  "91": 2.834278106689453,
  "92": 2.8378894329071045,
  "93": 2.824997901916504,
  "94": 2.838728189468384,
  "95": 2.8396477699279785,
  "96": 2.8178799152374268,
  "97": 2.818666458129883,
  "98": 2.8229076862335205,
  "99": 2.819601535797119,
  "100": 2.824699878692627,
  "101": 2.8715319633483887,
  "102": 2.8410894870758057,
  "103": 2.8330326080322266,
  "104": 2.8368730545043945,
  "105": 2.834092855453491,
  "106": 2.8597888946533203,
  "107": 2.848174571990967,
  "108": 2.9129059314727783,
  "109": 2.862355947494507,
  "110": 2.8626720905303955,
  "111": 2.873779296875,
  "112": 2.883174180984497,
  "113": 2.8819847106933594,
  "114": 2.9354248046875,
  "115": 2.924044132232666,
  "116": 2.883632183074951,
  "117": 2.8738937377929688,
  "118": 2.883291244506836,
  "119": 2.8610053062438965,
  "120": 2.9166767597198486,
  "121": 2.879429340362549,
  "122": 2.984384059906006,
  "123": 2.8834950923919678,
  "124": 2.8536391258239746,
  "125": 2.8677589893341064,
  "126": 2.8498055934906006,
  "127": 2.8533101081848145,
  "128": 2.8580546379089355,
  "129": 2.884305000305176,
  "130": 2.861997127532959,
  "131": 2.846090316772461,
  "132": 2.8379602432250977,
  "133": 2.8891963958740234,
  "134": 2.922182321548462,
  "135": 2.8380866050720215,
  "136": 2.8382091522216797,
  "137": 2.8363401889801025,
  "138": 2.8669793605804443,
  "139": 2.9671268463134766,
  "140": 2.8766167163848877,
  "141": 2.8655755519866943,
  "142": 2.85508131980896,
  "143": 2.871572256088257,
  "144": 2.858572483062744,
  "145": 2.8483922481536865,
  "146": 2.870149612426758,
  "147": 2.8382747173309326,
  "148": 2.847492218017578,
  "149": 2.828981637954712,
  "150": 2.837268590927124,
  "151": 2.8292624950408936,
  "152": 2.82753849029541,
  "153": 2.9134044647216797,
  "154": 2.875234365463257,
  "155": 2.87121319770813,
  "156": 2.832695245742798,
  "157": 2.9142239093780518,
  "158": 2.8342740535736084,
  "159": 2.8373725414276123,
  "160": 2.8298115730285645,
  "161": 2.837573289871216,
  "162": 2.845608711242676,
  "163": 2.911864995956421,
  "164": 2.8934929370880127,
  "165": 2.8806166648864746,
  "166": 2.8374598026275635,
  "167": 2.836683511734009,
  "168": 2.8297154903411865,
  "169": 2.8323073387145996,
  "170": 2.842808723449707,
  "171": 2.828779458999634,
  "172": 2.8437180519104004,
  "173": 2.8898255825042725,
  "174": 2.8454599380493164,
  "175": 2.9224677085876465,
  "176": 2.8411474227905273,
  "177": 2.86240553855896,
  "178": 2.8279192447662354,
  "179": 2.8238463401794434,
  "180": 2.848254919052124,
  "181": 2.839083194732666,
  "182": 2.8607428073883057,
  "183": 2.9178316593170166,
  "184": 2.8810038566589355,
  "185": 2.9186439514160156,
  "186": 2.8609776496887207,
  "187": 2.8249683380126953,
  "188": 2.8289833068847656,
  "189": 2.824922800064087,
  "190": 2.8275203704833984,
  "191": 2.8344345092773438,
  "192": 2.8240463733673096,
  "193": 2.853956460952759,
  "194": 2.9090662002563477,
  "195": 2.8878300189971924,
  "196": 2.8326644897460938,
  "197": 2.8304250240325928,
  "198": 2.823512077331543,
  "199": 2.8286731243133545,
  "200": 2.8299343585968018,
  "201": 2.820448875427246,
  "202": 2.836256504058838,
  "203": 2.828937292098999,
  "204": 2.8572092056274414,
  "205": 2.900353193283081,
  "206": 2.916144609451294,
  "207": 2.8960695266723633,
  "208": 2.9159326553344727,
  "209": 2.8480875492095947,
  "210": 2.8416426181793213,
  "211": 2.830918550491333,
  "212": 2.8258259296417236,
  "213": 2.8752598762512207,
  "214": 2.8453280925750732,
  "215": 2.851423978805542,
  "216": 2.824789524078369,
  "217": 2.8257930278778076,
  "218": 2.8130927085876465,
  "219": 2.8357605934143066,
  "220": 2.8385941982269287,
  "221": 2.8208301067352295,
  "222": 2.823406219482422,
  "223": 2.8258986473083496,
  "224": 2.839606523513794,
  "225": 2.845822811126709,
  "226": 2.8460047245025635,
  "227": 2.8255932331085205,
  "228": 2.9021897315979004,
  "229": 2.86806058883667,
  "230": 2.879019260406494,
  "231": 2.9398796558380127,
  "232": 2.8642563819885254,
  "233": 2.897312879562378,
  "234": 2.8994216918945312,
  "235": 2.873847723007202,
  "236": 2.859194040298462,
  "237": 2.820911169052124,
  "238": 2.831458330154419,
  "239": 2.828244686126709,
  "240": 2.858935594558716,
  "241": 2.8385097980499268,
  "242": 2.8278493881225586,
  "243": 2.826152801513672,
  "244": 2.8159866333007812,
  "245": 2.8208460807800293,
  "246": 2.8362061977386475,
  "247": 2.929562568664551,
  "248": 2.834980010986328,
  "249": 2.82285213470459,
  "250": 2.941567897796631,
  "251": 2.9250030517578125,
  "252": 2.9642333984375,
  "253": 2.869243621826172,
  "254": 2.8882639408111572,
  "255": 2.874016284942627,
  "256": 2.8699216842651367,
  "257": 2.873293399810791,
  "258": 2.8578526973724365,
  "259": 2.873210906982422,
  "260": 2.8594510555267334,
  "261": 2.866119384765625,
  "262": 2.86767578125,
  "263": 2.866478443145752,
  "264": 2.841766834259033,
  "265": 2.8556697368621826,
  "266": 2.824261426925659,
  "267": 2.8185267448425293,
  "268": 2.8267250061035156,
  "269": 2.822012424468994,
  "270": 2.8319361209869385,
  "271": 3.0155997276306152,
  "272": 2.902336597442627,
  "273": 2.84430193901062,
  "274": 2.826927900314331,
  "275": 2.8287839889526367,
  "276": 2.8363258838653564,
  "277": 2.830091953277588,
  "278": 2.829000473022461,
  "279": 2.82426381111145,
  "280": 2.869375228881836,
  "281": 2.8625619411468506,
  "282": 2.8631327152252197,
  "283": 2.8631205558776855,
  "284": 2.8685874938964844,