{
  "1": 7.3356828689575195,
  "2": 4.327260255813599,
  "3": 4.547756671905518,
  "4": 4.304441213607788,
  "5": 4.330377101898193,
  "6": 4.332674503326416,
  "7": 4.38161563873291,
  "8": 4.3854289054870605,
  "9": 4.407376766204834,
  "10": 4.649311542510986,
  "11": 4.395181655883789,
  "12": 4.362686395645142,
  "13": 4.402678728103638,
  "14": 4.469258069992065,
  "15": 4.345698833465576,
  "16": 4.589784622192383,
  "17": 4.642404317855835,
  "18": 4.502546787261963,
  "19": 4.349786996841431,
  "20": 4.38957953453064,
  "21": 4.405625581741333,
  "22": 4.627574682235718,
  "23": 4.412456512451172,
  "24": 4.5913941860198975,
  "25": 4.439366817474365,
  "26": 4.557575225830078,
  "27": 4.519089221954346,
  "28": 4.448791980743408,
  "29": 4.591036558151245,
  "30": 4.424694538116455,
  "31": 4.393489360809326,
  "32": 4.542708158493042,
  "33": 4.3947837352752686,
  "34": 4.509322643280029,
  "35": 4.3283398151397705,
  "36": 4.679327011108398,
  "37": 4.406357765197754,
  "38": 4.418487071990967,
  "39": 4.366651773452759,
  "40": 4.403460741043091,
  "41": 4.564917802810669,
  "42": 4.470195293426514,
  "43": 4.3354551792144775,
  "44": 4.479202032089233,
  "45": 4.365789175033569,
  "46": 4.409122705459595,
  "47": 4.482024669647217,
  "48": 4.442431688308716,
  "49": 4.4056713581085205,
  "50": 4.4036781787872314,
  "51": 4.393178462982178,
  "52": 4.363775014877319,
  "53": 4.573631763458252,
  "54": 4.476485729217529,
  "55": 4.4289140701293945,
  "56": 4.493734836578369,
  "57": 4.494980096817017,
  "58": 4.395029544830322,
  "59": 4.643099308013916,
  "60": 4.357738256454468,
  "61": 4.353179931640625,
  "62": 4.476956605911255,
  "63": 2.122976064682007,
  "64": 4.63167667388916,
  "65": 4.477962255477905,
  "66": 4.36274790763855,
  "67": 4.431900262832642,
  "68": 4.506859064102173,
  "69": 4.447222948074341,
  "70": 4.4253013134002686,
  "71": 4.318953037261963,
  "72": 4.360949277877808,
  "73": 4.3401780128479,
  "74": 4.361987590789795,
  "75": 4.513746738433838,
  "76": 4.3999457359313965,
  "77": 4.522515773773193,
  "78": 4.386966228485107,
  "79": 4.634209394454956,
  "80": 4.408951044082642,
  "81": 4.407134532928467,
  "82": 4.6238853931427,
  "83": 4.675854682922363,
  "84": 4.347140073776245,
  "85": 4.36286735534668,
  "86": 4.3858888149261475,
  "87": 4.353126525878906,
  "88": 4.350340127944946,
  "89": 4.523953199386597,
  "90": 4.505518913269043,
  "91": 4.506848096847534,
  "92": 4.509825229644775,
  "93": 4.361879110336304,
  "94": 4.543546676635742,
  "95": 4.658079624176025,
  "96": 4.471636056900024,
  "97": 4.740387201309204,
  "98": 4.648401260375977,
  "99": 4.383362770080566,
  "100": 4.38396954536438,
  "101": 4.391651630401611,
  "102": 4.388818264007568,
  "103": 4.418785095214844,
  "104": 4.4249749183654785,
  "105": 4.527435064315796,
  "106": 4.6250386238098145,
  "107": 4.4388744831085205,
  "108": 4.729064226150513,
  "109": 4.354882717132568,
  "110": 4.327719449996948,
  "111": 4.351999521255493,
  "112": 4.443099498748779,
  "113": 4.404772043228149,
  "114": 4.43205714225769,
  "115": 4.3640735149383545,
  "116": 4.5053088665008545,
  "117": 4.366160154342651,
  "118": 4.657688617706299,
  "119": 4.389515161514282,
  "120": 4.399433374404907,
  "121": 4.491056442260742,
  "122": 4.583359479904175,
  "123": 4.429889678955078,
  "124": 4.4880688190460205,
  "125": 4.503024101257324,
  "126": 4.27959942817688,
  "127": 4.400622129440308,
  "128": 4.492200613021851,
  "129": 4.369440317153931,
  "130": 4.286719083786011,
  "131": 4.404651165008545,
  "132": 4.477545261383057,
  "133": 4.501041412353516,
  "134": 4.364023208618164,
  "135": 4.357445955276489,
  "136": 4.274415969848633,
  "137": 4.3205366134643555,
  "138": 4.370088338851929,
  "139": 4.646891355514526,
  "140": 4.424356937408447,
  "141": 4.493045091629028,
  "142": 4.267626523971558,
  "143": 4.529856204986572,
  "144": 4.345250606536865,
  "145": 4.277141571044922,
  "146": 4.420046806335449,
  "147": 4.494638919830322,
  "148": 4.500232219696045,
  "149": 4.348505735397339,
  "150": 4.4886486530303955,
  "151": 4.3768181800842285,
  "152": 4.435185670852661,
  "153": 4.593433141708374,
  "154": 4.42743444442749,
  "155": 4.487374305725098,
  "156": 4.3923444747924805,
  "157": 4.552656650543213,
  "158": 4.277024745941162,
  "159": 4.435949325561523,
  "160": 4.359356880187988,
  "161": 4.496114015579224,
  "162": 4.643151044845581,
  "163": 4.418895959854126,
  "164": 4.396580219268799,
  "165": 4.372373104095459,
  "166": 4.424081563949585,
  "167": 4.436124563217163,
  "168": 4.355052709579468,
  "169": 4.444263458251953,
  "170": 4.361434459686279,
  "171": 4.37073826789856,
  "172": 4.662102937698364,
  "173": 4.4019269943237305,
  "174": 4.598995685577393,
  "175": 4.591510772705078,
  "176": 4.493983507156372,
  "177": 4.502406597137451,
  "178": 4.421457529067993,
  "179": 4.370173692703247,
  "180": 4.6783647537231445,
  "181": 4.328097581863403,
  "182": 4.366227388381958,
  "183": 4.259489059448242,
  "184": 4.315621852874756,
  "185": 4.342261075973511,
  "186": 4.432326793670654,
  "187": 4.3561906814575195,
  "188": 4.434674263000488,
  "189": 4.36255669593811,
  "190": 4.43302583694458,
  "191": 4.349359035491943,
  "192": 4.409504413604736,
  "193": 4.709208965301514,
  "194": 4.329285621643066,
  "195": 4.5928380489349365,
  "196": 4.383618354797363,
  "197": 4.446885824203491,
  "198": 4.403516530990601,
  "199": 4.393101930618286,
  "200": 4.387086391448975,
  "201": 4.285017013549805,
  "202": 4.425049304962158,
  "203": 4.370768308639526,
  "204": 4.567718982696533,
  "205": 4.426603317260742,
  "206": 4.358575820922852,
  "207": 4.484309434890747,
  "208": 4.480153322219849,
  "209": 4.347800016403198,
  "210": 4.3703601360321045,
  "211": 4.4033262729644775,
  "212": 4.347143888473511,
  "213": 4.362419843673706,
  "214": 4.505301237106323,
  "215": 4.41399359703064,
  "216": 4.399986267089844,
  "217": 4.390458822250366,
  "218": 4.326589584350586,
  "219": 4.26635217666626,
  "220": 4.5637500286102295,
  "221": 4.4498631954193115,
  "222": 4.343610763549805,
  "223": 4.48314094543457,
  "224": 4.487400531768799,
  "225": 4.595314979553223,
  "226": 4.519579172134399,
  "227": 4.500500440597534,
  "228": 4.512460947036743,
  "229": 4.27707052230835,
  "230": 4.402465343475342,
  "231": 4.424865484237671,
  "232": 4.373833417892456,
  "233": 4.711268663406372,
  "234": 4.601519346237183,
  "235": 4.495105504989624,
  "236": 4.3665711879730225,
  "237": 4.388952016830444,
  "238": 4.349461555480957,
  "239": 4.369262456893921,
  "240": 4.475226163864136,
  "241": 4.49863076210022,
  "242": 4.4243738651275635,
  "243": 4.427471160888672,
  "244": 4.313556671142578,
  "245": 4.3848817348480225,
  "246": 4.531447887420654,
  "247": 4.4961771965026855,
  "248": 4.416338920593262,
  "249": 4.404438495635986,
  "250": 4.47830057144165,
  "251": 4.341771602630615,
  "252": 4.421636343002319,
  "253": 4.42619252204895,
  "254": 4.671983003616333,
  "255": 4.444854497909546,
  "256": 4.353573560714722,
  "257": 4.434209108352661,
  "258": 4.426124334335327,
  "259": 4.597417831420898,
  "260": 4.358274459838867,
  "261": 4.443386793136597,
  "262": 4.394688129425049,
  "263": 4.503304719924927,
  "264": 4.505995512008667,
  "265": 4.353921890258789,
  "266": 4.49311089515686,
  "267": 4.34794282913208,
  "268": 4.381026983261108,
  "269": 4.273477792739868,
  "270": 4.533200025558472,
  "271": 4.640152931213379,
  "272": 4.5150532722473145,
  "273": 4.525031089782715,
  "274": 4.395954370498657,
  "275": 4.491137504577637,
  "276": 4.563952922821045,
  "277": 4.394648551940918,
  "278": 4.477011442184448,
  "279": 4.406650543212891,
  "280": 4.575878381729126,
  "281": 4.429992437362671,
  "282": 4.43072247505188,
  "283": 4.356639385223389,
  "284": 4.3365113735198975,
  "285": 4.35968804359436,
  "286": 4.395644903182983,
  "287": 4.532079458236694,
  "288": 4.266209363937378,
  "289": 4.500004053115845,