{
  "1": 43.39234161376953,
  "2": 5.60570216178894,
  "3": 5.397430181503296,
  "4": 5.624844312667847,
  "5": 5.343522787094116,
  "6": 5.346056699752808,
  "7": 5.384630441665649,
  "8": 5.372811317443848,
  "9": 5.382406949996948,
  "10": 5.438888788223267,
  "11": 5.355875253677368,
  "12": 5.350960731506348,
  "13": 5.354514837265015,
  "14": 5.366790056228638,
  "15": 5.340372085571289,
  "16": 5.417383909225464,
  "17": 5.416138648986816,
  "18": 5.394410848617554,
  "19": 5.357425212860107,
  "20": 5.359511375427246,
  "21": 5.352959632873535,
  "22": 5.39246392250061,
  "23": 5.347780466079712,
  "24": 5.395900249481201,
  "25": 5.365586280822754,
  "26": 5.391033172607422,
  "27": 5.39120888710022,
  "28": 5.364011764526367,
  "29": 5.389207601547241,
  "30": 5.364022731781006,
  "31": 5.354054927825928,
  "32": 5.391822576522827,
  "33": 5.35968804359436,
  "34": 5.378640174865723,
  "35": 5.334235906600952,
  "36": 5.4434974193573,
  "37": 5.351696968078613,
  "38": 5.364996671676636,
  "39": 5.350430488586426,
  "40": 5.349931716918945,
  "41": 5.401241064071655,
  "42": 5.368604898452759,
  "43": 5.376262187957764,
  "44": 5.371010065078735,
  "45": 5.33472466468811,
  "46": 5.351443767547607,
  "47": 5.364043474197388,
  "48": 5.37148642539978,
  "49": 5.354297637939453,
  "50": 5.34499716758728,
  "51": 5.349168062210083,
  "52": 5.374311447143555,
  "53": 5.401542901992798,
  "54": 5.37289571762085,
  "55": 5.376952409744263,
  "56": 5.362694025039673,
  "57": 5.37416672706604,
  "58": 5.3575074672698975,
  "59": 5.395412445068359,
  "60": 5.373931646347046,
  "61": 5.334368705749512,
  "62": 5.381363391876221,
  "63": 5.404103755950928,
  "64": 5.4304115772247314,
  "65": 5.370856523513794,
  "66": 5.353901386260986,
  "67": 5.369400501251221,
  "68": 5.392400741577148,
  "69": 5.3741984367370605,
  "70": 5.352808952331543,
  "71": 5.33089804649353,
  "72": 5.35153341293335,
  "73": 5.331469774246216,
  "74": 5.353673696517944,
  "75": 5.388375997543335,
  "76": 5.367106199264526,
  "77": 5.400043487548828,
  "78": 5.366946458816528,
  "79": 5.4056806564331055,
  "80": 5.378151178359985,
  "81": 5.359847545623779,
  "82": 5.422917366027832,
  "83": 5.431501626968384,
  "84": 5.338556528091431,
  "85": 5.350651264190674,
  "86": 5.365431308746338,
  "87": 5.3646464347839355,
  "88": 5.344059228897095,
  "89": 5.395627737045288,
  "90": 5.400461912155151,
  "91": 5.378683567047119,
  "92": 5.383419513702393,
  "93": 5.350568532943726,
  "94": 5.392529487609863,
  "95": 5.421328544616699,
  "96": 5.334532022476196,
  "97": 5.356754302978516,
  "98": 5.367152452468872,
  "99": 5.355599641799927,
  "100": 5.351353168487549,
  "101": 5.350518703460693,
  "102": 5.356490612030029,
  "103": 5.36516261100769,
  "104": 5.37397837638855,
  "105": 5.387779712677002,
  "106": 5.403696775436401,
  "107": 5.373323202133179,
  "108": 5.434151887893677,
  "109": 5.34698486328125,
  "110": 5.341547727584839,
  "111": 5.3424482345581055,
  "112": 5.378066778182983,
  "113": 5.3679914474487305,
  "114": 5.367990732192993,
  "115": 5.345187187194824,
  "116": 5.381108522415161,
  "117": 5.377223968505859,
  "118": 5.404532194137573,
  "119": 5.354069232940674,
  "120": 5.360564708709717,
  "121": 5.368016004562378,
  "122": 5.3968665599823,
  "123": 5.377225160598755,
  "124": 5.37190055847168,
  "125": 5.391291618347168,
  "126": 5.335207223892212,
  "127": 5.350205898284912,
  "128": 5.373221397399902,
  "129": 5.326289653778076,
  "130": 5.330550193786621,
  "131": 5.357722520828247,
  "132": 5.392163276672363,
  "133": 5.372014284133911,
  "134": 5.346974849700928,
  "135": 5.3367626667022705,
  "136": 5.331397533416748,
  "137": 5.333406925201416,
  "138": 5.357572317123413,
  "139": 5.393320798873901,
  "140": 5.361485242843628,
  "141": 5.371321201324463,
  "142": 5.328017711639404,
  "143": 5.3876965045928955,
  "144": 5.3474156856536865,
  "145": 5.3312458992004395,
  "146": 5.352561712265015,
  "147": 5.3754026889801025,
  "148": 5.39344048500061,
  "149": 5.332387685775757,
  "150": 5.3689939975738525,
  "151": 5.349216461181641,
  "152": 5.3736467361450195,
  "153": 5.399833917617798,
  "154": 5.36583685874939,
  "155": 5.373156547546387,
  "156": 5.346197843551636,
  "157": 5.387516021728516,
  "158": 5.328526496887207,
  "159": 5.371313571929932,
  "160": 5.3810975551605225,
  "161": 5.372540235519409,
  "162": 5.400725841522217,
  "163": 5.355191230773926,
  "164": 5.354220390319824,
  "165": 5.350714683532715,
  "166": 5.371977090835571,
  "167": 5.368407249450684,
  "168": 5.333306074142456,
  "169": 5.391649484634399,
  "170": 5.387171030044556,
  "171": 5.361204147338867,
  "172": 5.419451475143433,
  "173": 5.368281126022339,
  "174": 5.439685821533203,
  "175": 5.417278051376343,
  "176": 5.3956522941589355,
  "177": 5.3819591999053955,
  "178": 5.365854263305664,
  "179": 5.359014511108398,
  "180": 5.441498041152954,
  "181": 5.344485521316528,
  "182": 5.362644195556641,
  "183": 5.337794542312622,
  "184": 5.344618320465088,
  "185": 5.3392417430877686,
  "186": 5.3600239753723145,
  "187": 5.382888078689575,
  "188": 5.381917953491211,
  "189": 5.364782094955444,
  "190": 5.37673282623291,
  "191": 5.3388261795043945,
  "192": 5.373244047164917,
  "193": 5.443211317062378,
  "194": 5.350733041763306,
  "195": 5.398255348205566,
  "196": 5.332487344741821,
  "197": 5.368788957595825,
  "198": 5.358970880508423,
  "199": 5.351472616195679,
  "200": 5.361150741577148,
  "201": 5.342593431472778,
  "202": 5.371974468231201,
  "203": 5.367834568023682,
  "204": 5.401999473571777,
  "205": 5.385281085968018,
  "206": 5.361442804336548,
  "207": 5.390241622924805,
  "208": 5.381741762161255,
  "209": 5.343419551849365,
  "210": 5.365871906280518,
  "211": 5.367564678192139,
  "212": 5.388998031616211,
  "213": 5.361072778701782,
  "214": 5.409510374069214,
  "215": 5.375929594039917,
  "216": 5.3636603355407715,
  "217": 5.3635947704315186,
  "218": 5.344838380813599,
  "219": 5.3463051319122314,
  "220": 5.410079717636108,
  "221": 5.383746385574341,
  "222": 5.341284990310669,
  "223": 5.381513833999634,
  "224": 5.396527290344238,
  "225": 5.441425323486328,
  "226": 5.38976788520813,
  "227": 5.3813700675964355,
  "228": 5.38526725769043,
  "229": 5.340653896331787,
  "230": 5.361161470413208,
  "231": 5.381481885910034,
  "232": 5.348886013031006,
  "233": 5.433945417404175,
  "234": 5.3988940715789795,
  "235": 5.363609075546265,
  "236": 5.345613718032837,
  "237": 5.348764896392822,
  "238": 5.335191488265991,
  "239": 5.356905221939087,
  "240": 5.375921249389648,
  "241": 5.389322757720947,
  "242": 5.364481449127197,
  "243": 5.371357202529907,
  "244": 5.329395532608032,
  "245": 5.3474626541137695,
  "246": 5.3892247676849365,
  "247": 5.387472867965698,
  "248": 0.9269132614135742,
  "249": 5.352921485900879,
  "250": 5.371655225753784,
  "251": 5.334212303161621,
  "252": 5.3659679889678955,
  "253": 5.364501953125,
  "254": 5.436601161956787,
  "255": 5.371959209442139,
  "256": 5.379043817520142,
  "257": 5.362255811691284,
  "258": 5.366286277770996,
  "259": 5.3996992111206055,
  "260": 5.377979040145874,
  "261": 5.37296462059021,
  "262": 5.348408937454224,
  "263": 5.368573188781738,
  "264": 5.374000549316406,
  "265": 5.355242729187012,
  "266": 5.374974727630615,
  "267": 5.346739768981934,
  "268": 5.352759838104248,
  "269": 5.343701362609863,
  "270": 5.39642071723938,
  "271": 5.410900831222534,
  "272": 5.397433519363403,
  "273": 5.402288198471069,
  "274": 5.365108966827393,
  "275": 5.389195442199707,
  "276": 5.400773525238037,
  "277": 5.360287189483643,
  "278": 5.380780935287476,
  "279": 5.362841367721558,
  "280": 5.394211530685425,
  "281": 5.366843223571777,
  "282": 5.3754026889801025,
  "283": 5.350106239318848,
  "284": 5.330807685852051,
  "285": 5.35256028175354,
  "286": 5.355921030044556,
  "287": 5.3847496509552,
  "288": 5.3262388706207275,
  "289": 5.37259316444397,