{
  "1": 11.575953245162964,
  "2": 6.551090955734253,
  "3": 6.5856406688690186,
  "4": 6.533359527587891,
  "5": 6.540524244308472,
  "6": 6.540905714035034,
  "7": 6.56066107749939,
  "8": 6.566905498504639,
  "9": 6.542279481887817,
  "10": 6.646456956863403,
  "11": 6.542532682418823,
  "12": 6.54845118522644,
  "13": 6.5509278774261475,
  "14": 6.555480718612671,
  "15": 6.53054666519165,
  "16": 6.608796119689941,
  "17": 6.616203784942627,
  "18": 6.583000659942627,
  "19": 6.546215057373047,
  "20": 6.548471212387085,
  "21": 6.554514169692993,
  "22": 6.595309734344482,
  "23": 6.547304153442383,
  "24": 6.581315517425537,
  "25": 6.555217504501343,
  "26": 6.590252637863159,
  "27": 6.591601610183716,
  "28": 6.5515100955963135,
  "29": 6.602105617523193,
  "30": 6.556056499481201,
  "31": 6.541231155395508,
  "32": 6.602130174636841,
  "33": 6.5563507080078125,
  "34": 6.574509620666504,
  "35": 6.525363922119141,
  "36": 6.625829219818115,
  "37": 6.541442394256592,
  "38": 6.555383920669556,
  "39": 6.553439378738403,
  "40": 6.560067415237427,
  "41": 6.599822282791138,
  "42": 6.549706697463989,
  "43": 6.546705007553101,
  "44": 6.5638792514801025,
  "45": 6.543547868728638,
  "46": 6.560091257095337,
  "47": 6.572228908538818,
  "48": 6.563762664794922,
  "49": 6.551783800125122,
  "50": 6.553194522857666,
  "51": 6.545530796051025,
  "52": 6.546186208724976,
  "53": 6.601347208023071,
  "54": 6.580780506134033,
  "55": 6.560940265655518,
  "56": 6.567819833755493,
  "57": 6.5743560791015625,
  "58": 6.5466148853302,
  "59": 6.597329616546631,
  "60": 6.548311948776245,
  "61": 6.536920070648193,
  "62": 6.555259943008423,
  "63": 6.596376419067383,
  "64": 6.645445346832275,
  "65": 6.570996046066284,
  "66": 6.562590599060059,
  "67": 6.5633978843688965,
  "68": 6.599235773086548,
  "69": 6.556567430496216,
  "70": 6.564188003540039,
  "71": 6.539371013641357,
  "72": 6.552379608154297,
  "73": 6.5386247634887695,
  "74": 6.555413484573364,
  "75": 6.57107949256897,
  "76": 6.56971287727356,
  "77": 6.587580680847168,
  "78": 6.5397491455078125,
  "79": 6.605741024017334,
  "80": 6.561421871185303,
  "81": 6.56552791595459,
  "82": 6.629112243652344,
  "83": 6.645057916641235,
  "84": 6.54118800163269,
  "85": 6.555100679397583,
  "86": 6.552033185958862,
  "87": 6.547147274017334,
  "88": 6.548797607421875,
  "89": 6.594270467758179,
  "90": 6.594940662384033,
  "91": 6.567304611206055,
  "92": 6.583079814910889,
  "93": 6.552397727966309,
  "94": 6.602509260177612,
  "95": 6.614293098449707,
  "96": 6.536479473114014,
  "97": 6.559109687805176,
  "98": 6.563491106033325,
  "99": 6.557024240493774,
  "100": 6.5531907081604,
  "101": 6.562733888626099,
  "102": 6.555641412734985,
  "103": 6.5664963722229,
  "104": 6.56433629989624,
  "105": 6.600740909576416,
  "106": 6.596184492111206,
  "107": 6.571469783782959,
  "108": 6.635415554046631,
  "109": 6.543578863143921,
  "110": 6.530184030532837,
  "111": 6.537050008773804,
  "112": 6.574309825897217,
  "113": 6.558244943618774,
  "114": 6.560108423233032,
  "115": 6.54576301574707,
  "116": 6.569106101989746,
  "117": 6.548445463180542,
  "118": 6.613370418548584,
  "119": 6.567502498626709,
  "120": 6.554237127304077,
  "121": 6.574601650238037,
  "122": 6.601771593093872,
  "123": 6.565768480300903,
  "124": 6.574499845504761,
  "125": 6.607636213302612,
  "126": 3.5867464542388916,
  "127": 6.561464071273804,
  "128": 6.579230308532715,
  "129": 6.542144536972046,
  "130": 6.520788192749023,
  "131": 6.562943935394287,
  "132": 6.597168445587158,
  "133": 6.564929962158203,
  "134": 6.557156801223755,
  "135": 6.540365934371948,
  "136": 6.52295708656311,
  "137": 6.528131008148193,
  "138": 6.555720329284668,
  "139": 6.613635063171387,
  "140": 6.574565649032593,
  "141": 6.576664447784424,
  "142": 6.515653371810913,
  "143": 6.591848373413086,
  "144": 6.537644863128662,
  "145": 6.523470401763916,
  "146": 6.5543906688690186,
  "147": 6.573591470718384,
  "148": 6.595871448516846,
  "149": 6.525450944900513,
  "150": 6.573402404785156,
  "151": 6.548765659332275,
  "152": 6.560419321060181,
  "153": 6.603998899459839,
  "154": 6.565897464752197,
  "155": 6.577544212341309,
  "156": 6.560603380203247,
  "157": 6.60114598274231,
  "158": 6.530642986297607,
  "159": 6.5675880908966064,
  "160": 6.553667306900024,
  "161": 6.57827091217041,
  "162": 6.60179877281189,
  "163": 6.54848575592041,
  "164": 6.554969072341919,
  "165": 6.543884754180908,
  "166": 6.558325529098511,
  "167": 6.564009189605713,
  "168": 6.5359015464782715,
  "169": 6.584190845489502,
  "170": 6.554234981536865,
  "171": 6.547057151794434,
  "172": 6.618018865585327,
  "173": 6.54744291305542,
  "174": 6.619226932525635,
  "175": 6.618291139602661,
  "176": 6.596333980560303,
  "177": 6.57735800743103,
  "178": 6.566837787628174,
  "179": 6.550973892211914,
  "180": 6.638709783554077,
  "181": 6.5257039070129395,
  "182": 6.55506706237793,
  "183": 6.504796266555786,
  "184": 6.520609378814697,
  "185": 6.53130578994751,
  "186": 6.562408685684204,
  "187": 6.548722505569458,
  "188": 6.558732748031616,
  "189": 6.553361654281616,
  "190": 6.570085525512695,
  "191": 6.5369017124176025,
  "192": 6.557502031326294,
  "193": 6.648179769515991,
  "194": 6.548121690750122,
  "195": 6.608447313308716,
  "196": 6.527982950210571,
  "197": 6.574944496154785,
  "198": 6.555674076080322,
  "199": 6.551760911941528,
  "200": 6.552136182785034,
  "201": 6.524452447891235,
  "202": 6.565682888031006,
  "203": 6.551071882247925,
  "204": 6.591926574707031,
  "205": 6.561389446258545,
  "206": 6.547985315322876,
  "207": 6.56361722946167,
  "208": 6.572963714599609,
  "209": 6.534617900848389,
  "210": 6.561233758926392,
  "211": 6.561324834823608,
  "212": 6.546139478683472,
  "213": 6.559572219848633,
  "214": 6.585731744766235,
  "215": 6.560477256774902,
  "216": 6.550513982772827,
  "217": 6.549479961395264,
  "218": 6.5265562534332275,
  "219": 6.507481813430786,
  "220": 6.607288837432861,
  "221": 6.554793834686279,
  "222": 6.514631986618042,
  "223": 6.555601596832275,
  "224": 6.600584983825684,
  "225": 6.638583183288574,
  "226": 6.593215227127075,
  "227": 6.579436540603638,
  "228": 6.5999345779418945,
  "229": 6.548073053359985,
  "230": 6.560566186904907,
  "231": 6.58331036567688,
  "232": 6.563493013381958,
  "233": 6.645715236663818,
  "234": 6.600832939147949,
  "235": 6.5677330493927,
  "236": 6.565097093582153,
  "237": 6.563486337661743,
  "238": 6.540186166763306,
  "239": 6.55725359916687,
  "240": 6.584227561950684,
  "241": 6.593646764755249,
  "242": 6.552383661270142,
  "243": 6.5651843547821045,
  "244": 6.537015914916992,
  "245": 6.558542013168335,
  "246": 6.603696346282959,
  "247": 6.611642599105835,
  "248": 6.572762966156006,
  "249": 6.566529035568237,
  "250": 6.575798988342285,
  "251": 6.539800643920898,
  "252": 6.556170225143433,
  "253": 6.562330484390259,
  "254": 6.6366777420043945,
  "255": 6.571199893951416,
  "256": 6.56939959526062,
  "257": 6.566555976867676,
  "258": 6.567514896392822,
  "259": 6.620172023773193,
  "260": 6.567004203796387,
  "261": 6.5681164264678955,
  "262": 6.56766414642334,
  "263": 6.574256658554077,
  "264": 6.587168455123901,
  "265": 6.549908876419067,
  "266": 6.585240125656128,
  "267": 6.55633282661438,
  "268": 6.560156583786011,
  "269": 6.532253265380859,
  "270": 6.584541320800781,
  "271": 6.605858564376831,
  "272": 6.598420858383179,
  "273": 6.597661733627319,
  "274": 6.556578874588013,
  "275": 6.579344034194946,
  "276": 6.59832501411438,
  "277": 6.555401802062988,
  "278": 6.572515249252319,
  "279": 6.558869123458862,
  "280": 6.5967748165130615,
  "281": 6.579171657562256,
  "282": 6.57683539390564,
  "283": 6.552092790603638,
  "284": 6.532817125320435,
  "285": 6.565397024154663,
  "286": 6.5656898021698,
  "287": 6.612512588500977,
  "288": 6.5295090675354,
  "289": 6.571702480316162,
  "290": 6.5645952224731445,