{
  "1": 9.855493783950806,
  "2": 6.018785715103149,
  "3": 6.037776470184326,
  "4": 6.010239601135254,
  "5": 6.029492139816284,
  "6": 6.003036260604858,
  "7": 6.017802715301514,
  "8": 6.019877195358276,
  "9": 6.031095743179321,
  "10": 6.113545894622803,
  "11": 6.013735055923462,
  "12": 6.022710800170898,
  "13": 6.018301486968994,
  "14": 6.02535605430603,
  "15": 6.006704568862915,
  "16": 6.075327396392822,
  "17": 6.09432053565979,
  "18": 6.080913782119751,
  "19": 6.020956993103027,
  "20": 6.013501882553101,
  "21": 6.005274772644043,
  "22": 6.069599151611328,
  "23": 6.026857852935791,
  "24": 6.073835372924805,
  "25": 6.027523040771484,
  "26": 6.0433509349823,
  "27": 6.057215213775635,
  "28": 6.0269341468811035,
  "29": 6.052270889282227,
  "30": 6.0218119621276855,
  "31": 6.007520914077759,
  "32": 6.053111791610718,
  "33": 6.016759157180786,
  "34": 6.035809278488159,
  "35": 5.990391731262207,
  "36": 6.086656093597412,
  "37": 6.013023853302002,
  "38": 6.016997814178467,
  "39": 6.015230655670166,
  "40": 6.014543056488037,
  "41": 6.083015441894531,
  "42": 6.008872747421265,
  "43": 6.005735397338867,
  "44": 6.025369882583618,
  "45": 5.997323989868164,
  "46": 6.0445051193237305,
  "47": 6.028868913650513,
  "48": 6.0133326053619385,
  "49": 6.0202412605285645,
  "50": 6.022372722625732,
  "51": 6.028202533721924,
  "52": 5.999732255935669,
  "53": 6.054911375045776,
  "54": 6.035524606704712,
  "55": 6.0203306674957275,
  "56": 6.042253255844116,
  "57": 6.0238425731658936,
  "58": 6.0065038204193115,
  "59": 6.067967891693115,
  "60": 6.032815456390381,
  "61": 5.985837936401367,
  "62": 6.013749122619629,
  "63": 6.048453092575073,
  "64": 6.106822490692139,
  "65": 6.041689872741699,
  "66": 6.004014253616333,
  "67": 6.0101189613342285,
  "68": 6.046046495437622,
  "69": 6.02950119972229,
  "70": 6.0271241664886475,
  "71": 5.979772567749023,
  "72": 6.001023769378662,
  "73": 5.997802257537842,
  "74": 6.022571802139282,
  "75": 6.044054985046387,
  "76": 6.008795261383057,
  "77": 6.043882846832275,
  "78": 6.010619640350342,
  "79": 6.07014012336731,
  "80": 6.013211250305176,
  "81": 6.020164966583252,
  "82": 6.1021130084991455,
  "83": 6.1125359535217285,
  "84": 5.999534845352173,
  "85": 6.0203351974487305,
  "86": 6.029742479324341,
  "87": 6.038896083831787,
  "88": 6.000762462615967,
  "89": 6.0496556758880615,
  "90": 6.06778621673584,
  "91": 6.053511142730713,
  "92": 6.063948392868042,
  "93": 6.017232656478882,
  "94": 6.0591278076171875,
  "95": 6.091549873352051,
  "96": 6.005550384521484,
  "97": 6.0310587882995605,
  "98": 6.020794868469238,
  "99": 6.016150712966919,
  "100": 6.043764591217041,
  "101": 6.026084899902344,
  "102": 6.031033992767334,
  "103": 6.024970769882202,
  "104": 6.031440258026123,
  "105": 6.067080020904541,
  "106": 6.070241212844849,
  "107": 6.0297932624816895,
  "108": 6.106851100921631,
  "109": 5.9996349811553955,
  "110": 5.999343395233154,
  "111": 6.014970779418945,
  "112": 6.033655405044556,
  "113": 6.008986711502075,
  "114": 6.012866973876953,
  "115": 5.994536399841309,
  "116": 6.04389762878418,
  "117": 6.001572370529175,
  "118": 6.057523012161255,
  "119": 6.028949499130249,
  "120": 6.018202304840088,
  "121": 6.051780700683594,
  "122": 6.0498926639556885,
  "123": 6.012500524520874,
  "124": 6.0355894565582275,
  "125": 6.074779987335205,
  "126": 6.001756429672241,
  "127": 6.006685256958008,
  "128": 6.029216051101685,
  "129": 6.01306676864624,
  "130": 5.983119487762451,
  "131": 6.024990081787109,
  "132": 6.065298080444336,
  "133": 6.0277321338653564,
  "134": 6.021505117416382,
  "135": 6.002262353897095,
  "136": 5.978626251220703,
  "137": 5.993837356567383,
  "138": 6.017894983291626,
  "139": 6.0808022022247314,
  "140": 6.014464378356934,
  "141": 6.024053573608398,
  "142": 5.982951402664185,
  "143": 6.064171552658081,
  "144": 6.006000280380249,
  "145": 5.972000598907471,
  "146": 6.006819725036621,
  "147": 6.042646884918213,
  "148": 6.0650622844696045,
  "149": 6.012992858886719,
  "150": 6.022607088088989,
  "151": 5.999428987503052,
  "152": 6.021101236343384,
  "153": 6.068468809127808,
  "154": 6.038464784622192,
  "155": 6.020710706710815,
  "156": 6.004965782165527,
  "157": 6.055117607116699,
  "158": 6.004982948303223,
  "159": 6.045364856719971,
  "160": 6.009933710098267,
  "161": 6.025937080383301,
  "162": 6.070208787918091,
  "163": 6.020858526229858,
  "164": 6.031347751617432,
  "165": 6.007964372634888,
  "166": 6.01876974105835,
  "167": 6.0247697830200195,
  "168": 5.9988038539886475,
  "169": 6.051558971405029,
  "170": 6.00234580039978,
  "171": 6.002450227737427,
  "172": 6.0777881145477295,
  "173": 6.023438453674316,
  "174": 6.097251892089844,
  "175": 6.068891763687134,
  "176": 6.054189205169678,
  "177": 6.037811517715454,
  "178": 6.013205528259277,
  "179": 6.026805400848389,
  "180": 6.084059715270996,
  "181": 5.991514205932617,
  "182": 6.022660493850708,
  "183": 5.985484600067139,
  "184": 5.977396011352539,
  "185": 5.978215217590332,
  "186": 6.019186496734619,
  "187": 6.030630350112915,
  "188": 6.014029264450073,
  "189": 6.019718885421753,
  "190": 6.0519068241119385,
  "191": 5.998601198196411,
  "192": 6.0212767124176025,
  "193": 6.115834712982178,
  "194": 6.004204750061035,
  "195": 6.077351331710815,
  "196": 6.001124858856201,
  "197": 6.051838397979736,
  "198": 6.01738166809082,
  "199": 6.011626958847046,
  "200": 6.013409376144409,
  "201": 5.990177154541016,
  "202": 6.036754369735718,
  "203": 6.006974935531616,
  "204": 6.045577764511108,
  "205": 6.0274505615234375,
  "206": 6.019412279129028,
  "207": 6.028811693191528,
  "208": 6.028456449508667,
  "209": 5.99117374420166,
  "210": 6.0247673988342285,
  "211": 6.0176732540130615,
  "212": 6.0326104164123535,
  "213": 6.002764940261841,
  "214": 6.049950361251831,
  "215": 6.027651309967041,
  "216": 6.011130332946777,
  "217": 6.026444435119629,
  "218": 5.987141847610474,
  "219": 5.971765518188477,
  "220": 6.071460008621216,
  "221": 6.027984380722046,
  "222": 6.016327142715454,
  "223": 6.025703191757202,
  "224": 6.049339771270752,
  "225": 6.107185125350952,
  "226": 6.058516263961792,
  "227": 6.052449703216553,
  "228": 6.047731876373291,
  "229": 5.985952138900757,
  "230": 6.014814853668213,
  "231": 6.046037435531616,
  "232": 6.004707098007202,
  "233": 6.095098972320557,
  "234": 6.0684123039245605,
  "235": 6.031318187713623,
  "236": 6.027316331863403,
  "237": 6.014591932296753,
  "238": 6.001187562942505,
  "239": 6.015501499176025,
  "240": 6.042923927307129,
  "241": 6.060738801956177,
  "242": 6.003354072570801,
  "243": 6.03097939491272,
  "244": 5.983346700668335,
  "245": 6.008270263671875,
  "246": 6.046637535095215,
  "247": 6.039557933807373,
  "248": 6.031259536743164,
  "249": 6.015919208526611,
  "250": 6.031857252120972,
  "251": 5.994794130325317,
  "252": 6.011945486068726,
  "253": 6.029839754104614,
  "254": 6.097673654556274,
  "255": 6.0244011878967285,
  "256": 6.027918338775635,
  "257": 6.016478538513184,
  "258": 6.021177053451538,
  "259": 6.0767388343811035,
  "260": 6.019657373428345,
  "261": 6.019137859344482,
  "262": 6.010178804397583,
  "263": 6.044095516204834,
  "264": 6.042445659637451,
  "265": 6.033488512039185,
  "266": 6.029239177703857,
  "267": 6.005097150802612,
  "268": 6.021134376525879,
  "269": 6.00220513343811,
  "270": 6.064945936203003,
  "271": 6.063644647598267,
  "272": 6.047785758972168,
  "273": 6.055081844329834,
  "274": 6.035754680633545,
  "275": 6.038530111312866,
  "276": 6.069787263870239,
  "277": 6.025490045547485,
  "278": 6.04029393196106,
  "279": 6.017862319946289,
  "280": 6.067509412765503,
  "281": 6.034251689910889,
  "282": 6.032965660095215,
  "283": 6.005853652954102,
  "284": 6.005367755889893,
  "285": 6.023775815963745,
  "286": 6.021355152130127,
  "287": 6.06850266456604,
  "288": 5.989763259887695,