{
  "1": 7.8868937492370605,
  "2": 5.152682065963745,
  "3": 5.024492979049683,
  "4": 5.13303804397583,
  "5": 4.976985216140747,
  "6": 4.9407055377960205,
  "7": 4.9624693393707275,
  "8": 4.961765766143799,
  "9": 5.044281482696533,
  "10": 5.097310304641724,
  "11": 4.890614748001099,
  "12": 4.929898738861084,
  "13": 4.870708227157593,
  "14": 4.935961008071899,
  "15": 4.951347351074219,
  "16": 4.968896865844727,
  "17": 4.937516450881958,
  "18": 4.963810205459595,
  "19": 4.956830978393555,
  "20": 4.899512529373169,
  "21": 4.851845026016235,
  "22": 4.977115154266357,
  "23": 4.930425643920898,
  "24": 5.071864604949951,
  "25": 4.932844877243042,
  "26": 4.959423542022705,
  "27": 4.937352657318115,
  "28": 4.9594879150390625,
  "29": 5.012882947921753,
  "30": 4.966049671173096,
  "31": 4.947118043899536,
  "32": 4.997527122497559,
  "33": 5.0145347118377686,
  "34": 4.972257137298584,
  "35": 5.034231424331665,
  "36": 5.031928777694702,
  "37": 4.987730026245117,
  "38": 5.030565500259399,
  "39": 4.95036506652832,
  "40": 4.9908766746521,
  "41": 4.991623640060425,
  "42": 4.858692169189453,
  "43": 4.934228420257568,
  "44": 4.961413145065308,
  "45": 4.9248340129852295,
  "46": 4.953747987747192,
  "47": 4.953017711639404,
  "48": 4.969277858734131,
  "49": 5.056839227676392,
  "50": 4.96471381187439,
  "51": 4.9262855052948,
  "52": 5.008781671524048,
  "53": 5.166051864624023,
  "54": 5.063781261444092,
  "55": 5.116148233413696,
  "56": 5.132116794586182,
  "57": 5.124696254730225,
  "58": 5.092264175415039,
  "59": 5.134388208389282,
  "60": 5.142879009246826,
  "61": 5.067236661911011,
  "62": 5.117979526519775,
  "63": 5.1231467723846436,
  "64": 5.112531661987305,
  "65": 4.974224090576172,
  "66": 4.8340418338775635,
  "67": 4.952374219894409,
  "68": 5.079025983810425,
  "69": 5.035019159317017,
  "70": 5.02211594581604,
  "71": 5.018998861312866,
  "72": 4.962728261947632,
  "73": 4.946885824203491,
  "74": 5.01496148109436,
  "75": 4.9704813957214355,
  "76": 4.985924005508423,
  "77": 5.026565074920654,
  "78": 4.994020223617554,
  "79": 5.085743188858032,
  "80": 5.008342504501343,
  "81": 4.984342575073242,
  "82": 5.025325059890747,
  "83": 5.086893081665039,
  "84": 4.946688652038574,
  "85": 4.8904314041137695,
  "86": 5.007359743118286,
  "87": 4.99239182472229,
  "88": 4.9364094734191895,
  "89": 5.084597110748291,
  "90": 4.993658781051636,
  "91": 4.988959789276123,
  "92": 4.964290380477905,
  "93": 4.958443641662598,
  "94": 4.954922199249268,
  "95": 5.059009075164795,
  "96": 4.826905727386475,
  "97": 4.935019254684448,
  "98": 4.946278095245361,
  "99": 4.963873386383057,
  "100": 4.9477832317352295,
  "101": 4.952277660369873,
  "102": 4.9308953285217285,
  "103": 4.994141340255737,
  "104": 5.012286901473999,
  "105": 4.956569194793701,
  "106": 4.86169695854187,
  "107": 4.9390974044799805,
  "108": 5.070469617843628,
  "109": 4.959229230880737,
  "110": 4.954525947570801,
  "111": 4.9468817710876465,
  "112": 4.961312294006348,
  "113": 4.97094988822937,
  "114": 4.924267530441284,
  "115": 4.8883631229400635,
  "116": 4.845804452896118,
  "117": 4.928722858428955,
  "118": 4.997496843338013,
  "119": 4.949690580368042,
  "120": 4.952916145324707,
  "121": 4.994302749633789,
  "122": 4.876081943511963,
  "123": 4.836082696914673,
  "124": 4.847628831863403,
  "125": 4.934825420379639,
  "126": 4.850104331970215,
  "127": 4.8534464836120605,
  "128": 4.949891090393066,
  "129": 4.853730201721191,
  "130": 4.884528636932373,
  "131": 4.8352906703948975,
  "132": 4.9555487632751465,
  "133": 4.84081244468689,
  "134": 4.825874328613281,
  "135": 4.92922568321228,
  "136": 4.937555551528931,
  "137": 4.879798889160156,
  "138": 4.934874057769775,
  "139": 4.985619783401489,
  "140": 4.9522857666015625,
  "141": 4.9588024616241455,
  "142": 4.91694188117981,
  "143": 4.987706422805786,
  "144": 4.977354526519775,
  "145": 4.953901052474976,
  "146": 4.987581968307495,
  "147": 4.999197483062744,
  "148": 4.972254514694214,
  "149": 4.9001100063323975,
  "150": 4.871385097503662,
  "151": 4.861117839813232,
  "152": 4.856890439987183,
  "153": 4.951677560806274,
  "154": 4.838566541671753,
  "155": 4.855793476104736,
  "156": 4.816997289657593,
  "157": 4.9570207595825195,
  "158": 4.934015274047852,
  "159": 4.855743646621704,
  "160": 4.849591493606567,
  "161": 4.961525917053223,
  "162": 4.9671642780303955,
  "163": 4.8817267417907715,
  "164": 4.940032720565796,
  "165": 4.9003705978393555,
  "166": 4.942591428756714,
  "167": 4.91682243347168,
  "168": 4.945808410644531,
  "169": 4.907456874847412,
  "170": 4.9297966957092285,
  "171": 4.906236886978149,
  "172": 4.86843204498291,
  "173": 4.984808683395386,
  "174": 5.156182527542114,
  "175": 5.659690618515015,
  "176": 5.170933485031128,
  "177": 4.98942494392395,
  "178": 5.004633188247681,
  "179": 4.964899778366089,
  "180": 5.061358213424683,
  "181": 4.949131965637207,
  "182": 4.970047950744629,
  "183": 4.9543092250823975,
  "184": 4.897504568099976,
  "185": 4.866122722625732,
  "186": 4.868484020233154,
  "187": 4.913644552230835,
  "188": 4.852717161178589,
  "189": 4.81200385093689,
  "190": 4.886733770370483,
  "191": 4.846473932266235,
  "192": 4.866703271865845,
  "193": 4.912365198135376,
  "194": 4.690652370452881,
  "195": 4.90878701210022,
  "196": 4.847247838973999,
  "197": 4.917917251586914,
  "198": 4.871464729309082,
  "199": 4.861804008483887,
  "200": 4.857486248016357,
  "201": 4.839688062667847,
  "202": 4.912928819656372,
  "203": 4.870204210281372,
  "204": 4.928362131118774,
  "205": 4.8782877922058105,
  "206": 4.861755132675171,
  "207": 4.888365268707275,
  "208": 4.880862712860107,
  "209": 4.884076356887817,
  "210": 4.72030782699585,
  "211": 4.864128112792969,
  "212": 4.886000871658325,
  "213": 4.863736152648926,
  "214": 4.90149998664856,
  "215": 4.882485866546631,
  "216": 4.872786998748779,
  "217": 4.900983810424805,
  "218": 4.876258850097656,
  "219": 4.841756105422974,
  "220": 4.939138889312744,
  "221": 4.8785011768341064,
  "222": 4.850929021835327,
  "223": 4.91536545753479,
  "224": 4.9024293422698975,
  "225": 4.946350574493408,
  "226": 4.923177480697632,
  "227": 4.895129919052124,
  "228": 4.9012062549591064,
  "229": 4.841504335403442,
  "230": 4.865391492843628,
  "231": 4.925219774246216,
  "232": 4.862321853637695,
  "233": 4.979164123535156,
  "234": 4.9096643924713135,
  "235": 5.024176836013794,
  "236": 4.9600510597229,
  "237": 4.965558052062988,
  "238": 5.023483514785767,
  "239": 4.980879068374634,
  "240": 4.998741388320923,
  "241": 5.009073257446289,
  "242": 4.9795920848846436,
  "243": 4.9717583656311035,
  "244": 4.909557819366455,
  "245": 4.924533843994141,
  "246": 4.972488880157471,
  "247": 4.950773477554321,
  "248": 4.93091607093811,
  "249": 4.898838996887207,
  "250": 4.905141830444336,
  "251": 4.895685911178589,
  "252": 4.931291103363037,
  "253": 4.909304141998291,
  "254": 5.020622491836548,
  "255": 4.964730262756348,
  "256": 4.911311149597168,
  "257": 4.88614559173584,
  "258": 4.913768529891968,
  "259": 4.916494846343994,
  "260": 4.907087087631226,
  "261": 4.9004857540130615,
  "262": 4.88344931602478,
  "263": 4.9032652378082275,
  "264": 4.904406309127808,
  "265": 4.90661883354187,
  "266": 4.966579914093018,
  "267": 4.936308860778809,
  "268": 4.910651445388794,
  "269": 4.848308801651001,
  "270": 4.925682067871094,
  "271": 4.913775682449341,
  "272": 4.916171550750732,
  "273": 4.902997016906738,
  "274": 4.884987831115723,
  "275": 4.900484323501587,
  "276": 4.921991348266602,
  "277": 4.868199825286865,
  "278": 4.8612260818481445,
  "279": 4.913323163986206,
  "280": 4.928681373596191,
  "281": 4.9251017570495605,
  "282": 4.896355867385864,
  "283": 4.868375062942505,
  "284": 4.84538722038269,
  "285": 4.884160280227661,
  "286": 4.879478931427002,
  "287": 4.950992822647095,
  "288": 4.845838308334351,
  "289": 4.885258674621582,