{
  "1": 10.828992366790771,
  "2": 6.153403997421265,
  "3": 6.376526117324829,
  "4": 6.207009553909302,
  "5": 6.124105453491211,
  "6": 6.112332582473755,
  "7": 6.250243186950684,
  "8": 6.295258522033691,
  "9": 6.12310528755188,
  "10": 6.399612665176392,
  "11": 6.290543794631958,
  "12": 6.050775527954102,
  "13": 6.330091953277588,
  "14": 6.304530620574951,
  "15": 6.090083360671997,
  "16": 6.4246320724487305,
  "17": 6.608593940734863,
  "18": 6.177438020706177,
  "19": 6.254883527755737,
  "20": 6.242406368255615,
  "21": 5.949789047241211,
  "22": 6.267644643783569,
  "23": 6.206955432891846,
  "24": 6.0857932567596436,
  "25": 6.16724419593811,
  "26": 6.253000974655151,
  "27": 6.1025025844573975,
  "28": 6.042026042938232,
  "29": 6.326542377471924,
  "30": 6.257563352584839,
  "31": 5.99735951423645,
  "32": 6.4870429039001465,
  "33": 6.21378231048584,
  "34": 6.0629448890686035,
  "35": 6.1274943351745605,
  "36": 6.3697733879089355,
  "37": 6.153013706207275,
  "38": 6.215428352355957,
  "39": 6.34389328956604,
  "40": 6.249460220336914,
  "41": 6.29921555519104,
  "42": 6.103185653686523,
  "43": 6.002684116363525,
  "44": 6.255704879760742,
  "45": 6.121026515960693,
  "46": 6.295061349868774,
  "47": 6.1498401165008545,
  "48": 6.242289781570435,
  "49": 6.069156885147095,
  "50": 6.164049863815308,
  "51": 6.2554771900177,
  "52": 6.051963806152344,
  "53": 6.086941719055176,
  "54": 6.203733682632446,
  "55": 6.149382829666138,
  "56": 6.22889518737793,
  "57": 6.045308351516724,
  "58": 6.045945405960083,
  "59": 6.188268184661865,
  "60": 6.164244651794434,
  "61": 6.39938759803772,
  "62": 6.114004611968994,
  "63": 6.213972330093384,
  "64": 6.194827318191528,
  "65": 6.158293008804321,
  "66": 6.18634033203125,
  "67": 6.1308324337005615,
  "68": 6.278400897979736,
  "69": 6.196917772293091,
  "70": 6.154241561889648,
  "71": 6.035590887069702,
  "72": 6.074998378753662,
  "73": 6.065834283828735,
  "74": 6.236954212188721,
  "75": 6.169018507003784,
  "76": 6.447069883346558,
  "77": 6.3450562953948975,
  "78": 6.0887839794158936,
  "79": 6.3382790088653564,
  "80": 6.362755298614502,
  "81": 6.109867095947266,
  "82": 6.382579803466797,
  "83": 6.3561179637908936,
  "84": 6.199960708618164,
  "85": 6.304772615432739,
  "86": 6.024758815765381,
  "87": 6.122461557388306,
  "88": 6.186681270599365,
  "89": 6.14908766746521,
  "90": 6.315282583236694,
  "91": 6.357051610946655,
  "92": 6.1454551219940186,
  "93": 5.999716281890869,
  "94": 6.290022611618042,
  "95": 6.220599174499512,
  "96": 6.066060781478882,
  "97": 6.246264219284058,
  "98": 6.0373430252075195,
  "99": 6.073370456695557,
  "100": 6.264652490615845,
  "101": 6.051526069641113,
  "102": 6.176339626312256,
  "103": 6.191082000732422,
  "104": 5.9852235317230225,
  "105": 6.152015686035156,
  "106": 6.133697271347046,
  "107": 6.319578170776367,
  "108": 6.1230552196502686,
  "109": 6.140740156173706,
  "110": 5.97074031829834,
  "111": 5.957191705703735,
  "112": 6.037064552307129,
  "113": 6.158150672912598,
  "114": 6.17665958404541,
  "115": 5.966418743133545,
  "116": 5.982878684997559,
  "117": 5.996375560760498,
  "118": 6.125097274780273,
  "119": 6.167552947998047,
  "120": 6.022257566452026,
  "121": 5.968238592147827,
  "122": 6.182165145874023,
  "123": 5.995182752609253,
  "124": 6.190164089202881,
  "125": 6.122710227966309,
  "126": 6.2876293659210205,
  "127": 5.918079853057861,
  "128": 6.192036390304565,
  "129": 6.094054460525513,
  "130": 6.149551153182983,
  "131": 6.162150859832764,
  "132": 6.091026067733765,
  "133": 6.183490037918091,
  "134": 6.070608139038086,
  "135": 6.1272406578063965,
  "136": 5.901748895645142,
  "137": 6.064453601837158,
  "138": 5.9154980182647705,
  "139": 6.32421875,
  "140": 6.117857456207275,
  "141": 6.157289266586304,
  "142": 6.444781303405762,
  "143": 6.2001636028289795,
  "144": 6.0263142585754395,
  "145": 5.9743757247924805,
  "146": 6.04105806350708,
  "147": 6.239575624465942,
  "148": 6.063448190689087,
  "149": 6.410127401351929,
  "150": 6.1140055656433105,
  "151": 6.152297258377075,
  "152": 5.957827568054199,
  "153": 6.3112804889678955,
  "154": 6.20833683013916,
  "155": 6.002141237258911,
  "156": 6.013065814971924,
  "157": 6.166791200637817,
  "158": 6.194399356842041,
  "159": 6.1239519119262695,
  "160": 5.900963544845581,
  "161": 6.228211402893066,
  "162": 6.1853814125061035,
  "163": 6.1633312702178955,
  "164": 6.166229724884033,
  "165": 6.0152363777160645,
  "166": 6.292639255523682,
  "167": 6.015423059463501,
  "168": 6.023113489151001,
  "169": 6.194391965866089,
  "170": 6.150622606277466,
  "171": 5.935754060745239,
  "172": 6.519965887069702,
  "173": 6.149551868438721,
  "174": 6.191255807876587,
  "175": 6.212138652801514,
  "176": 6.171733140945435,
  "177": 6.15754246711731,
  "178": 6.070200204849243,
  "179": 6.219685077667236,
  "180": 6.280657529830933,
  "181": 6.029510974884033,
  "182": 6.078272342681885,
  "183": 5.979909896850586,
  "184": 5.9756505489349365,
  "185": 5.950505495071411,
  "186": 6.229371070861816,
  "187": 5.875657796859741,
  "188": 6.126537561416626,
  "189": 6.289204359054565,
  "190": 6.069015741348267,
  "191": 5.991307497024536,
  "192": 6.0733373165130615,
  "193": 6.1762375831604,
  "194": 5.920485496520996,
  "195": 6.120262861251831,
  "196": 6.124934434890747,
  "197": 6.313136339187622,
  "198": 6.11746883392334,
  "199": 5.937824249267578,
  "200": 5.929977178573608,
  "201": 5.815799713134766,
  "202": 6.280527830123901,
  "203": 5.912817716598511,
  "204": 6.147864580154419,
  "205": 5.945456266403198,
  "206": 6.135376930236816,
  "207": 6.171884298324585,
  "208": 6.039825201034546,
  "209": 5.89265513420105,
  "210": 5.921902418136597,
  "211": 6.0788044929504395,
  "212": 6.053386449813843,
  "213": 6.115909576416016,
  "214": 6.079056978225708,
  "215": 6.053431272506714,
  "216": 5.998394012451172,
  "217": 6.044359922409058,
  "218": 6.035044431686401,
  "219": 5.923954010009766,
  "220": 5.974614858627319,
  "221": 5.953811883926392,
  "222": 5.886972904205322,
  "223": 6.142983436584473,
  "224": 6.002124786376953,
  "225": 5.996037483215332,
  "226": 5.996350526809692,
  "227": 6.178687810897827,
  "228": 6.058432579040527,
  "229": 6.0676703453063965,
  "230": 6.015777587890625,
  "231": 6.002148389816284,
  "232": 6.050374984741211,
  "233": 6.242211818695068,
  "234": 6.262988805770874,
  "235": 6.426738977432251,
  "236": 6.102332353591919,
  "237": 5.9916627407073975,
  "238": 6.151158094406128,
  "239": 6.022058486938477,
  "240": 6.1324779987335205,
  "241": 5.9677441120147705,
  "242": 6.184598445892334,
  "243": 6.062036037445068,
  "244": 6.277263879776001,
  "245": 6.040385723114014,
  "246": 6.187031507492065,
  "247": 6.220877647399902,
  "248": 6.230092763900757,
  "249": 6.11399245262146,
  "250": 6.198873043060303,
  "251": 6.1166932582855225,
  "252": 6.269654273986816,
  "253": 6.059462547302246,
  "254": 6.268656492233276,
  "255": 6.196226596832275,
  "256": 5.977834463119507,
  "257": 6.132524490356445,
  "258": 6.122399806976318,
  "259": 6.218380928039551,
  "260": 6.297087907791138,
  "261": 6.1341047286987305,
  "262": 6.37501335144043,
  "263": 6.264666795730591,
  "264": 6.074681997299194,
  "265": 6.065277338027954,
  "266": 6.048216819763184,
  "267": 6.040832042694092,
  "268": 6.118086099624634,
  "269": 6.04344630241394,
  "270": 6.026409864425659,
  "271": 6.472911834716797,
  "272": 5.958367347717285,
  "273": 5.916865348815918,
  "274": 5.862594127655029,
  "275": 6.072207927703857,
  "276": 6.280248641967773,
  "277": 5.955735921859741,
  "278": 5.928786277770996,
  "279": 5.945895671844482,
  "280": 5.936537027359009,
  "281": 5.988740682601929,
  "282": 5.902751684188843,
  "283": 5.864530086517334,
  "284": 5.954835653305054,
  "285": 5.87480092048645,
  "286": 5.917746543884277,
  "287": 6.12784481048584,
  "288": 6.137254476547241,
  "289": 6.149590253829956,