{
  "1": 7.299546241760254,
  "2": 3.0285682678222656,
  "3": 3.0227036476135254,
  "4": 3.1155591011047363,
  "5": 3.0158677101135254,
  "6": 3.029311180114746,
  "7": 3.0927250385284424,
  "8": 3.036100149154663,
  "9": 3.03367018699646,
  "10": 3.0470902919769287,
  "11": 3.0270614624023438,
  "12": 3.0099985599517822,
  "13": 3.1010100841522217,
  "14": 3.116330623626709,
  "15": 3.0195930004119873,
  "16": 3.053194522857666,
  "17": 3.0312068462371826,
  "18": 3.0366108417510986,
  "19": 3.039978504180908,
  "20": 3.132232189178467,
  "21": 3.021834373474121,
  "22": 3.0648033618927,
  "23": 2.995819091796875,
  "24": 3.0252389907836914,
  "25": 3.0252833366394043,
  "26": 3.0515594482421875,
  "27": 3.112992286682129,
  "28": 3.0448529720306396,
  "29": 3.029792070388794,
  "30": 3.0114834308624268,
  "31": 3.015876531600952,
  "32": 3.0369038581848145,
  "33": 3.0809664726257324,
  "34": 3.0615429878234863,
  "35": 2.9957351684570312,
  "36": 3.022469997406006,
  "37": 3.0123751163482666,
  "38": 3.029322862625122,
  "39": 3.026625633239746,
  "40": 3.197141408920288,
  "41": 3.022803544998169,
  "42": 3.0215442180633545,
  "43": 3.0098836421966553,
  "44": 3.02453875541687,
  "45": 3.0388200283050537,
  "46": 3.193981647491455,
  "47": 3.0949668884277344,
  "48": 3.022826671600342,
  "49": 3.0239503383636475,
  "50": 3.0242135524749756,
  "51": 3.0171093940734863,
  "52": 3.0506439208984375,
  "53": 3.105553388595581,
  "54": 3.0247344970703125,
  "55": 3.037527322769165,
  "56": 3.029168128967285,
  "57": 3.0378096103668213,
  "58": 3.0615344047546387,
  "59": 3.048676013946533,
  "60": 3.0447916984558105,
  "61": 3.0140137672424316,
  "62": 3.028855562210083,
  "63": 3.0348281860351562,
  "64": 3.072150468826294,
  "65": 3.0542101860046387,
  "66": 3.0447189807891846,
  "67": 3.0407564640045166,
  "68": 3.0349199771881104,
  "69": 3.0410819053649902,
  "70": 3.057689905166626,
  "71": 3.0206592082977295,
  "72": 3.0658175945281982,
  "73": 3.067730665206909,
  "74": 2.9817349910736084,
  "75": 3.0343739986419678,
  "76": 3.1099953651428223,
  "77": 3.029280424118042,
  "78": 3.0434978008270264,
  "79": 3.0405235290527344,
  "80": 3.0798444747924805,
  "81": 3.017052173614502,
  "82": 3.1461901664733887,
  "83": 3.0366673469543457,
  "84": 3.05690598487854,
  "85": 3.2240102291107178,
  "86": 3.150883674621582,
  "87": 3.1761281490325928,
  "88": 3.1398048400878906,
  "89": 3.0332956314086914,
  "90": 3.0370874404907227,
  "91": 3.0374233722686768,
  "92": 3.027202844619751,
  "93": 3.159005641937256,
  "94": 3.2158353328704834,
  "95": 3.207263708114624,
  "96": 3.013683557510376,
  "97": 3.0521881580352783,
  "98": 3.0042617321014404,
  "99": 3.0948917865753174,
  "100": 3.076171875,
  "101": 3.0168919563293457,
  "102": 3.027280807495117,
  "103": 3.033294677734375,
  "104": 3.0202348232269287,
  "105": 3.015523910522461,
  "106": 3.1686458587646484,
  "107": 3.025317907333374,
  "108": 3.044255018234253,
  "109": 3.0420045852661133,
  "110": 3.001509428024292,
  "111": 3.021155595779419,
  "112": 3.0270156860351562,
  "113": 3.144721746444702,
  "114": 3.0324604511260986,
  "115": 3.0631377696990967,
  "116": 3.1046226024627686,
  "117": 3.0346317291259766,
  "118": 3.0562593936920166,
  "119": 3.1210155487060547,
  "120": 2.9874157905578613,
  "121": 3.0256941318511963,
  "122": 3.0459542274475098,
  "123": 3.0049376487731934,
  "124": 3.0448102951049805,
  "125": 3.1193654537200928,
  "126": 3.049027681350708,
  "127": 3.0246543884277344,
  "128": 3.0562727451324463,
  "129": 2.9987542629241943,
  "130": 3.019087791442871,
  "131": 3.051337957382202,
  "132": 3.048654079437256,
  "133": 3.017852306365967,
  "134": 3.005749225616455,
  "135": 3.0429885387420654,
  "136": 3.02498197555542,
  "137": 3.0935561656951904,
  "138": 3.089308500289917,
  "139": 3.030971050262451,
  "140": 3.011583089828491,
  "141": 3.0184216499328613,
  "142": 3.0357048511505127,
  "143": 3.062264919281006,
  "144": 3.136789560317993,
  "145": 3.010223388671875,
  "146": 3.02184796333313,
  "147": 3.0100631713867188,
  "148": 3.0486509799957275,
  "149": 3.066171646118164,
  "150": 2.9966304302215576,
  "151": 3.0541045665740967,
  "152": 3.0182502269744873,
  "153": 3.0274558067321777,
  "154": 3.0210039615631104,
  "155": 3.116353988647461,
  "156": 3.0391457080841064,
  "157": 3.108837604522705,
  "158": 3.02551531791687,
  "159": 3.0100245475769043,
  "160": 3.017072916030884,
  "161": 3.165189027786255,
  "162": 3.0464701652526855,
  "163": 3.033323287963867,
  "164": 3.101313829421997,
  "165": 3.027489185333252,
  "166": 3.01430606842041,
  "167": 3.1151928901672363,
  "168": 3.0121023654937744,
  "169": 3.017086982727051,
  "170": 3.1407744884490967,
  "171": 3.0003230571746826,
  "172": 3.054105043411255,
  "173": 3.1472725868225098,
  "174": 3.084444046020508,
  "175": 3.038519859313965,
  "176": 3.1706559658050537,
  "177": 3.0472607612609863,
  "178": 3.015005588531494,
  "179": 3.0562736988067627,
  "180": 3.0954172611236572,
  "181": 3.0084474086761475,
  "182": 3.019819498062134,
  "183": 3.1500296592712402,
  "184": 3.006739616394043,
  "185": 3.038789987564087,
  "186": 3.034756898880005,
  "187": 3.0469741821289062,
  "188": 3.0336387157440186,
  "189": 3.0120465755462646,
  "190": 3.098728895187378,
  "191": 3.1102724075317383,
  "192": 3.0333375930786133,
  "193": 3.0458993911743164,
  "194": 3.011019468307495,
  "195": 3.0233237743377686,
  "196": 3.039247751235962,
  "197": 3.066070079803467,
  "198": 3.0183475017547607,
  "199": 3.0434157848358154,
  "200": 3.0111405849456787,
  "201": 3.005223274230957,
  "202": 3.0064284801483154,
  "203": 3.129241466522217,
  "204": 3.0537304878234863,
  "205": 3.0336194038391113,
  "206": 3.0067272186279297,
  "207": 3.0139594078063965,
  "208": 3.013516664505005,
  "209": 3.0157151222229004,
  "210": 3.1507856845855713,
  "211": 3.0893733501434326,
  "212": 3.0201406478881836,
  "213": 3.021209239959717,
  "214": 3.028860330581665,
  "215": 3.0228939056396484,
  "216": 3.170902967453003,
  "217": 3.07967472076416,
  "218": 2.99678897857666,
  "219": 3.0068721771240234,
  "220": 3.0262844562530518,
  "221": 3.01236891746521,
  "222": 3.073484420776367,
  "223": 3.1248276233673096,
  "224": 3.041140079498291,
  "225": 3.0351438522338867,
  "226": 3.018662214279175,
  "227": 3.0948386192321777,
  "228": 3.0230774879455566,
  "229": 3.0498359203338623,
  "230": 3.063119411468506,
  "231": 3.039717674255371,
  "232": 3.0057005882263184,
  "233": 3.1051979064941406,
  "234": 3.0448641777038574,
  "235": 3.013312816619873,
  "236": 3.215282678604126,
  "237": 3.0456254482269287,
  "238": 3.0283422470092773,
  "239": 3.0613298416137695,
  "240": 3.0196008682250977,
  "241": 3.0382320880889893,
  "242": 3.053560256958008,
  "243": 3.061763048171997,
  "244": 3.0007174015045166,
  "245": 3.0469958782196045,
  "246": 3.060072660446167,
  "247": 3.080272674560547,
  "248": 3.0719656944274902,
  "249": 3.031371831893921,
  "250": 3.046757936477661,
  "251": 3.0665087699890137,
  "252": 3.0263493061065674,
  "253": 3.0256128311157227,
  "254": 3.150301933288574,
  "255": 3.040792226791382,
  "256": 2.9960577487945557,
  "257": 3.0700652599334717,
  "258": 3.013078451156616,
  "259": 3.041149377822876,
  "260": 3.084591865539551,
  "261": 3.041713237762451,
  "262": 3.022949695587158,
  "263": 3.1217262744903564,
  "264": 3.0244007110595703,
  "265": 3.0103390216827393,
  "266": 3.0403122901916504,
  "267": 3.112089157104492,
  "268": 3.015967845916748,
  "269": 3.0927953720092773,
  "270": 3.049628496170044,
  "271": 3.0339529514312744,
  "272": 3.032060146331787,
  "273": 3.201904535293579,
  "274": 3.068413496017456,
  "275": 3.0692474842071533,
  "276": 3.0454161167144775,
  "277": 3.041285753250122,
  "278": 3.0425000190734863,
  "279": 3.031404972076416,
  "280": 3.1791200637817383,
  "281": 3.0304062366485596,
  "282": 3.0311427116394043,
  "283": 3.024885654449463,
  "284": 3.0165674686431885,