{
  "average_f1": 0.42409227994227994,
  "average_f1_percent": 42.41,
  "total_evaluated": 500,
  "per_super_category": {
    "2hop": {
      "average_f1": 0.4493573406879858,
      "average_f1_percent": 44.94,
      "total_evaluated": 248
    },
    "answerable": {
      "average_f1": 0.4701537999037999,
      "average_f1_percent": 47.02,
      "total_evaluated": 300
    },
    "3hop": {
      "average_f1": 0.4470143712876271,
      "average_f1_percent": 44.7,
      "total_evaluated": 172
    },
    "4hop": {
      "average_f1": 0.2964880952380953,
      "average_f1_percent": 29.65,
      "total_evaluated": 80
    },
    "unanswerable": {
      "average_f1": 0.355,
      "average_f1_percent": 35.5,
      "total_evaluated": 200
    }
  }
}