{
  "1": 11.941124439239502,
  "2": 6.089153528213501,
  "3": 6.219595193862915,
  "4": 6.408723831176758,
  "5": 6.135826826095581,
  "6": 5.799322128295898,
  "7": 5.690728425979614,
  "8": 5.992286920547485,
  "9": 5.717865943908691,
  "10": 5.7663373947143555,
  "11": 6.076393127441406,
  "12": 5.710219621658325,
  "13": 5.684436082839966,
  "14": 6.10370397567749,
  "15": 5.780184268951416,
  "16": 5.741802930831909,
  "17": 6.094490051269531,
  "18": 5.754760503768921,
  "19": 5.711676120758057,
  "20": 5.966335773468018,
  "21": 5.691954135894775,
  "22": 5.740464687347412,
  "23": 5.900945425033569,
  "24": 5.965493679046631,
  "25": 6.177157640457153,
  "26": 6.121644735336304,
  "27": 6.062895059585571,
  "28": 6.115139484405518,
  "29": 6.04825496673584,
  "30": 6.17983603477478,
  "31": 6.309105157852173,
  "32": 6.179820537567139,
  "33": 6.030765771865845,
  "34": 6.118401288986206,
  "35": 6.026723384857178,
  "36": 6.171206951141357,
  "37": 6.069989204406738,
  "38": 6.044206857681274,
  "39": 6.38722825050354,
  "40": 6.130170822143555,
  "41": 6.2100746631622314,
  "42": 6.13750958442688,
  "43": 5.998968601226807,
  "44": 6.157469749450684,
  "45": 6.206789016723633,
  "46": 6.030882358551025,
  "47": 6.257280588150024,
  "48": 6.024832487106323,
  "49": 6.119476556777954,
  "50": 6.137642860412598,
  "51": 5.993130683898926,
  "52": 6.145236968994141,
  "53": 6.1437952518463135,
  "54": 6.098869800567627,
  "55": 5.9595513343811035,
  "56": 6.152796745300293,
  "57": 5.97546124458313,
  "58": 6.046592473983765,
  "59": 6.343077182769775,
  "60": 6.082798719406128,
  "61": 5.930048942565918,
  "62": 5.986015558242798,
  "63": 6.057145357131958,
  "64": 6.316711902618408,
  "65": 6.06282114982605,
  "66": 6.128618001937866,
  "67": 6.009163856506348,
  "68": 6.232709646224976,
  "69": 6.15259861946106,
  "70": 5.955599546432495,
  "71": 6.011258363723755,
  "72": 6.004125118255615,
  "73": 5.973176002502441,
  "74": 6.161231517791748,
  "75": 6.108570098876953,
  "76": 5.998994827270508,
  "77": 6.121829509735107,
  "78": 6.066183090209961,
  "79": 5.97926139831543,
  "80": 5.949443817138672,
  "81": 5.989209175109863,
  "82": 6.482121706008911,
  "83": 6.176061153411865,
  "84": 6.06417989730835,
  "85": 6.062185287475586,
  "86": 6.038344621658325,
  "87": 6.052382230758667,
  "88": 6.077308654785156,
  "89": 6.088007211685181,
  "90": 6.101767539978027,
  "91": 6.135244846343994,
  "92": 6.045892000198364,
  "93": 6.082912921905518,
  "94": 6.044423580169678,
  "95": 6.117141246795654,
  "96": 5.962218761444092,
  "97": 6.030578136444092,
  "98": 6.080128192901611,
  "99": 6.035945177078247,
  "100": 5.9690423011779785,
  "101": 6.051491737365723,
  "102": 6.084766149520874,
  "103": 6.08219313621521,
  "104": 6.036889314651489,
  "105": 6.184291839599609,
  "106": 6.19732666015625,
  "107": 6.060306549072266,
  "108": 6.10498833656311,
  "109": 5.982923269271851,
  "110": 6.061313152313232,
  "111": 6.070820331573486,
  "112": 6.184295177459717,
  "113": 6.062722444534302,
  "114": 6.037312984466553,
  "115": 5.930148363113403,
  "116": 6.060426473617554,
  "117": 5.93918776512146,
  "118": 6.010700941085815,
  "119": 5.946547508239746,
  "120": 6.097832441329956,
  "121": 6.100099325180054,
  "122": 6.116650104522705,
  "123": 6.297501564025879,
  "124": 6.216359615325928,
  "125": 6.1656060218811035,
  "126": 6.148753881454468,
  "127": 6.263905048370361,
  "128": 6.23990535736084,
  "129": 6.248213052749634,
  "130": 6.13376522064209,
  "131": 6.166580677032471,
  "132": 6.175950050354004,
  "133": 6.298832178115845,
  "134": 6.115588665008545,
  "135": 6.0033042430877686,
  "136": 6.024304389953613,
  "137": 5.910498142242432,
  "138": 5.956098794937134,
  "139": 6.039448976516724,
  "140": 5.966590166091919,
  "141": 6.111926317214966,
  "142": 6.002185821533203,
  "143": 6.250796794891357,
  "144": 6.154307842254639,
  "145": 6.157482862472534,
  "146": 6.101834535598755,
  "147": 6.145049571990967,
  "148": 6.144136905670166,
  "149": 6.118757247924805,
  "150": 6.074185609817505,
  "151": 6.03165864944458,
  "152": 5.965527296066284,
  "153": 6.1011271476745605,
  "154": 5.677029371261597,
  "155": 5.853885173797607,
  "156": 5.663573265075684,
  "157": 5.704620599746704,
  "158": 5.641824007034302,
  "159": 5.7107954025268555,
  "160": 5.664803504943848,
  "161": 5.680119276046753,
  "162": 5.728772878646851,
  "163": 5.6839518547058105,
  "164": 5.6680498123168945,
  "165": 5.662084102630615,
  "166": 5.923654556274414,
  "167": 5.682656288146973,
  "168": 5.665570020675659,
  "169": 5.685320615768433,
  "170": 5.656172513961792,
  "171": 5.656116485595703,
  "172": 5.723775863647461,
  "173": 5.923184871673584,
  "174": 6.333716154098511,
  "175": 6.367425441741943,
  "176": 6.270117521286011,
  "177": 6.584523916244507,
  "178": 6.328841686248779,
  "179": 6.236783266067505,
  "180": 6.229878664016724,
  "181": 6.333231449127197,
  "182": 6.252218246459961,
  "183": 6.239872217178345,
  "184": 6.157200574874878,
  "185": 6.0515546798706055,
  "186": 6.293569803237915,
  "187": 6.187481880187988,
  "188": 6.164979934692383,
  "189": 6.331614971160889,
  "190": 6.184521198272705,
  "191": 6.35629940032959,
  "192": 6.154851675033569,
  "193": 6.38993239402771,
  "194": 6.233465194702148,
  "195": 6.2768049240112305,
  "196": 6.205173015594482,
  "197": 6.116438865661621,
  "198": 6.17674446105957,
  "199": 6.2893126010894775,
  "200": 6.3387391567230225,
  "201": 6.108550548553467,
  "202": 6.231884956359863,
  "203": 6.094336748123169,
  "204": 6.281959533691406,
  "205": 6.042006492614746,
  "206": 6.128168821334839,
  "207": 6.091886520385742,
  "208": 6.198041677474976,
  "209": 6.135535717010498,
  "210": 6.2263054847717285,
  "211": 6.111839294433594,
  "212": 6.021471261978149,
  "213": 6.2188239097595215,
  "214": 6.040009260177612,
  "215": 6.1942222118377686,
  "216": 5.986094236373901,
  "217": 6.038853645324707,
  "218": 6.120197534561157,
  "219": 5.954883813858032,
  "220": 6.196304798126221,
  "221": 5.830472946166992,
  "222": 6.3693296909332275,
  "223": 6.268148899078369,
  "224": 6.200796365737915,
  "225": 6.394859313964844,
  "226": 6.456976652145386,
  "227": 6.267390966415405,
  "228": 6.326229095458984,
  "229": 6.108976602554321,
  "230": 6.460316181182861,
  "231": 6.249633073806763,
  "232": 6.055608034133911,
  "233": 6.224097728729248,
  "234": 6.059585809707642,
  "235": 6.219902038574219,
  "236": 5.984508752822876,
  "237": 6.051713228225708,
  "238": 6.032732725143433,
  "239": 6.002552509307861,
  "240": 6.090071201324463,
  "241": 5.94106912612915,
  "242": 6.004261493682861,
  "243": 6.051428556442261,
  "244": 5.918559312820435,
  "245": 5.974024057388306,
  "246": 6.107902765274048,
  "247": 6.129678249359131,
  "248": 6.034345865249634,
  "249": 6.108274459838867,
  "250": 6.037541627883911,
  "251": 5.937829256057739,
  "252": 5.948819398880005,
  "253": 5.954469680786133,
  "254": 6.041713237762451,
  "255": 5.887162685394287,
  "256": 6.0600714683532715,
  "257": 5.9565393924713135,
  "258": 6.026734113693237,
  "259": 6.108083486557007,
  "260": 6.08552098274231,
  "261": 6.081037998199463,
  "262": 6.087525367736816,
  "263": 6.229506731033325,
  "264": 6.196628093719482,
  "265": 6.114936113357544,
  "266": 6.187108755111694,
  "267": 6.201040267944336,
  "268": 6.132066488265991,
  "269": 6.067293643951416,
  "270": 6.2538161277771,
  "271": 6.19514799118042,
  "272": 6.181067705154419,
  "273": 6.401980638504028,
  "274": 6.141010284423828,
  "275": 6.132554769515991,
  "276": 6.237864255905151,
  "277": 6.2245330810546875,
  "278": 7.113993406295776,
  "279": 6.699434995651245,
  "280": 6.8467161655426025,
  "281": 6.569890260696411,
  "282": 6.502409219741821,
  "283": 7.0769362449646,
  "284": 6.479712724685669,
  "285": 6.316195964813232,
  "286": 6.39328670501709,
  "287": 6.36641001701355,
  "288": 6.608250856399536,
  "289": 6.514624357223511,