{
  "average_f1": 0.15371857308224143,
  "average_f1_percent": 15.37,
  "total_evaluated": 500,
  "per_super_category": {
    "2hop": {
      "average_f1": 0.18221546178955453,
      "average_f1_percent": 18.22,
      "total_evaluated": 248
    },
    "answerable": {
      "average_f1": 0.2361976218037357,
      "average_f1_percent": 23.62,
      "total_evaluated": 300
    },
    "3hop": {
      "average_f1": 0.1322458651100022,
      "average_f1_percent": 13.22,
      "total_evaluated": 172
    },
    "4hop": {
      "average_f1": 0.11154454022988505,
      "average_f1_percent": 11.15,
      "total_evaluated": 80
    },
    "unanswerable": {
      "average_f1": 0.03,
      "average_f1_percent": 3.0,
      "total_evaluated": 200
    }
  }
}