{
  "1": 66.65243005752563,
  "2": 4.763029336929321,
  "3": 6.14249849319458,
  "4": 4.86595606803894,
  "5": 4.7504565715789795,
  "6": 4.77558970451355,
  "7": 6.817027807235718,
  "8": 4.812618970870972,
  "9": 4.839508533477783,
  "10": 5.151287317276001,
  "11": 4.809560060501099,
  "12": 4.751870393753052,
  "13": 4.804228782653809,
  "14": 4.9297285079956055,
  "15": 4.7374186515808105,
  "16": 5.047421932220459,
  "17": 5.129056215286255,
  "18": 4.945319414138794,
  "19": 4.7372517585754395,
  "20": 4.779769420623779,
  "21": 4.801936149597168,
  "22": 5.111831188201904,
  "23": 4.796027421951294,
  "24": 5.046958923339844,
  "25": 4.83716344833374,
  "26": 5.020060300827026,
  "27": 4.946742296218872,
  "28": 4.851353883743286,
  "29": 5.048770427703857,
  "30": 4.8282012939453125,
  "31": 4.777014970779419,
  "32": 1.0136868953704834,
  "33": 4.7770795822143555,
  "34": 4.941675662994385,
  "35": 4.716594457626343,
  "36": 5.133611440658569,
  "37": 4.794699430465698,
  "38": 4.816324472427368,
  "39": 4.743431329727173,
  "40": 4.7846081256866455,
  "41": 5.023264169692993,
  "42": 4.856165409088135,
  "43": 4.726231336593628,
  "44": 4.928106784820557,
  "45": 4.752017021179199,
  "46": 4.798436403274536,
  "47": 4.931101083755493,
  "48": 4.849465608596802,
  "49": 4.7991783618927,
  "50": 4.798152446746826,
  "51": 4.783615589141846,
  "52": 4.743779420852661,
  "53": 5.033295154571533,
  "54": 4.929737091064453,
  "55": 4.8381242752075195,
  "56": 4.928245782852173,
  "57": 4.933745622634888,
  "58": 4.7822630405426025,
  "59": 5.119922637939453,
  "60": 4.743690252304077,
  "61": 4.734850883483887,
  "62": 4.925495624542236,
  "63": 5.001428604125977,
  "64": 5.112573623657227,
  "65": 4.931016206741333,
  "66": 4.743115425109863,
  "67": 4.837930679321289,
  "68": 4.945888996124268,
  "69": 4.842464208602905,
  "70": 4.793355464935303,
  "71": 4.709930181503296,
  "72": 4.750521183013916,
  "73": 4.7286903858184814,
  "74": 4.745285987854004,
  "75": 4.94710373878479,
  "76": 4.791323184967041,
  "77": 4.953049182891846,
  "78": 4.781043767929077,
  "79": 5.110299587249756,
  "80": 4.811446905136108,
  "81": 4.808167457580566,
  "82": 5.107198476791382,
  "83": 5.168616771697998,
  "84": 4.729503870010376,
  "85": 4.75264835357666,
  "86": 4.7730185985565186,
  "87": 4.73928427696228,
  "88": 4.735042572021484,
  "89": 4.9561779499053955,
  "90": 4.9389283657073975,
  "91": 4.939554452896118,
  "92": 4.9486305713653564,
  "93": 4.733465194702148,
  "94": 5.008239507675171,
  "95": 5.1443705558776855,
  "96": 4.711951971054077,
  "97": 4.745325326919556,
  "98": 4.8312225341796875,
  "99": 4.784538269042969,
  "100": 4.773428440093994,
  "101": 4.786632299423218,
  "102": 4.784780502319336,
  "103": 4.835278034210205,
  "104": 4.833793878555298,
  "105": 4.963508367538452,
  "106": 5.1061553955078125,
  "107": 4.851572036743164,
  "108": 5.2222535610198975,
  "109": 4.737598896026611,
  "110": 4.717195987701416,
  "111": 4.722709894180298,
  "112": 4.840835809707642,
  "113": 4.794509172439575,
  "114": 4.830902099609375,
  "115": 4.740217924118042,
  "116": 4.934626817703247,
  "117": 4.7441565990448,
  "118": 5.140465497970581,
  "119": 4.772726535797119,
  "120": 4.795525312423706,
  "121": 4.9281697273254395,
  "122": 5.020453929901123,
  "123": 4.83987283706665,
  "124": 4.934172630310059,
  "125": 4.936508655548096,
  "126": 4.666535377502441,
  "127": 4.789822340011597,
  "128": 4.930536508560181,
  "129": 4.733806610107422,
  "130": 4.662099123001099,
  "131": 4.796327114105225,
  "132": 4.931736707687378,
  "133": 4.9287848472595215,
  "134": 4.747320175170898,
  "135": 4.735360383987427,
  "136": 4.662359952926636,
  "137": 4.715135335922241,
  "138": 4.754330635070801,
  "139": 5.120677947998047,
  "140": 4.81909966468811,
  "141": 4.928008079528809,
  "142": 4.650917291641235,
  "143": 4.961034297943115,
  "144": 4.7223851680755615,
  "145": 4.66443133354187,
  "146": 4.811509847640991,
  "147": 4.935197591781616,
  "148": 4.940300703048706,
  "149": 4.727662086486816,
  "150": 4.926633834838867,
  "151": 4.7478415966033936,
  "152": 4.851237535476685,
  "153": 5.052687644958496,
  "154": 4.826601266860962,
  "155": 4.927563905715942,
  "156": 4.779653787612915,
  "157": 4.9496071338653564,
  "158": 4.669422626495361,
  "159": 4.847301959991455,
  "160": 4.738066911697388,
  "161": 4.9295642375946045,
  "162": 5.1171581745147705,
  "163": 4.808483362197876,
  "164": 4.774227619171143,
  "165": 4.751094341278076,
  "166": 4.828648090362549,
  "167": 4.8462677001953125,
  "168": 4.73893141746521,
  "169": 4.848449230194092,
  "170": 4.743068218231201,
  "171": 4.741749286651611,
  "172": 5.136897325515747,
  "173": 4.790835618972778,
  "174": 5.05778956413269,
  "175": 5.049896955490112,
  "176": 4.930864095687866,
  "177": 4.935989856719971,
  "178": 4.816612243652344,
  "179": 4.747613430023193,
  "180": 5.132639408111572,
  "181": 4.718713283538818,
  "182": 4.7507548332214355,
  "183": 4.651105880737305,
  "184": 4.709086894989014,
  "185": 4.726199388504028,
  "186": 4.819386720657349,
  "187": 4.736402273178101,
  "188": 4.8461878299713135,
  "189": 4.748317003250122,
  "190": 4.840290307998657,
  "191": 4.730534553527832,
  "192": 4.800687313079834,
  "193": 5.199665546417236,
  "194": 4.717555999755859,
  "195": 5.051864147186279,
  "196": 4.7365968227386475,
  "197": 4.851306676864624,
  "198": 4.788739442825317,
  "199": 4.783050775527954,
  "200": 4.773836851119995,
  "201": 4.665802955627441,
  "202": 4.827706575393677,
  "203": 4.7507102489471436,
  "204": 5.009062051773071,
  "205": 4.831275224685669,
  "206": 4.7510809898376465,
  "207": 4.934946775436401,
  "208": 4.936723470687866,
  "209": 4.735047101974487,
  "210": 4.75317645072937,
  "211": 4.798866510391235,
  "212": 4.7350194454193115,
  "213": 4.749270439147949,
  "214": 4.944414138793945,
  "215": 4.820489406585693,
  "216": 4.793854475021362,
  "217": 4.770825624465942,
  "218": 4.717065811157227,
  "219": 4.655960559844971,
  "220": 5.032444715499878,
  "221": 4.852265119552612,
  "222": 4.729122161865234,
  "223": 4.930784225463867,
  "224": 4.938013792037964,
  "225": 5.058136463165283,
  "226": 4.955626487731934,
  "227": 4.9346184730529785,
  "228": 4.941443681716919,
  "229": 4.662646770477295,
  "230": 4.796733140945435,
  "231": 4.86817479133606,
  "232": 4.7537219524383545,
  "233": 5.201221942901611,
  "234": 5.0581512451171875,
  "235": 4.935883045196533,
  "236": 4.7493391036987305,
  "237": 4.779644250869751,
  "238": 4.731510400772095,
  "239": 4.751628875732422,
  "240": 4.929489374160767,
  "241": 4.9380693435668945,
  "242": 4.831017732620239,
  "243": 4.8425211906433105,
  "244": 4.707901954650879,
  "245": 4.779999732971191,
  "246": 4.966005086898804,
  "247": 4.931478261947632,
  "248": 0.5270938873291016,
  "249": 4.8059937953948975,
  "250": 4.92872953414917,
  "251": 4.730319023132324,
  "252": 4.830776214599609,
  "253": 4.828905820846558,
  "254": 5.145175218582153,
  "255": 4.851610898971558,
  "256": 4.738829135894775,
  "257": 4.843042850494385,
  "258": 4.8327484130859375,
  "259": 5.037034749984741,
  "260": 4.740593194961548,
  "261": 4.849968194961548,
  "262": 4.796621561050415,
  "263": 4.937371730804443,
  "264": 4.942134857177734,
  "265": 4.737922668457031,
  "266": 4.932839632034302,
  "267": 4.722667217254639,
  "268": 4.753235816955566,
  "269": 4.658657073974609,
  "270": 4.960236549377441,
  "271": 2.2186615467071533,
  "272": 4.949938774108887,
  "273": 4.955573081970215,
  "274": 4.789914846420288,
  "275": 4.934685945510864,
  "276": 5.011880397796631,
  "277": 4.784990310668945,
  "278": 4.9260663986206055,
  "279": 4.785224676132202,
  "280": 5.032655954360962,
  "281": 4.840963125228882,
  "282": 4.843888521194458,
  "283": 4.740090847015381,
  "284": 4.726062774658203,
  "285": 4.741742372512817,
  "286": 4.786842107772827,
  "287": 4.9642579555511475,
  "288": 4.655669689178467,