{
  "1": 9.970286846160889,
  "2": 0.6422715187072754,
  "3": 6.532367944717407,
  "4": 6.484750986099243,
  "5": 0.650902271270752,
  "6": 0.6663358211517334,
  "7": 0.802361249923706,
  "8": 6.394163608551025,
  "9": 0.6773788928985596,
  "10": 6.565661907196045,
  "11": 6.5734028816223145,
  "12": 6.57044529914856,
  "13": 0.7006206512451172,
  "14": 6.585805416107178,
  "15": 6.514529705047607,
  "16": 7.2952423095703125,
  "17": 0.9144139289855957,
  "18": 6.54602313041687,
  "19": 0.8445916175842285,
  "20": 6.494863271713257,
  "21": 0.6495909690856934,
  "22": 6.673115491867065,
  "23": 6.559781789779663,
  "24": 6.706887722015381,
  "25": 6.567863464355469,
  "26": 6.669189929962158,
  "27": 6.66344141960144,
  "28": 6.547075510025024,
  "29": 6.6051881313323975,
  "30": 6.534975290298462,
  "31": 6.632239818572998,
  "32": 0.7095823287963867,
  "33": 6.619208574295044,
  "34": 0.6681604385375977,
  "35": 0.7190127372741699,
  "36": 6.626554727554321,
  "37": 6.603195428848267,
  "38": 0.7537760734558105,
  "39": 0.7279360294342041,
  "40": 0.8567318916320801,
  "41": 6.589677572250366,
  "42": 0.7043592929840088,
  "43": 6.569056034088135,
  "44": 6.716652870178223,
  "45": 6.672695159912109,
  "46": 0.7427778244018555,
  "47": 0.7012782096862793,
  "48": 6.5686023235321045,
  "49": 6.574486017227173,
  "50": 0.6987154483795166,
  "51": 0.666452169418335,
  "52": 0.6277241706848145,
  "53": 0.7741105556488037,
  "54": 0.6563491821289062,
  "55": 0.6823680400848389,
  "56": 6.560004711151123,
  "57": 0.7339632511138916,
  "58": 6.879412651062012,
  "59": 7.487045526504517,
  "60": 6.63263726234436,
  "61": 6.548956871032715,
  "62": 0.8721685409545898,
  "63": 0.725963830947876,
  "64": 1.0709788799285889,
  "65": 6.626821041107178,
  "66": 6.459970235824585,
  "67": 6.781235694885254,
  "68": 6.543064832687378,
  "69": 6.606451988220215,
  "70": 6.622973203659058,
  "71": 0.6285641193389893,
  "72": 0.6317269802093506,
  "73": 6.437305212020874,
  "74": 6.498420238494873,
  "75": 0.6823992729187012,
  "76": 6.351297855377197,
  "77": 6.341350078582764,
  "78": 0.6964328289031982,
  "79": 0.784407377243042,
  "80": 6.311236381530762,
  "81": 6.532871246337891,
  "82": 0.9053449630737305,
  "83": 6.553100109100342,
  "84": 6.269438982009888,
  "85": 1.3303792476654053,
  "86": 7.416667699813843,
  "87": 6.606177806854248,
  "88": 6.533070802688599,
  "89": 6.590201139450073,
  "90": 6.747744560241699,
  "91": 6.599544525146484,
  "92": 0.7785115242004395,
  "93": 6.531694173812866,
  "94": 0.7044811248779297,
  "95": 0.788752555847168,
  "96": 0.8144254684448242,
  "97": 6.462265729904175,
  "98": 6.459987163543701,
  "99": 0.6789417266845703,
  "100": 0.6069660186767578,
  "101": 0.9858553409576416,
  "102": 6.382305860519409,
  "103": 6.468789577484131,
  "104": 0.9360642433166504,
  "105": 0.7086665630340576,
  "106": 6.691762685775757,
  "107": 6.597454309463501,
  "108": 6.841013431549072,
  "109": 0.6429581642150879,
  "110": 0.6325602531433105,
  "111": 0.6394720077514648,
  "112": 0.6699764728546143,
  "113": 0.8469150066375732,
  "114": 0.6662657260894775,
  "115": 6.61815619468689,
  "116": 0.7125887870788574,
  "117": 0.6245846748352051,
  "118": 0.7859847545623779,
  "119": 0.6508700847625732,
  "120": 6.3885414600372314,
  "121": 0.6697368621826172,
  "122": 0.7276556491851807,
  "123": 4.804125785827637,
  "124": 6.575754642486572,
  "125": 6.47516393661499,
  "126": 6.431424379348755,
  "127": 0.8672337532043457,
  "128": 0.708489179611206,
  "129": 0.7214720249176025,
  "130": 6.4320995807647705,
  "131": 6.680948257446289,
  "132": 6.77460789680481,
  "133": 7.238812446594238,
  "134": 6.441750526428223,
  "135": 6.503784656524658,
  "136": 6.3824403285980225,
  "137": 6.348392009735107,
  "138": 6.8307271003723145,
  "139": 0.8572039604187012,
  "140": 6.513139247894287,
  "141": 2.740480899810791,
  "142": 6.468775272369385,
  "143": 0.6764853000640869,
  "144": 6.518547058105469,
  "145": 6.459214687347412,
  "146": 0.6857132911682129,
  "147": 6.536988735198975,
  "148": 0.7169466018676758,
  "149": 0.670513391494751,
  "150": 6.655944585800171,
  "151": 0.6488056182861328,
  "152": 6.670593500137329,
  "153": 6.685164213180542,
  "154": 6.578316688537598,
  "155": 0.7320218086242676,
  "156": 6.358865737915039,
  "157": 6.4417405128479,
  "158": 2.18449330329895,
  "159": 7.024348497390747,
  "160": 6.402364253997803,
  "161": 6.528268337249756,
  "162": 0.8189959526062012,
  "163": 6.5259459018707275,
  "164": 1.0183038711547852,
  "165": 6.490142107009888,
  "166": 0.8395187854766846,
  "167": 6.511375427246094,
  "168": 0.6715242862701416,
  "169": 6.484431982040405,
  "170": 6.465020418167114,
  "171": 0.6901013851165771,
  "172": 0.7753345966339111,
  "173": 0.7999048233032227,
  "174": 6.510090589523315,
  "175": 6.582501649856567,
  "176": 6.468995809555054,
  "177": 0.7060122489929199,
  "178": 6.492785930633545,
  "179": 6.28541374206543,
  "180": 6.446042776107788,
  "181": 0.7643423080444336,
  "182": 6.263043165206909,
  "183": 6.189995527267456,
  "184": 0.6654548645019531,
  "185": 0.6185598373413086,
  "186": 0.6186554431915283,
  "187": 0.62060546875,
  "188": 6.306044340133667,
  "189": 6.284781217575073,
  "190": 6.327630519866943,
  "191": 6.268746376037598,
  "192": 0.6797165870666504,
  "193": 6.634491205215454,
  "194": 6.295924663543701,
  "195": 6.578845500946045,
  "196": 0.6422882080078125,
  "197": 0.6307191848754883,
  "198": 6.455379962921143,
  "199": 0.6832690238952637,
  "200": 0.8333320617675781,
  "201": 0.5938091278076172,
  "202": 6.877405405044556,
  "203": 0.6674134731292725,
  "204": 2.2869129180908203,
  "205": 0.6655206680297852,
  "206": 6.328679084777832,
  "207": 6.466872930526733,
  "208": 6.470730543136597,
  "209": 6.666268348693848,
  "210": 0.6584141254425049,
  "211": 0.7525296211242676,
  "212": 6.353086471557617,
  "213": 0.6058387756347656,
  "214": 0.7949566841125488,
  "215": 0.6668319702148438,
  "216": 0.6634998321533203,
  "217": 0.6521272659301758,
  "218": 6.43580174446106,
  "219": 6.3154826164245605,
  "220": 6.428004264831543,
  "221": 6.373108863830566,
  "222": 0.6813726425170898,
  "223": 6.477360486984253,
  "224": 6.542390584945679,
  "225": 6.5854010581970215,
  "226": 6.387223243713379,
  "227": 6.3478004932403564,
  "228": 6.407977819442749,
  "229": 0.5119142532348633,
  "230": 6.368993043899536,
  "231": 0.689507007598877,
  "232": 1.364914894104004,
  "233": 7.285576105117798,
  "234": 7.167913913726807,
  "235": 6.403040885925293,
  "236": 6.287038803100586,
  "237": 6.34927225112915,
  "238": 0.6369955539703369,
  "239": 6.337652683258057,
  "240": 6.417769908905029,
  "241": 6.483189105987549,
  "242": 6.379853963851929,
  "243": 0.6703698635101318,
  "244": 6.301527500152588,
  "245": 0.6685469150543213,
  "246": 6.372508525848389,
  "247": 6.536234617233276,
  "248": 6.438706398010254,
  "249": 0.836416482925415,
  "250": 6.3549206256866455,
  "251": 6.351061105728149,
  "252": 6.409165382385254,
  "253": 6.5981223583221436,
  "254": 6.4590253829956055,
  "255": 6.304074048995972,
  "256": 6.411858320236206,
  "257": 0.68099045753479,
  "258": 0.6182839870452881,
  "259": 6.414035320281982,
  "260": 0.6686642169952393,
  "261": 0.6211681365966797,
  "262": 6.441230773925781,
  "263": 0.6728894710540771,
  "264": 0.7039902210235596,
  "265": 0.5806856155395508,
  "266": 0.6548221111297607,
  "267": 6.443366765975952,
  "268": 6.3194990158081055,
  "269": 0.9903926849365234,
  "270": 0.700707197189331,
  "271": 7.535742282867432,
  "272": 6.5409650802612305,
  "273": 6.519601345062256,
  "274": 6.757702112197876,
  "275": 6.934412002563477,
  "276": 7.149785041809082,
  "277": 0.6319019794464111,
  "278": 0.7821292877197266,
  "279": 6.333731651306152,
  "280": 6.644186019897461,
  "281": 6.49059534072876,
  "282": 0.642265796661377,
  "283": 0.6243700981140137,
  "284": 0.617246150970459,
  "285": 0.9915332794189453,