{
  "average_f1": 0.25583951570004204,
  "average_f1_percent": 25.58,
  "total_evaluated": 500,
  "per_super_category": {
    "2hop": {
      "average_f1": 0.2519983518179613,
      "average_f1_percent": 25.2,
      "total_evaluated": 248
    },
    "answerable": {
      "average_f1": 0.3330658595000701,
      "average_f1_percent": 33.31,
      "total_evaluated": 300
    },
    "3hop": {
      "average_f1": 0.2924162509918324,
      "average_f1_percent": 29.24,
      "total_evaluated": 172
    },
    "4hop": {
      "average_f1": 0.18910714285714286,
      "average_f1_percent": 18.91,
      "total_evaluated": 80
    },
    "unanswerable": {
      "average_f1": 0.14,
      "average_f1_percent": 14.0,
      "total_evaluated": 200
    }
  }
}