{
  "1": 3.8540916442871094,
  "2": 0.3326547145843506,
  "3": 0.7112429141998291,
  "4": 1.4012188911437988,
  "5": 0.6259875297546387,
  "6": 0.4475841522216797,
  "7": 0.6848118305206299,
  "8": 4.9703428745269775,
  "9": 1.4992904663085938,
  "10": 0.588383674621582,
  "11": 0.4344358444213867,
  "12": 0.4509470462799072,
  "13": 0.4721808433532715,
  "14": 0.4762566089630127,
  "15": 4.907956123352051,
  "16": 0.4298543930053711,
  "17": 0.583690881729126,
  "18": 0.5146589279174805,
  "19": 0.5561530590057373,
  "20": 0.4332427978515625,
  "21": 0.5105719566345215,
  "22": 5.261627197265625,
  "23": 0.4734013080596924,
  "24": 0.6209924221038818,
  "25": 0.7378087043762207,
  "26": 0.5382270812988281,
  "27": 0.5244414806365967,
  "28": 5.041544675827026,
  "29": 0.4726402759552002,
  "30": 0.4797334671020508,
  "31": 0.4373960494995117,
  "32": 0.7981297969818115,
  "33": 0.4721505641937256,
  "34": 5.120375871658325,
  "35": 0.4095344543457031,
  "36": 0.5168163776397705,
  "37": 0.585975170135498,
  "38": 2.7234549522399902,
  "39": 0.4221618175506592,
  "40": 4.998012065887451,
  "41": 0.5085675716400146,
  "42": 0.4912288188934326,
  "43": 0.41120386123657227,
  "44": 5.102884769439697,
  "45": 0.45627331733703613,
  "46": 0.515761137008667,
  "47": 0.5229086875915527,
  "48": 0.45463061332702637,
  "49": 0.4028151035308838,
  "50": 0.4808473587036133,
  "51": 0.5452620983123779,
  "52": 0.45890188217163086,
  "53": 0.4724757671356201,
  "54": 0.4840259552001953,
  "55": 0.48804306983947754,
  "56": 0.49024224281311035,
  "57": 0.5277495384216309,
  "58": 0.5135319232940674,
  "59": 0.5898036956787109,
  "60": 0.8944659233093262,
  "61": 0.3825201988220215,
  "62": 0.5257143974304199,
  "63": 0.5778603553771973,
  "64": 0.8171250820159912,
  "65": 0.5238313674926758,
  "66": 0.5852258205413818,
  "67": 0.4843568801879883,
  "68": 5.151217937469482,
  "69": 0.5257642269134521,
  "70": 0.4791684150695801,
  "71": 0.4489619731903076,
  "72": 0.6043140888214111,
  "73": 3.8095169067382812,
  "74": 0.3875389099121094,
  "75": 1.8090734481811523,
  "76": 0.4451925754547119,
  "77": 0.5732884407043457,
  "78": 1.2079806327819824,
  "79": 0.5947797298431396,
  "80": 0.964806318283081,
  "81": 0.5214076042175293,
  "82": 0.5905330181121826,
  "83": 0.6066176891326904,
  "84": 0.48929619789123535,
  "85": 4.97968602180481,
  "86": 0.5906472206115723,
  "87": 0.45877742767333984,
  "88": 0.49372386932373047,
  "89": 0.5010519027709961,
  "90": 3.081392765045166,
  "91": 0.5356144905090332,
  "92": 1.5484890937805176,
  "93": 0.31241416931152344,
  "94": 5.220995664596558,
  "95": 2.412255048751831,
  "96": 0.48684167861938477,
  "97": 0.4601151943206787,
  "98": 0.4152979850769043,
  "99": 0.43962669372558594,
  "100": 0.3664381504058838,
  "101": 3.1713693141937256,
  "102": 0.407747745513916,
  "103": 0.5957045555114746,
  "104": 0.48792266845703125,
  "105": 0.46457934379577637,
  "106": 0.5941464900970459,
  "107": 0.4572575092315674,
  "108": 5.446098804473877,
  "109": 0.4609677791595459,
  "110": 0.45139026641845703,
  "111": 0.45178866386413574,
  "112": 0.675828218460083,
  "113": 0.5194346904754639,
  "114": 2.2294774055480957,
  "115": 4.9778125286102295,
  "116": 0.5358874797821045,
  "117": 0.46068811416625977,
  "118": 5.350194931030273,
  "119": 5.012405633926392,
  "120": 5.02506685256958,
  "121": 5.143421173095703,
  "122": 0.562556266784668,
  "123": 0.5067400932312012,
  "124": 0.5284976959228516,
  "125": 1.3933444023132324,
  "126": 0.5956017971038818,
  "127": 0.4827733039855957,
  "128": 0.5700275897979736,
  "129": 0.41840314865112305,
  "130": 3.306208610534668,
  "131": 0.6318187713623047,
  "132": 0.48212575912475586,
  "133": 0.6782703399658203,
  "134": 0.6074049472808838,
  "135": 4.96580958366394,
  "136": 0.4123985767364502,
  "137": 0.3774237632751465,
  "138": 0.6067872047424316,
  "139": 0.6721804141998291,
  "140": 0.5261027812957764,
  "141": 1.790968656539917,
  "142": 0.37284040451049805,
  "143": 0.5015361309051514,
  "144": 0.40592122077941895,
  "145": 0.48340344429016113,
  "146": 0.5236179828643799,
  "147": 0.5256292819976807,
  "148": 0.4868645668029785,
  "149": 0.4913980960845947,
  "150": 0.5230791568756104,
  "151": 0.5721836090087891,
  "152": 0.41428160667419434,
  "153": 0.6739044189453125,
  "154": 0.4484868049621582,
  "155": 0.5334787368774414,
  "156": 0.5179085731506348,
  "157": 0.5373480319976807,
  "158": 0.4848041534423828,
  "159": 0.4885287284851074,
  "160": 0.45804858207702637,
  "161": 0.5317142009735107,
  "162": 0.5948171615600586,
  "163": 0.9300501346588135,
  "164": 0.4797651767730713,
  "165": 0.46090126037597656,
  "166": 0.41428494453430176,
  "167": 3.6919779777526855,
  "168": 0.46228718757629395,
  "169": 0.49756598472595215,
  "170": 0.5701417922973633,
  "171": 0.4223170280456543,
  "172": 0.600996732711792,
  "173": 0.5934610366821289,
  "174": 0.5606238842010498,
  "175": 0.5928764343261719,
  "176": 5.147143840789795,
  "177": 0.5732753276824951,
  "178": 0.48775458335876465,
  "179": 0.42267465591430664,
  "180": 5.373084545135498,
  "181": 0.5631446838378906,
  "182": 0.6091442108154297,
  "183": 0.6977989673614502,
  "184": 0.521601676940918,
  "185": 0.4165945053100586,
  "186": 0.5992288589477539,
  "187": 4.967069387435913,
  "188": 1.4545233249664307,
  "189": 0.4247283935546875,
  "190": 0.49012064933776855,
  "191": 0.41663599014282227,
  "192": 0.4835970401763916,
  "193": 0.8212723731994629,
  "194": 0.5602421760559082,
  "195": 0.5577356815338135,
  "196": 4.594673156738281,
  "197": 0.46158432960510254,
  "198": 5.025442838668823,
  "199": 0.4833641052246094,
  "200": 0.4795420169830322,
  "201": 0.4476156234741211,
  "202": 0.48740243911743164,
  "203": 0.4240736961364746,
  "204": 0.5579607486724854,
  "205": 0.4895656108856201,
  "206": 0.45671749114990234,
  "207": 0.5684881210327148,
  "208": 0.4561774730682373,
  "209": 0.45538878440856934,
  "210": 0.42661237716674805,
  "211": 0.520256519317627,
  "212": 0.42051124572753906,
  "213": 0.4616739749908447,
  "214": 5.163479566574097,
  "215": 0.4872899055480957,
  "216": 0.40701842308044434,
  "217": 0.40604114532470703,
  "218": 4.932823896408081,
  "219": 4.861902475357056,
  "220": 0.6706597805023193,
  "221": 5.08354377746582,
  "222": 0.4928269386291504,
  "223": 0.4897894859313965,
  "224": 1.0897853374481201,
  "225": 0.7935268878936768,
  "226": 0.5399730205535889,
  "227": 5.153341054916382,
  "228": 0.5748484134674072,
  "229": 0.3733839988708496,
  "230": 0.48352742195129395,
  "231": 5.064663410186768,
  "232": 0.4660468101501465,
  "233": 5.4193642139434814,
  "234": 0.5635397434234619,
  "235": 0.45417046546936035,
  "236": 0.4610292911529541,
  "237": 0.44299960136413574,
  "238": 0.4196631908416748,
  "239": 0.571131706237793,
  "240": 0.5298810005187988,
  "241": 0.496401309967041,
  "242": 0.526909589767456,
  "243": 0.5265605449676514,
  "244": 0.630441427230835,
  "245": 0.40077638626098633,
  "246": 0.5781068801879883,
  "247": 0.6074957847595215,
  "248": 5.048346996307373,
  "249": 2.176085948944092,
  "250": 0.5308914184570312,
  "251": 0.45417022705078125,
  "252": 0.6008679866790771,
  "253": 0.4891061782836914,
  "254": 0.6019270420074463,
  "255": 0.3838074207305908,
  "256": 2.1040303707122803,
  "257": 0.45238471031188965,
  "258": 0.4890162944793701,
  "259": 0.48634791374206543,
  "260": 0.4581027030944824,
  "261": 0.4589214324951172,
  "262": 0.47615814208984375,
  "263": 0.5331816673278809,
  "264": 0.5746681690216064,
  "265": 0.42269062995910645,
  "266": 0.4938080310821533,
  "267": 4.95328688621521,
  "268": 0.4671027660369873,
  "269": 0.5177171230316162,
  "270": 0.5759637355804443,
  "271": 0.6341404914855957,
  "272": 0.6135828495025635,
  "273": 0.5379838943481445,
  "274": 0.47610020637512207,
  "275": 0.524000883102417,
  "276": 0.7380032539367676,
  "277": 5.019411087036133,
  "278": 0.5677740573883057,
  "279": 5.024737596511841,