{
  "1": 12.22683572769165,
  "2": 5.679901123046875,
  "3": 5.729047536849976,
  "4": 5.66077184677124,
  "5": 5.649977445602417,
  "6": 5.791786193847656,
  "7": 5.927108287811279,
  "8": 5.919079780578613,
  "9": 5.826767444610596,
  "10": 5.803483963012695,
  "11": 5.729090452194214,
  "12": 5.735278129577637,
  "13": 5.763932228088379,
  "14": 5.816429615020752,
  "15": 5.769606828689575,
  "16": 5.866286516189575,
  "17": 5.851736545562744,
  "18": 5.826409578323364,
  "19": 5.7045979499816895,
  "20": 6.99621057510376,
  "21": 5.744041919708252,
  "22": 5.753106594085693,
  "23": 5.710716485977173,
  "24": 5.726526260375977,
  "25": 5.69146990776062,
  "26": 5.679040431976318,
  "27": 5.729875802993774,
  "28": 5.6824047565460205,
  "29": 5.707402467727661,
  "30": 5.670794248580933,
  "31": 5.636052131652832,
  "32": 7.279045104980469,
  "33": 7.540912866592407,
  "34": 7.455235242843628,
  "35": 7.420360803604126,
  "36": 7.545126676559448,
  "37": 7.429722547531128,
  "38": 7.466154098510742,
  "39": 7.430497169494629,
  "40": 7.4484899044036865,
  "41": 7.493196249008179,
  "42": 7.499894618988037,
  "43": 7.397692680358887,
  "44": 7.383548021316528,
  "45": 7.420728445053101,
  "46": 7.6935625076293945,
  "47": 7.779706716537476,
  "48": 7.711781978607178,
  "49": 7.4495344161987305,
  "50": 7.429218530654907,
  "51": 7.7052226066589355,
  "52": 7.496452808380127,
  "53": 7.574280023574829,
  "54": 7.4794347286224365,
  "55": 7.506226062774658,
  "56": 8.442269563674927,
  "57": 7.495866537094116,
  "58": 7.5566065311431885,
  "59": 7.595409870147705,
  "60": 7.433827877044678,
  "61": 7.415766000747681,
  "62": 7.445039749145508,
  "63": 7.397964239120483,
  "64": 7.4894092082977295,
  "65": 7.754344940185547,
  "66": 7.523717164993286,
  "67": 7.438602447509766,
  "68": 7.546334266662598,
  "69": 7.745221853256226,
  "70": 7.452875375747681,
  "71": 7.432414293289185,
  "72": 7.437187433242798,
  "73": 7.40869927406311,
  "74": 7.423396825790405,
  "75": 7.472524642944336,
  "76": 7.457303762435913,
  "77": 7.496347904205322,
  "78": 7.430287599563599,
  "79": 7.480952739715576,
  "80": 7.66315484046936,
  "81": 7.553635120391846,
  "82": 7.593038082122803,
  "83": 7.65526270866394,
  "84": 7.575077772140503,
  "85": 7.646199464797974,
  "86": 7.54380989074707,
  "87": 7.478343725204468,
  "88": 7.390156030654907,
  "89": 7.440798044204712,
  "90": 7.725358486175537,
  "91": 7.523597717285156,
  "92": 7.491045951843262,
  "93": 7.49998927116394,
  "94": 7.509170293807983,
  "95": 7.525957345962524,
  "96": 7.462219953536987,
  "97": 7.44608211517334,
  "98": 7.475713729858398,
  "99": 7.4758994579315186,
  "100": 7.439158201217651,
  "101": 7.399473190307617,
  "102": 7.420883417129517,
  "103": 7.380959510803223,
  "104": 7.36588454246521,
  "105": 7.762166976928711,
  "106": 7.758406162261963,
  "107": 7.487728595733643,
  "108": 7.514215469360352,
  "109": 7.554816484451294,
  "110": 7.851008892059326,
  "111": 7.496805191040039,
  "112": 7.484269857406616,
  "113": 7.423296213150024,
  "114": 7.50805139541626,
  "115": 7.497442722320557,
  "116": 7.526008605957031,
  "117": 6.606577157974243,
  "118": 7.50694727897644,
  "119": 7.451935052871704,
  "120": 7.439112901687622,
  "121": 7.497456312179565,
  "122": 7.461090803146362,
  "123": 7.476576328277588,
  "124": 7.640003442764282,
  "125": 7.835031986236572,
  "126": 7.620182275772095,
  "127": 7.591930150985718,
  "128": 7.628532886505127,
  "129": 7.530606508255005,
  "130": 7.586005449295044,
  "131": 7.78632378578186,
  "132": 7.796154737472534,
  "133": 7.597938299179077,
  "134": 7.549509525299072,
  "135": 7.4687278270721436,
  "136": 7.4478490352630615,
  "137": 7.618928909301758,
  "138": 7.790819406509399,
  "139": 7.584283828735352,
  "140": 7.712035894393921,
  "141": 7.675640821456909,
  "142": 7.4392077922821045,
  "143": 7.6398866176605225,
  "144": 7.817136526107788,
  "145": 7.438785791397095,
  "146": 7.473357677459717,
  "147": 7.490624904632568,
  "148": 7.500389337539673,
  "149": 7.436061859130859,
  "150": 7.488862037658691,
  "151": 7.468054294586182,
  "152": 7.5656609535217285,
  "153": 7.726689338684082,
  "154": 7.435854196548462,
  "155": 7.481626987457275,
  "156": 7.472415208816528,
  "157": 7.4734883308410645,
  "158": 7.463299989700317,
  "159": 7.690492391586304,
  "160": 7.650146961212158,
  "161": 7.676591634750366,
  "162": 7.494909763336182,
  "163": 7.411252021789551,
  "164": 7.59108567237854,
  "165": 7.6327619552612305,
  "166": 7.73798394203186,
  "167": 7.686017274856567,
  "168": 7.680750131607056,
  "169": 7.719651222229004,
  "170": 7.762828588485718,
  "171": 7.783265829086304,
  "172": 7.832975387573242,
  "173": 7.757969617843628,
  "174": 7.8789215087890625,
  "175": 7.822026968002319,
  "176": 7.773771524429321,
  "177": 7.751276254653931,
  "178": 8.094824075698853,
  "179": 7.55400013923645,
  "180": 6.030279636383057,
  "181": 5.850336313247681,
  "182": 5.897252559661865,
  "183": 5.942358016967773,
  "184": 5.8801939487457275,
  "185": 5.848103284835815,
  "186": 5.857145071029663,
  "187": 6.002348899841309,
  "188": 6.043128252029419,
  "189": 5.768922328948975,
  "190": 5.787080526351929,
  "191": 5.693322420120239,
  "192": 5.644463062286377,
  "193": 5.799744367599487,
  "194": 6.934719800949097,
  "195": 5.845128536224365,
  "196": 5.918478727340698,
  "197": 5.747819185256958,
  "198": 5.752290725708008,
  "199": 5.571068048477173,
  "200": 5.679596662521362,
  "201": 5.7867467403411865,
  "202": 5.650798320770264,
  "203": 5.650076389312744,
  "204": 5.6857075691223145,
  "205": 5.6664183139801025,
  "206": 5.667108774185181,
  "207": 5.648200273513794,
  "208": 5.650160789489746,
  "209": 5.746911287307739,
  "210": 5.659759283065796,
  "211": 5.636727333068848,
  "212": 5.787070035934448,
  "213": 5.7252418994903564,
  "214": 5.790558338165283,
  "215": 5.773257255554199,
  "216": 5.84015965461731,
  "217": 5.638783693313599,
  "218": 5.810084819793701,
  "219": 5.809751033782959,
  "220": 5.707977533340454,
  "221": 5.881516933441162,
  "222": 5.886816024780273,
  "223": 5.685128688812256,
  "224": 5.82623028755188,
  "225": 5.926234006881714,
  "226": 5.729328870773315,
  "227": 5.952899217605591,
  "228": 5.724440097808838,
  "229": 5.789623498916626,
  "230": 6.864580154418945,
  "231": 5.820332050323486,
  "232": 5.934345483779907,
  "233": 5.84291672706604,
  "234": 6.184204339981079,
  "235": 5.704073667526245,
  "236": 5.7516984939575195,
  "237": 5.680087327957153,
  "238": 5.728848934173584,
  "239": 5.64955735206604,
  "240": 5.666603326797485,
  "241": 5.788070917129517,
  "242": 5.680180311203003,
  "243": 5.730125904083252,
  "244": 5.678344249725342,
  "245": 5.657705783843994,
  "246": 5.683392286300659,
  "247": 5.690582275390625,
  "248": 5.785338401794434,
  "249": 5.742410898208618,
  "250": 5.692645788192749,
  "251": 5.596534013748169,
  "252": 5.631637811660767,
  "253": 4.933674335479736,
  "254": 5.722710847854614,
  "255": 5.655197858810425,
  "256": 5.636963367462158,
  "257": 5.660656690597534,
  "258": 5.688771724700928,
  "259": 5.959920406341553,
  "260": 5.633089542388916,
  "261": 5.9011547565460205,
  "262": 5.648583173751831,
  "263": 5.895527362823486,
  "264": 5.797701358795166,
  "265": 5.9480061531066895,
  "266": 5.896471977233887,
  "267": 5.919445276260376,
  "268": 5.924597978591919,
  "269": 5.919486045837402,
  "270": 5.949303865432739,
  "271": 6.017965316772461,
  "272": 5.8389363288879395,
  "273": 5.851266622543335,
  "274": 6.182221174240112,
  "275": 5.828273296356201,
  "276": 5.70814847946167,
  "277": 5.625745058059692,
  "278": 5.647906064987183,
  "279": 5.8626463413238525,
  "280": 5.915663719177246,
  "281": 5.868411064147949,
  "282": 5.69500994682312,
  "283": 5.6905577182769775,
  "284": 5.663669586181641,
  "285": 5.849420547485352,
  "286": 5.726381778717041,
  "287": 5.729562282562256,
  "288": 5.681960105895996,
  "289": 5.838191747665405,