{
  "1": 11.622978210449219,
  "2": 4.57482385635376,
  "3": 4.633046627044678,
  "4": 5.021305084228516,
  "5": 4.646265268325806,
  "6": 4.635840654373169,
  "7": 4.640323877334595,
  "8": 4.614155530929565,
  "9": 4.626591682434082,
  "10": 4.7309746742248535,
  "11": 4.657961845397949,
  "12": 4.534109115600586,
  "13": 4.544092655181885,
  "14": 4.504744291305542,
  "15": 4.628342628479004,
  "16": 4.5693888664245605,
  "17": 4.677518129348755,
  "18": 4.4866251945495605,
  "19": 4.5611090660095215,
  "20": 4.5564398765563965,
  "21": 4.6694934368133545,
  "22": 4.668158292770386,
  "23": 4.640542030334473,
  "24": 4.661043643951416,
  "25": 4.659119367599487,
  "26": 4.6376965045928955,
  "27": 4.730181694030762,
  "28": 4.806927680969238,
  "29": 4.833982944488525,
  "30": 4.744441509246826,
  "31": 4.727889776229858,
  "32": 4.771697521209717,
  "33": 4.840026617050171,
  "34": 4.735883951187134,
  "35": 4.67242431640625,
  "36": 4.829373598098755,
  "37": 4.735070466995239,
  "38": 4.682603359222412,
  "39": 4.7525177001953125,
  "40": 4.607604742050171,
  "41": 4.77329421043396,
  "42": 4.664348602294922,
  "43": 4.769438028335571,
  "44": 4.698030233383179,
  "45": 4.718526840209961,
  "46": 4.7011332511901855,
  "47": 4.716869831085205,
  "48": 4.695503234863281,
  "49": 4.774014472961426,
  "50": 4.434128046035767,
  "51": 4.401787281036377,
  "52": 4.3792884349823,
  "53": 4.447143793106079,
  "54": 4.37047553062439,
  "55": 4.4176836013793945,
  "56": 4.384181022644043,
  "57": 4.428176403045654,
  "58": 4.314162731170654,
  "59": 4.442376613616943,
  "60": 4.394527196884155,
  "61": 4.391197443008423,
  "62": 4.384000778198242,
  "63": 4.42521333694458,
  "64": 4.474243402481079,
  "65": 4.381383180618286,
  "66": 4.398627758026123,
  "67": 4.379317283630371,
  "68": 4.435872316360474,
  "69": 4.416424036026001,
  "70": 4.383701801300049,
  "71": 4.388487815856934,
  "72": 4.386727809906006,
  "73": 4.33636474609375,
  "74": 4.416163921356201,
  "75": 4.392218112945557,
  "76": 4.371212005615234,
  "77": 4.385815620422363,
  "78": 4.382866382598877,
  "79": 4.404321670532227,
  "80": 4.425734043121338,
  "81": 4.360352993011475,
  "82": 4.440477609634399,
  "83": 4.444003582000732,
  "84": 4.346077919006348,
  "85": 4.402208566665649,
  "86": 4.374887228012085,
  "87": 4.406888723373413,
  "88": 4.312084197998047,
  "89": 4.420781135559082,
  "90": 4.4099907875061035,
  "91": 4.417403936386108,
  "92": 4.3826744556427,
  "93": 4.418594837188721,
  "94": 4.400500774383545,
  "95": 4.459274053573608,
  "96": 4.364970684051514,
  "97": 4.377361297607422,
  "98": 4.416280508041382,
  "99": 4.362521648406982,
  "100": 4.432016372680664,
  "101": 4.339911937713623,
  "102": 4.382813453674316,
  "103": 4.404383897781372,
  "104": 4.388667583465576,
  "105": 4.4057323932647705,
  "106": 4.398669242858887,
  "107": 4.421562433242798,
  "108": 4.442936658859253,
  "109": 4.395351886749268,
  "110": 4.339099645614624,
  "111": 4.353243827819824,
  "112": 4.421302795410156,
  "113": 4.389008522033691,
  "114": 4.355014801025391,
  "115": 4.394449949264526,
  "116": 4.381873607635498,
  "117": 4.418028354644775,
  "118": 4.417020559310913,
  "119": 4.378376722335815,
  "120": 4.416727304458618,
  "121": 4.381263256072998,
  "122": 4.443051338195801,
  "123": 4.387245178222656,
  "124": 4.435433387756348,
  "125": 4.377296447753906,
  "126": 4.362519979476929,
  "127": 4.369772434234619,
  "128": 4.397029399871826,
  "129": 4.367994546890259,
  "130": 4.355355262756348,
  "131": 4.418696165084839,
  "132": 4.385654926300049,
  "133": 4.4032933712005615,
  "134": 4.368736505508423,
  "135": 4.39646315574646,
  "136": 4.343254327774048,
  "137": 4.39198112487793,
  "138": 4.388116836547852,
  "139": 4.455165147781372,
  "140": 4.385314226150513,
  "141": 4.430124998092651,
  "142": 4.380742311477661,
  "143": 4.4260783195495605,
  "144": 4.3537046909332275,
  "145": 4.358865261077881,
  "146": 4.4110565185546875,
  "147": 4.380156755447388,
  "148": 4.439796686172485,
  "149": 4.352575063705444,
  "150": 4.385620832443237,
  "151": 4.419040679931641,
  "152": 4.431862115859985,
  "153": 4.434734344482422,
  "154": 4.385013818740845,
  "155": 4.438896894454956,
  "156": 4.376652240753174,
  "157": 4.435546398162842,
  "158": 4.3650782108306885,
  "159": 4.441761493682861,
  "160": 4.353230237960815,
  "161": 4.388424873352051,
  "162": 4.368924856185913,
  "163": 4.394421339035034,
  "164": 4.369654893875122,
  "165": 4.389901399612427,
  "166": 4.3649742603302,
  "167": 4.429400205612183,
  "168": 4.369580030441284,
  "169": 4.426710367202759,
  "170": 4.346158266067505,
  "171": 4.401833772659302,
  "172": 4.415415287017822,
  "173": 4.39824104309082,
  "174": 4.42647647857666,
  "175": 4.44828987121582,
  "176": 4.3854100704193115,
  "177": 4.36111855506897,
  "178": 4.407579660415649,
  "179": 4.375343561172485,
  "180": 4.469969749450684,
  "181": 4.338211536407471,
  "182": 4.4103639125823975,
  "183": 4.354858160018921,
  "184": 4.385213136672974,
  "185": 4.345967531204224,
  "186": 4.414907693862915,
  "187": 4.372176885604858,
  "188": 4.3970019817352295,
  "189": 4.337260961532593,
  "190": 4.414112567901611,
  "191": 4.3522655963897705,
  "192": 4.356197357177734,
  "193": 4.481469392776489,
  "194": 4.351878643035889,
  "195": 4.464102029800415,
  "196": 4.3388543128967285,
  "197": 4.439570903778076,
  "198": 4.343674659729004,
  "199": 4.401191711425781,
  "200": 4.359592914581299,
  "201": 4.3826587200164795,
  "202": 4.382690191268921,
  "203": 4.388825178146362,
  "204": 4.409879684448242,
  "205": 4.469646692276001,
  "206": 4.494776487350464,
  "207": 4.48868203163147,
  "208": 4.400109052658081,
  "209": 4.38476037979126,
  "210": 4.416728258132935,
  "211": 4.385422945022583,
  "212": 4.434024333953857,
  "213": 4.367198467254639,
  "214": 4.4637556076049805,
  "215": 4.366499185562134,
  "216": 4.414371013641357,
  "217": 4.372329950332642,
  "218": 4.390650033950806,
  "219": 4.3156421184539795,
  "220": 4.444254398345947,
  "221": 4.381750106811523,
  "222": 4.34187912940979,
  "223": 4.43779993057251,
  "224": 4.39471697807312,
  "225": 4.507046222686768,
  "226": 4.393235206604004,
  "227": 4.4832563400268555,
  "228": 4.369693994522095,
  "229": 4.4248926639556885,
  "230": 4.334048509597778,
  "231": 4.415989875793457,
  "232": 4.3644959926605225,
  "233": 4.453486919403076,
  "234": 4.418315172195435,
  "235": 4.415673732757568,
  "236": 4.385328054428101,
  "237": 4.348887205123901,
  "238": 4.4354119300842285,
  "239": 4.347645282745361,
  "240": 4.359858751296997,
  "241": 4.467560052871704,
  "242": 4.331538200378418,
  "243": 4.4326393604278564,
  "244": 4.3344340324401855,
  "245": 4.40944766998291,
  "246": 4.392503499984741,
  "247": 4.445667505264282,
  "248": 4.359830856323242,
  "249": 4.379742383956909,
  "250": 4.434128284454346,
  "251": 4.352149963378906,
  "252": 4.417496919631958,
  "253": 4.353506326675415,
  "254": 4.50558066368103,
  "255": 4.346431016921997,
  "256": 4.433413028717041,
  "257": 4.386328220367432,
  "258": 4.419013500213623,
  "259": 4.402502059936523,
  "260": 4.424941778182983,
  "261": 4.3982298374176025,
  "262": 4.4088029861450195,
  "263": 4.377002954483032,
  "264": 4.421879768371582,
  "265": 4.37049126625061,
  "266": 4.3787336349487305,
  "267": 4.348349332809448,
  "268": 4.408316612243652,
  "269": 4.35962986946106,
  "270": 4.391635894775391,
  "271": 4.403745174407959,
  "272": 4.407773971557617,
  "273": 4.400593042373657,
  "274": 4.387001276016235,
  "275": 4.397388935089111,
  "276": 4.436032056808472,
  "277": 4.3793816566467285,
  "278": 4.377598762512207,
  "279": 4.43372368812561,
  "280": 4.402568817138672,
  "281": 4.412070035934448,
  "282": 4.39297342300415,
  "283": 4.376697540283203,
  "284": 4.384812593460083,
  "285": 4.373473167419434,
  "286": 4.425411939620972,
  "287": 4.402885675430298,
  "288": 4.39165186882019,
  "289": 4.3284149169921875,