{
  "average_f1": 0.05158206010127116,
  "average_f1_percent": 5.16,
  "total_evaluated": 500,
  "per_super_category": {
    "2hop": {
      "average_f1": 0.07156870877175638,
      "average_f1_percent": 7.16,
      "total_evaluated": 248
    },
    "answerable": {
      "average_f1": 0.08263676683545193,
      "average_f1_percent": 8.26,
      "total_evaluated": 300
    },
    "3hop": {
      "average_f1": 0.023597320021586675,
      "average_f1_percent": 2.36,
      "total_evaluated": 172
    },
    "4hop": {
      "average_f1": 0.04979064039408867,
      "average_f1_percent": 4.98,
      "total_evaluated": 80
    },
    "unanswerable": {
      "average_f1": 0.005,
      "average_f1_percent": 0.5,
      "total_evaluated": 200
    }
  }
}