{
  "1": 8.18568229675293,
  "2": 6.364349603652954,
  "3": 6.324954986572266,
  "4": 6.285518169403076,
  "5": 6.209465265274048,
  "6": 6.394887447357178,
  "7": 6.37613582611084,
  "8": 6.565190315246582,
  "9": 6.677057266235352,
  "10": 6.838509798049927,
  "11": 6.8753039836883545,
  "12": 6.846574544906616,
  "13": 6.830231189727783,
  "14": 6.895440578460693,
  "15": 6.713564395904541,
  "16": 6.8348774909973145,
  "17": 6.835851430892944,
  "18": 6.8934712409973145,
  "19": 6.844532012939453,
  "20": 6.712347984313965,
  "21": 6.906132698059082,
  "22": 6.922804355621338,
  "23": 6.640329599380493,
  "24": 7.0880982875823975,
  "25": 6.640753507614136,
  "26": 6.606778383255005,
  "27": 6.394580125808716,
  "28": 6.355353832244873,
  "29": 6.452996253967285,
  "30": 6.391771554946899,
  "31": 6.380627155303955,
  "32": 6.410166263580322,
  "33": 6.341439247131348,
  "34": 6.3925676345825195,
  "35": 6.3785319328308105,
  "36": 6.481103420257568,
  "37": 6.359575033187866,
  "38": 6.372973442077637,
  "39": 6.442579030990601,
  "40": 6.573590040206909,
  "41": 6.865863561630249,
  "42": 6.86070442199707,
  "43": 6.9253599643707275,
  "44": 6.871236324310303,
  "45": 7.0282511711120605,
  "46": 6.810577154159546,
  "47": 6.88446569442749,
  "48": 6.815791606903076,
  "49": 6.877990245819092,
  "50": 6.982380151748657,
  "51": 6.976282835006714,
  "52": 6.926151990890503,
  "53": 7.022584438323975,
  "54": 6.710155963897705,
  "55": 6.3559911251068115,
  "56": 6.524383068084717,
  "57": 6.306438207626343,
  "58": 6.179638385772705,
  "59": 6.344666242599487,
  "60": 6.127534627914429,
  "61": 6.117009878158569,
  "62": 6.193418741226196,
  "63": 6.300045967102051,
  "64": 6.370530605316162,
  "65": 6.334112882614136,
  "66": 6.212165355682373,
  "67": 6.176838636398315,
  "68": 6.325384140014648,
  "69": 6.268706798553467,
  "70": 6.248410224914551,
  "71": 6.224415063858032,
  "72": 6.531507730484009,
  "73": 6.413352966308594,
  "74": 6.591470718383789,
  "75": 6.673648834228516,
  "76": 6.556012153625488,
  "77": 6.627960681915283,
  "78": 6.586440324783325,
  "79": 7.147156000137329,
  "80": 6.863393068313599,
  "81": 6.8601813316345215,
  "82": 6.876073122024536,
  "83": 6.975398540496826,
  "84": 6.960752964019775,
  "85": 6.730602502822876,
  "86": 6.732166051864624,
  "87": 6.880048990249634,
  "88": 6.470036029815674,
  "89": 6.568516731262207,
  "90": 6.396239757537842,
  "91": 6.918065786361694,
  "92": 6.51257848739624,
  "93": 7.028275489807129,
  "94": 6.977818727493286,
  "95": 6.986833572387695,
  "96": 6.861855745315552,
  "97": 7.016914367675781,
  "98": 6.9505040645599365,
  "99": 6.197659254074097,
  "100": 6.71364688873291,
  "101": 6.163911581039429,
  "102": 6.193511486053467,
  "103": 6.236111164093018,
  "104": 6.677502632141113,
  "105": 6.72010064125061,
  "106": 6.661911487579346,
  "107": 6.631515026092529,
  "108": 7.090710878372192,
  "109": 6.8641533851623535,
  "110": 6.709774494171143,
  "111": 6.813978433609009,
  "112": 6.609657049179077,
  "113": 6.949662446975708,
  "114": 7.028801441192627,
  "115": 7.2145280838012695,
  "116": 6.991257667541504,
  "117": 6.915543556213379,
  "118": 7.129499912261963,
  "119": 6.86496639251709,
  "120": 6.888657331466675,
  "121": 6.74240779876709,
  "122": 7.366251230239868,
  "123": 6.545070648193359,
  "124": 6.471424341201782,
  "125": 6.6102683544158936,
  "126": 6.3523077964782715,
  "127": 6.489634037017822,
  "128": 6.31123423576355,
  "129": 6.272593021392822,
  "130": 6.450242757797241,
  "131": 6.3643958568573,
  "132": 6.349508047103882,
  "133": 6.667937755584717,
  "134": 6.230794191360474,
  "135": 6.226568222045898,
  "136": 6.232215404510498,
  "137": 6.541518688201904,
  "138": 6.470049142837524,
  "139": 6.723626613616943,
  "140": 6.584205865859985,
  "141": 6.553321361541748,
  "142": 6.664430141448975,
  "143": 6.849836587905884,
  "144": 6.880634069442749,
  "145": 6.8826234340667725,
  "146": 7.046106576919556,
  "147": 6.989594459533691,
  "148": 6.495993614196777,
  "149": 6.519902944564819,
  "150": 6.8198347091674805,
  "151": 6.895135164260864,
  "152": 6.85573673248291,
  "153": 7.093811273574829,
  "154": 6.622730016708374,
  "155": 6.5042030811309814,
  "156": 6.556368112564087,
  "157": 6.705310583114624,
  "158": 6.409956216812134,
  "159": 8.12669038772583,
  "160": 6.397444725036621,
  "161": 6.57582950592041,
  "162": 6.381819009780884,
  "163": 6.521649122238159,
  "164": 6.282160043716431,
  "165": 6.1819446086883545,
  "166": 6.480992078781128,
  "167": 5.99967360496521,
  "168": 5.958692312240601,
  "169": 5.966440439224243,
  "170": 6.025588274002075,
  "171": 6.352386236190796,
  "172": 6.462416887283325,
  "173": 6.450573444366455,
  "174": 6.744845867156982,
  "175": 6.440767049789429,
  "176": 6.657262802124023,
  "177": 6.461986303329468,
  "178": 6.642158508300781,
  "179": 6.427505016326904,
  "180": 6.5098512172698975,
  "181": 6.695576429367065,
  "182": 6.667542934417725,
  "183": 6.661243438720703,
  "184": 6.599246025085449,
  "185": 6.747549295425415,
  "186": 7.070224285125732,
  "187": 6.734966278076172,
  "188": 6.434560298919678,
  "189": 6.404750347137451,
  "190": 6.485594034194946,
  "191": 6.402810335159302,
  "192": 6.395639896392822,
  "193": 6.734173536300659,
  "194": 6.392079591751099,
  "195": 6.553731203079224,
  "196": 6.503859996795654,
  "197": 6.401596784591675,
  "198": 6.405494213104248,
  "199": 6.32948637008667,
  "200": 6.258304834365845,
  "201": 6.168748378753662,
  "202": 6.221740484237671,
  "203": 6.478259086608887,
  "204": 6.596429824829102,
  "205": 7.327157735824585,
  "206": 6.874049425125122,
  "207": 6.845755100250244,
  "208": 6.762245178222656,
  "209": 7.219941854476929,
  "210": 7.11307430267334,
  "211": 6.8411641120910645,
  "212": 6.605959177017212,
  "213": 6.8890697956085205,
  "214": 7.399309873580933,
  "215": 6.373569488525391,
  "216": 6.618236303329468,
  "217": 7.114845037460327,
  "218": 6.927454710006714,
  "219": 6.8301732540130615,
  "220": 6.96986198425293,
  "221": 6.475145578384399,
  "222": 6.88438606262207,
  "223": 6.834176778793335,
  "224": 6.487859010696411,
  "225": 6.499098062515259,
  "226": 6.500516414642334,
  "227": 6.507484436035156,
  "228": 6.450586318969727,
  "229": 6.587972164154053,
  "230": 6.605304002761841,
  "231": 6.333404779434204,
  "232": 6.45125150680542,
  "233": 6.372202157974243,
  "234": 6.337515592575073,
  "235": 6.444614887237549,
  "236": 6.394092798233032,
  "237": 6.438558340072632,
  "238": 6.890413999557495,
  "239": 6.961745262145996,
  "240": 7.012994766235352,
  "241": 7.332872629165649,
  "242": 7.500709772109985,
  "243": 7.100131511688232,
  "244": 6.433971166610718,
  "245": 6.517287015914917,
  "246": 6.8188087940216064,
  "247": 6.8966453075408936,
  "248": 6.984785318374634,
  "249": 6.695323467254639,
  "250": 6.793626546859741,
  "251": 6.742711067199707,
  "252": 6.572377681732178,
  "253": 7.162437200546265,
  "254": 6.971684694290161,
  "255": 6.845407485961914,
  "256": 6.78582239151001,
  "257": 6.576800584793091,
  "258": 6.596282243728638,
  "259": 6.597334146499634,
  "260": 6.739274740219116,
  "261": 6.46223258972168,
  "262": 6.5595903396606445,
  "263": 6.643152952194214,
  "264": 6.4473795890808105,
  "265": 6.5238940715789795,
  "266": 6.473066568374634,
  "267": 6.546475410461426,
  "268": 6.5273215770721436,
  "269": 6.763802766799927,
  "270": 7.071044445037842,
  "271": 7.120572328567505,
  "272": 7.130958557128906,
  "273": 7.120356798171997,
  "274": 7.097719430923462,
  "275": 7.264313697814941,
  "276": 7.178112983703613,
  "277": 7.173408269882202,
  "278": 7.067081451416016,
  "279": 6.486080169677734,
  "280": 7.340177297592163,
  "281": 6.963299751281738,
  "282": 6.754655361175537,
  "283": 7.212217569351196,
  "284": 6.850366830825806,
  "285": 6.7718727588653564,
  "286": 7.089378118515015,
  "287": 7.466024398803711,
  "288": 6.819291114807129,
  "289": 7.042464256286621,